"DESCRIPTION","DURATION IN MS","NAME","PARENT SUITE","START TIME","STATUS","STOP TIME","SUB SUITE","SUITE","TEST CLASS","TEST METHOD"
"","6955","GLOBAL | main page | footer | socialMediaBar | logo","chromium-FCA-en-unauthorised","2026-09-30","passed","2026-09-30","","cta/generated.cta.spec.js","",""
"","7135","GLOBAL | main page | footer | riskWarningBlock | sitemapLink","chromium-SCB-en-unregistered","2026-09-30","passed","2026-09-30","","cta/generated.cta.spec.js","",""
"","7290","GLOBAL | main page | footer | socialMediaBar | twitterIcon","chromium-SCB-vi-unregistered","2026-09-30","passed","2026-09-30","","cta/generated.cta.spec.js","",""
"","7622","GLOBAL | main page | footer | socialMediaBar | logo","chromium-CySEC-it-it-authorised","2026-09-30","passed","2026-09-30","","cta/generated.cta.spec.js","",""
"","7019","GLOBAL | main page | footer | riskWarningBlock | complaintsProcedureLink","chromium-SCB-ar-unregistered","2026-09-30","passed","2026-09-30","","cta/generated.cta.spec.js","",""
"","6616","GLOBAL | main page | footer | socialMediaBar | twitterIcon","chromium-CySEC-el-gr-unauthorised","2026-09-30","skipped","2026-09-30","","cta/generated.cta.spec.js","",""
"","6864","GLOBAL | main page | footer | socialMediaBar | logo","chromium-SCB-ar-unauthorised","2026-09-30","passed","2026-09-30","","cta/generated.cta.spec.js","",""
"","7326","GLOBAL | main page | footer | regionalSettingsModalWindow | countrySwitcherBtn","chromium-CySEC-fr-fr-authorised","2026-09-30","passed","2026-09-30","","cta/generated.cta.spec.js","",""
"","8720","GLOBAL | main page | footer | socialMediaBar | exploreAppGalleryBtn","chromium-CySEC-nl-nl-authorised","2026-09-30","passed","2026-09-30","","cta/generated.cta.spec.js","",""
"","6548","GLOBAL | main page | footer | regionalSettingsModalWindow | countrySwitcherBtn","chromium-SCB-ru-unregistered","2026-09-30","passed","2026-09-30","","cta/generated.cta.spec.js","",""
"","7772","GLOBAL | main page | footer | socialMediaBar | getGooglePlayBtn","chromium-CySEC-fr-fr-unregistered","2026-09-30","passed","2026-09-30","","cta/generated.cta.spec.js","",""
"","6560","GLOBAL | main page | footer | socialMediaBar | twitterIcon","chromium-CySEC-de-at-unregistered","2026-09-30","skipped","2026-09-30","","cta/generated.cta.spec.js","",""
"","8756","GLOBAL | main page | footer | socialMediaBar | exploreAppGalleryBtn","chromium-CySEC-hu-hu-unauthorised","2026-09-30","passed","2026-09-30","","cta/generated.cta.spec.js","",""
"","7512","GLOBAL | main page | footer | socialMediaBar | instagramIcon","chromium-CySEC-de-de-unregistered","2026-09-30","passed","2026-09-30","","cta/generated.cta.spec.js","",""
"","6389","GLOBAL | main page | footer | socialMediaBar | twitterIcon","chromium-FCA-en-authorised","2026-09-30","skipped","2026-09-30","","cta/generated.cta.spec.js","",""
"","7162","GLOBAL | main page | footer | riskWarningBlock | cookieSettingsLink","chromium-CySEC-hu-hu-unregistered","2026-09-30","passed","2026-09-30","","cta/generated.cta.spec.js","",""
"","7234","GLOBAL | main page | footer | socialMediaBar | tiktokIcon","chromium-SCB-zh-hant-authorised","2026-09-30","passed","2026-09-30","","cta/generated.cta.spec.js","",""
"","6624","GLOBAL | main page | footer | socialMediaBar | redditIcon","chromium-CySEC-en-eu-unregistered","2026-09-30","skipped","2026-09-30","","cta/generated.cta.spec.js","",""
"","6621","GLOBAL | main page | footer | socialMediaBar | instagramIcon","chromium-CySEC-de-at-unauthorised","2026-09-30","skipped","2026-09-30","","cta/generated.cta.spec.js","",""
"","8423","GLOBAL | main page | footer | riskWarningBlock | sitemapLink","chromium-CMA-en-unregistered","2026-09-30","passed","2026-09-30","","cta/generated.cta.spec.js","",""
"","8038","GLOBAL | main page | footer | socialMediaBar | linkedinIcon","chromium-CySEC-de-at-unauthorised","2026-09-30","passed","2026-09-30","","cta/generated.cta.spec.js","",""
"","7458","GLOBAL | main page | footer | socialMediaBar | linkedinIcon","chromium-CySEC-de-de-unregistered","2026-09-30","passed","2026-09-30","","cta/generated.cta.spec.js","",""
"","9049","GLOBAL | main page | footer | socialMediaBar | exploreAppGalleryBtn","chromium-CMA-ar-unauthorised","2026-09-30","passed","2026-09-30","","cta/generated.cta.spec.js","",""
"","8699","GLOBAL | main page | footer | socialMediaBar | exploreAppGalleryBtn","chromium-CySEC-en-eu-unregistered","2026-09-30","passed","2026-09-30","","cta/generated.cta.spec.js","",""
"","7448","GLOBAL | main page | footer | regionalSettingsModalWindow | countrySwitcherBtn","chromium-CySEC-de-de-unregistered","2026-09-30","passed","2026-09-30","","cta/generated.cta.spec.js","",""
"","8692","GLOBAL | main page | footer | socialMediaBar | youtubeIcon","chromium-CySEC-el-gr-unregistered","2026-09-30","passed","2026-09-30","","cta/generated.cta.spec.js","",""
"","6873","GLOBAL | main page | footer | socialMediaBar | logo","chromium-SCB-vi-authorised","2026-09-30","passed","2026-09-30","","cta/generated.cta.spec.js","",""
"","6581","GLOBAL | main page | footer | riskWarningBlock | cookieSettingsLink","chromium-SCB-vi-authorised","2026-09-30","passed","2026-09-30","","cta/generated.cta.spec.js","",""
"","7282","GLOBAL | main page | footer | socialMediaBar | twitterIcon","chromium-SCB-mn-unauthorised","2026-09-30","passed","2026-09-30","","cta/generated.cta.spec.js","",""
"","7330","GLOBAL | main page | footer | riskWarningBlock | sitemapLink","chromium-CySEC-ro-ro-authorised","2026-09-30","passed","2026-09-30","","cta/generated.cta.spec.js","",""
"","6982","GLOBAL | main page | footer | regionalSettingsModalWindow | countrySwitcherBtn","chromium-CySEC-de-at-unauthorised","2026-09-30","passed","2026-09-30","","cta/generated.cta.spec.js","",""
"","7726","GLOBAL | main page | footer | socialMediaBar | twitterIcon","chromium-SCB-en-authorised","2026-09-30","passed","2026-09-30","","cta/generated.cta.spec.js","",""
"","7092","GLOBAL | main page | footer | regionalSettingsModalWindow | countrySwitcherBtn","chromium-SCB-en-unregistered","2026-09-30","passed","2026-09-30","","cta/generated.cta.spec.js","",""
"","3403","GLOBAL | main page | footer | socialMediaBar | facebookIcon","chromium-SCB-zh-hans-unauthorised","2026-09-30","passed","2026-09-30","","cta/generated.cta.spec.js","",""
"","8915","GLOBAL | main page | footer | socialMediaBar | logo","chromium-CySEC-fr-fr-authorised","2026-09-30","passed","2026-09-30","","cta/generated.cta.spec.js","",""
"","6465","GLOBAL | main page | footer | socialMediaBar | twitterIcon","chromium-CySEC-nl-nl-unauthorised","2026-09-30","skipped","2026-09-30","","cta/generated.cta.spec.js","",""
"","7192","GLOBAL | main page | footer | riskWarningBlock | sitemapLink","chromium-CySEC-de-de-unauthorised","2026-09-30","passed","2026-09-30","","cta/generated.cta.spec.js","",""
"","6897","GLOBAL | main page | footer | riskWarningBlock | cookieSettingsLink","chromium-SCB-zh-hans-authorised","2026-09-30","passed","2026-09-30","","cta/generated.cta.spec.js","",""
"","7601","GLOBAL | main page | footer | socialMediaBar | linkedinIcon","chromium-CMA-en-authorised","2026-09-30","passed","2026-09-30","","cta/generated.cta.spec.js","",""
"","7987","GLOBAL | main page | footer | socialMediaBar | facebookIcon","chromium-CySEC-it-it-unregistered","2026-09-30","passed","2026-09-30","","cta/generated.cta.spec.js","",""
"","7119","GLOBAL | main page | footer | socialMediaBar | facebookIcon","chromium-SCB-zh-hant-unauthorised","2026-09-30","passed","2026-09-30","","cta/generated.cta.spec.js","",""
"","7374","GLOBAL | main page | footer | riskWarningBlock | termsAndPoliciesLink","chromium-CySEC-pl-pl-unauthorised","2026-09-30","passed","2026-09-30","","cta/generated.cta.spec.js","",""
"","12473","GLOBAL | main page | footer | socialMediaBar | youtubeIcon","chromium-ASIC-en-unauthorised","2026-09-30","failed","2026-09-30","","cta/generated.cta.spec.js","",""
"","7581","GLOBAL | main page | footer | riskWarningBlock | sitemapLink","chromium-SCB-de-unauthorised","2026-09-30","passed","2026-09-30","","cta/generated.cta.spec.js","",""
"","6776","GLOBAL | main page | footer | socialMediaBar | redditIcon","chromium-SCB-es-unregistered","2026-09-30","passed","2026-09-30","","cta/generated.cta.spec.js","",""
"","7305","GLOBAL | main page | footer | socialMediaBar | logo","chromium-CMA-ar-unauthorised","2026-09-30","passed","2026-09-30","","cta/generated.cta.spec.js","",""
"","6261","GLOBAL | main page | footer | socialMediaBar | youtubeIcon","chromium-FCA-en-unregistered","2026-09-30","skipped","2026-09-30","","cta/generated.cta.spec.js","",""
"","7388","GLOBAL | main page | footer | regionalSettingsModalWindow | langSwitcherBtn","chromium-CMA-en-unregistered","2026-09-30","passed","2026-09-30","","cta/generated.cta.spec.js","",""
"","6804","GLOBAL | main page | footer | riskWarningBlock | termsAndPoliciesLink","chromium-SCB-vi-unregistered","2026-09-30","passed","2026-09-30","","cta/generated.cta.spec.js","",""
"","7094","GLOBAL | main page | footer | socialMediaBar | redditIcon","chromium-SCB-ar-unregistered","2026-09-30","passed","2026-09-30","","cta/generated.cta.spec.js","",""
"","6285","GLOBAL | main page | footer | riskWarningBlock | licenseText","chromium-SCB-mn-authorised","2026-09-30","passed","2026-09-30","","cta/generated.cta.spec.js","",""
"","8717","GLOBAL | main page | footer | riskWarningBlock | termsAndPoliciesLink","chromium-CySEC-it-it-unregistered","2026-09-30","passed","2026-09-30","","cta/generated.cta.spec.js","",""
"","6865","GLOBAL | main page | footer | regionalSettingsModalWindow | countrySwitcherBtn","chromium-SCB-en-authorised","2026-09-30","passed","2026-09-30","","cta/generated.cta.spec.js","",""
"","7215","GLOBAL | main page | footer | riskWarningBlock | cookieSettingsLink","chromium-ASIC-en-unauthorised","2026-09-30","passed","2026-09-30","","cta/generated.cta.spec.js","",""
"","7799","GLOBAL | main page | footer | socialMediaBar | getGooglePlayBtn","chromium-CMA-en-unauthorised","2026-09-30","passed","2026-09-30","","cta/generated.cta.spec.js","",""
"","7053","GLOBAL | main page | footer | riskWarningBlock | cookieSettingsLink","chromium-CySEC-de-de-unauthorised","2026-09-30","passed","2026-09-30","","cta/generated.cta.spec.js","",""
"","7041","GLOBAL | main page | footer | socialMediaBar | getGooglePlayBtn","chromium-SCB-ru-unregistered","2026-09-30","passed","2026-09-30","","cta/generated.cta.spec.js","",""
"","7350","GLOBAL | main page | footer | socialMediaBar | logo","chromium-SCB-fr-authorised","2026-09-30","passed","2026-09-30","","cta/generated.cta.spec.js","",""
"","7472","GLOBAL | main page | footer | socialMediaBar | facebookIcon","chromium-SCB-ru-unauthorised","2026-09-30","passed","2026-09-30","","cta/generated.cta.spec.js","",""
"","6594","GLOBAL | main page | footer | socialMediaBar | tiktokIcon","chromium-CySEC-en-eu-unauthorised","2026-09-30","skipped","2026-09-30","","cta/generated.cta.spec.js","",""
"","7676","GLOBAL | main page | footer | socialMediaBar | downloadAppStoreBtn","chromium-SCB-vi-authorised","2026-09-30","passed","2026-09-30","","cta/generated.cta.spec.js","",""
"","6945","GLOBAL | main page | footer | socialMediaBar | twitterIcon","chromium-SCB-de-unauthorised","2026-09-30","passed","2026-09-30","","cta/generated.cta.spec.js","",""
"","7175","GLOBAL | main page | footer | socialMediaBar | logo","chromium-CySEC-fr-fr-unauthorised","2026-09-30","passed","2026-09-30","","cta/generated.cta.spec.js","",""
"","7258","GLOBAL | main page | footer | socialMediaBar | tiktokIcon","chromium-SCB-es-unregistered","2026-09-30","passed","2026-09-30","","cta/generated.cta.spec.js","",""
"","7585","GLOBAL | main page | footer | riskWarningBlock | complaintsProcedureLink","chromium-CMA-en-unregistered","2026-09-30","passed","2026-09-30","","cta/generated.cta.spec.js","",""
"","6976","GLOBAL | main page | footer | riskWarningBlock | termsAndPoliciesLink","chromium-SCB-es-authorised","2026-09-30","passed","2026-09-30","","cta/generated.cta.spec.js","",""
"","6629","GLOBAL | main page | footer | regionalSettingsModalWindow | langSwitcherBtn","chromium-SCB-fr-unregistered","2026-09-30","passed","2026-09-30","","cta/generated.cta.spec.js","",""
"","6256","GLOBAL | main page | footer | riskWarningBlock | licenseText","chromium-SCB-mn-unauthorised","2026-09-30","passed","2026-09-30","","cta/generated.cta.spec.js","",""
"","6623","GLOBAL | main page | footer | socialMediaBar | facebookIcon","chromium-CySEC-en-eu-unauthorised","2026-09-30","skipped","2026-09-30","","cta/generated.cta.spec.js","",""
"","8576","GLOBAL | main page | footer | socialMediaBar | youtubeIcon","chromium-CySEC-fr-fr-unregistered","2026-09-30","passed","2026-09-30","","cta/generated.cta.spec.js","",""
"","8279","GLOBAL | main page | footer | riskWarningBlock | sitemapLink","chromium-CySEC-fr-fr-authorised","2026-09-30","passed","2026-09-30","","cta/generated.cta.spec.js","",""
"","6476","GLOBAL | main page | footer | socialMediaBar | redditIcon","chromium-CySEC-el-gr-unauthorised","2026-09-30","skipped","2026-09-30","","cta/generated.cta.spec.js","",""
"","6822","GLOBAL | main page | footer | riskWarningBlock | licenseText","chromium-SCB-ar-authorised","2026-09-30","passed","2026-09-30","","cta/generated.cta.spec.js","",""
"","6544","GLOBAL | main page | footer | socialMediaBar | tiktokIcon","chromium-CySEC-nl-nl-unregistered","2026-09-30","skipped","2026-09-30","","cta/generated.cta.spec.js","",""
"","7664","GLOBAL | main page | footer | socialMediaBar | instagramIcon","chromium-SCB-de-unauthorised","2026-09-30","passed","2026-09-30","","cta/generated.cta.spec.js","",""
"","7441","GLOBAL | main page | footer | riskWarningBlock | sitemapLink","chromium-CySEC-en-eu-authorised","2026-09-30","passed","2026-09-30","","cta/generated.cta.spec.js","",""
"","6755","GLOBAL | main page | footer | riskWarningBlock | termsAndPoliciesLink","chromium-SCB-mn-unauthorised","2026-09-30","passed","2026-09-30","","cta/generated.cta.spec.js","",""
"","7827","GLOBAL | main page | footer | socialMediaBar | redditIcon","chromium-SCB-ar-authorised","2026-09-30","passed","2026-09-30","","cta/generated.cta.spec.js","",""
"","7217","GLOBAL | main page | footer | riskWarningBlock | sitemapLink","chromium-CySEC-de-at-unauthorised","2026-09-30","passed","2026-09-30","","cta/generated.cta.spec.js","",""
"","7165","GLOBAL | main page | footer | regionalSettingsModalWindow | countrySwitcherBtn","chromium-CMA-en-unauthorised","2026-09-30","passed","2026-09-30","","cta/generated.cta.spec.js","",""
"","7212","GLOBAL | main page | footer | regionalSettingsModalWindow | langSwitcherBtn","chromium-CMA-ar-authorised","2026-09-30","passed","2026-09-30","","cta/generated.cta.spec.js","",""
"","7156","GLOBAL | main page | footer | riskWarningBlock | complaintsProcedureLink","chromium-CySEC-hu-hu-unauthorised","2026-09-30","passed","2026-09-30","","cta/generated.cta.spec.js","",""
"","6392","GLOBAL | main page | footer | socialMediaBar | youtubeIcon","chromium-SCB-es-authorised","2026-09-30","skipped","2026-09-30","","cta/generated.cta.spec.js","",""
"","6479","GLOBAL | main page | footer | socialMediaBar | instagramIcon","chromium-CySEC-ro-ro-unauthorised","2026-09-30","skipped","2026-09-30","","cta/generated.cta.spec.js","",""
"","6530","GLOBAL | main page | footer | riskWarningBlock | riskDisclosureStatementLink","chromium-CMA-ar-unregistered","2026-09-30","skipped","2026-09-30","","cta/generated.cta.spec.js","",""
"","6615","GLOBAL | main page | footer | socialMediaBar | instagramIcon","chromium-CySEC-ro-ro-authorised","2026-09-30","skipped","2026-09-30","","cta/generated.cta.spec.js","",""
"","6209","GLOBAL | main page | footer | riskWarningBlock | riskDisclosureStatementLink","chromium-SCB-es-authorised","2026-09-30","skipped","2026-09-30","","cta/generated.cta.spec.js","",""
"","7863","GLOBAL | main page | footer | socialMediaBar | getGooglePlayBtn","chromium-CySEC-nl-nl-unregistered","2026-09-30","passed","2026-09-30","","cta/generated.cta.spec.js","",""
"","6283","GLOBAL | main page | footer | socialMediaBar | tiktokIcon","chromium-FCA-en-unregistered","2026-09-30","skipped","2026-09-30","","cta/generated.cta.spec.js","",""
"","6828","GLOBAL | main page | footer | riskWarningBlock | riskDisclosureStatementLink","chromium-ASIC-en-unauthorised","2026-09-30","skipped","2026-09-30","","cta/generated.cta.spec.js","",""
"","7413","GLOBAL | main page | footer | socialMediaBar | facebookIcon","chromium-SCB-en-unauthorised","2026-09-30","passed","2026-09-30","","cta/generated.cta.spec.js","",""
"","7174","GLOBAL | main page | footer | riskWarningBlock | licenseText","chromium-CySEC-nl-nl-unauthorised","2026-09-30","passed","2026-09-30","","cta/generated.cta.spec.js","",""
"","9253","GLOBAL | main page | footer | socialMediaBar | exploreAppGalleryBtn","chromium-SCB-mn-unregistered","2026-09-30","passed","2026-09-30","","cta/generated.cta.spec.js","",""
"","6295","GLOBAL | main page | footer | riskWarningBlock | riskDisclosureStatementLink","chromium-SCB-es-unregistered","2026-09-30","skipped","2026-09-30","","cta/generated.cta.spec.js","",""
"","7310","GLOBAL | main page | footer | socialMediaBar | getGooglePlayBtn","chromium-SCB-es-authorised","2026-09-30","passed","2026-09-30","","cta/generated.cta.spec.js","",""
"","7372","GLOBAL | main page | footer | riskWarningBlock | termsAndPoliciesLink","chromium-CMA-ar-authorised","2026-09-30","passed","2026-09-30","","cta/generated.cta.spec.js","",""
"","7072","GLOBAL | main page | footer | socialMediaBar | linkedinIcon","chromium-SCB-mn-unregistered","2026-09-30","passed","2026-09-30","","cta/generated.cta.spec.js","",""
"","7934","GLOBAL | main page | footer | socialMediaBar | linkedinIcon","chromium-SCB-de-unauthorised","2026-09-30","passed","2026-09-30","","cta/generated.cta.spec.js","",""
"","6469","GLOBAL | main page | footer | socialMediaBar | tiktokIcon","chromium-CySEC-hu-hu-unauthorised","2026-09-30","skipped","2026-09-30","","cta/generated.cta.spec.js","",""
"","7496","GLOBAL | main page | footer | socialMediaBar | logo","chromium-SCB-de-authorised","2026-09-30","passed","2026-09-30","","cta/generated.cta.spec.js","",""
"","7342","GLOBAL | main page | footer | socialMediaBar | tiktokIcon","chromium-SCB-vi-authorised","2026-09-30","passed","2026-09-30","","cta/generated.cta.spec.js","",""
"","7514","GLOBAL | main page | footer | socialMediaBar | downloadAppStoreBtn","chromium-SCB-mn-unregistered","2026-09-30","passed","2026-09-30","","cta/generated.cta.spec.js","",""
"","7510","GLOBAL | main page | footer | socialMediaBar | logo","chromium-CySEC-el-gr-unregistered","2026-09-30","passed","2026-09-30","","cta/generated.cta.spec.js","",""
"","8230","GLOBAL | main page | footer | socialMediaBar | facebookIcon","chromium-SCB-ru-unregistered","2026-09-30","passed","2026-09-30","","cta/generated.cta.spec.js","",""
"","4240","GLOBAL | main page | footer | socialMediaBar | linkedinIcon","chromium-SCB-zh-hans-unregistered","2026-09-30","passed","2026-09-30","","cta/generated.cta.spec.js","",""
"","7744","GLOBAL | main page | footer | socialMediaBar | logo","chromium-CySEC-de-de-unregistered","2026-09-30","passed","2026-09-30","","cta/generated.cta.spec.js","",""
"","7280","GLOBAL | main page | footer | socialMediaBar | downloadAppStoreBtn","chromium-FCA-en-unregistered","2026-09-30","passed","2026-09-30","","cta/generated.cta.spec.js","",""
"","7407","GLOBAL | main page | footer | socialMediaBar | instagramIcon","chromium-CySEC-it-it-unregistered","2026-09-30","passed","2026-09-30","","cta/generated.cta.spec.js","",""
"","7190","GLOBAL | main page | footer | riskWarningBlock | sitemapLink","chromium-SCB-fr-authorised","2026-09-30","passed","2026-09-30","","cta/generated.cta.spec.js","",""
"","7852","GLOBAL | main page | footer | riskWarningBlock | complaintsProcedureLink","chromium-SCB-zh-hans-authorised","2026-09-30","passed","2026-09-30","","cta/generated.cta.spec.js","",""
"","7494","GLOBAL | main page | footer | socialMediaBar | linkedinIcon","chromium-CySEC-el-gr-unregistered","2026-09-30","passed","2026-09-30","","cta/generated.cta.spec.js","",""
"","7073","GLOBAL | main page | footer | regionalSettingsModalWindow | countrySwitcherBtn","chromium-CySEC-el-gr-unauthorised","2026-09-30","passed","2026-09-30","","cta/generated.cta.spec.js","",""
"","8315","GLOBAL | main page | footer | socialMediaBar | downloadAppStoreBtn","chromium-CySEC-it-it-authorised","2026-09-30","passed","2026-09-30","","cta/generated.cta.spec.js","",""
"","7142","GLOBAL | main page | footer | socialMediaBar | redditIcon","chromium-SCB-vi-authorised","2026-09-30","passed","2026-09-30","","cta/generated.cta.spec.js","",""
"","7292","GLOBAL | main page | footer | riskWarningBlock | licenseText","chromium-CMA-ar-unauthorised","2026-09-30","passed","2026-09-30","","cta/generated.cta.spec.js","",""
"","7638","GLOBAL | main page | footer | socialMediaBar | getGooglePlayBtn","chromium-CySEC-hu-hu-unauthorised","2026-09-30","passed","2026-09-30","","cta/generated.cta.spec.js","",""
"","6698","GLOBAL | main page | footer | socialMediaBar | twitterIcon","chromium-CySEC-it-it-authorised","2026-09-30","skipped","2026-09-30","","cta/generated.cta.spec.js","",""
"","7947","GLOBAL | main page | footer | socialMediaBar | instagramIcon","chromium-SCB-zh-hant-authorised","2026-09-30","passed","2026-09-30","","cta/generated.cta.spec.js","",""
"","7198","GLOBAL | main page | footer | riskWarningBlock | termsAndPoliciesLink","chromium-CySEC-de-de-unauthorised","2026-09-30","passed","2026-09-30","","cta/generated.cta.spec.js","",""
"","7103","GLOBAL | main page | footer | socialMediaBar | getGooglePlayBtn","chromium-SCB-ru-unauthorised","2026-09-30","passed","2026-09-30","","cta/generated.cta.spec.js","",""
"","7187","GLOBAL | main page | footer | riskWarningBlock | cookieSettingsLink","chromium-CySEC-pl-pl-unauthorised","2026-09-30","passed","2026-09-30","","cta/generated.cta.spec.js","",""
"","6751","GLOBAL | main page | footer | riskWarningBlock | cookieSettingsLink","chromium-SCB-de-authorised","2026-09-30","passed","2026-09-30","","cta/generated.cta.spec.js","",""
"","7550","GLOBAL | main page | footer | riskWarningBlock | sitemapLink","chromium-CySEC-pl-pl-unregistered","2026-09-30","passed","2026-09-30","","cta/generated.cta.spec.js","",""
"","7153","GLOBAL | main page | footer | riskWarningBlock | cookieSettingsLink","chromium-CMA-en-unregistered","2026-09-30","passed","2026-09-30","","cta/generated.cta.spec.js","",""
"","8438","GLOBAL | main page | footer | riskWarningBlock | termsAndPoliciesLink","chromium-SCB-mn-unregistered","2026-09-30","passed","2026-09-30","","cta/generated.cta.spec.js","",""
"","6584","GLOBAL | main page | footer | socialMediaBar | instagramIcon","chromium-CySEC-en-eu-unregistered","2026-09-30","skipped","2026-09-30","","cta/generated.cta.spec.js","",""
"","7295","GLOBAL | main page | footer | socialMediaBar | facebookIcon","chromium-SCB-zh-hant-authorised","2026-09-30","passed","2026-09-30","","cta/generated.cta.spec.js","",""
"","7241","GLOBAL | main page | footer | regionalSettingsModalWindow | langSwitcherBtn","chromium-CySEC-nl-nl-unauthorised","2026-09-30","passed","2026-09-30","","cta/generated.cta.spec.js","",""
"","7102","GLOBAL | main page | footer | regionalSettingsModalWindow | countrySwitcherBtn","chromium-SCB-es-unauthorised","2026-09-30","passed","2026-09-30","","cta/generated.cta.spec.js","",""
"","6274","GLOBAL | main page | footer | riskWarningBlock | riskDisclosureStatementLink","chromium-SCB-vi-unregistered","2026-09-30","skipped","2026-09-30","","cta/generated.cta.spec.js","",""
"","7490","GLOBAL | main page | footer | socialMediaBar | downloadAppStoreBtn","chromium-SCB-de-authorised","2026-09-30","passed","2026-09-30","","cta/generated.cta.spec.js","",""
"","6603","GLOBAL | main page | footer | socialMediaBar | redditIcon","chromium-CMA-en-authorised","2026-09-30","skipped","2026-09-30","","cta/generated.cta.spec.js","",""
"","7141","GLOBAL | main page | footer | regionalSettingsModalWindow | langSwitcherBtn","chromium-CySEC-de-de-unauthorised","2026-09-30","passed","2026-09-30","","cta/generated.cta.spec.js","",""
"","7674","GLOBAL | main page | footer | socialMediaBar | getGooglePlayBtn","chromium-CySEC-de-de-unregistered","2026-09-30","passed","2026-09-30","","cta/generated.cta.spec.js","",""
"","7452","GLOBAL | main page | footer | riskWarningBlock | termsAndPoliciesLink","chromium-CySEC-fr-fr-authorised","2026-09-30","passed","2026-09-30","","cta/generated.cta.spec.js","",""
"","6719","GLOBAL | main page | footer | socialMediaBar | tiktokIcon","chromium-CySEC-hu-hu-authorised","2026-09-30","skipped","2026-09-30","","cta/generated.cta.spec.js","",""
"","6578","GLOBAL | main page | footer | riskWarningBlock | riskDisclosureStatementLink","chromium-CMA-en-unauthorised","2026-09-30","skipped","2026-09-30","","cta/generated.cta.spec.js","",""
"","7050","GLOBAL | main page | footer | riskWarningBlock | licenseText","chromium-CMA-en-authorised","2026-09-30","passed","2026-09-30","","cta/generated.cta.spec.js","",""
"","7959","GLOBAL | main page | footer | socialMediaBar | getGooglePlayBtn","chromium-CySEC-el-gr-unauthorised","2026-09-30","passed","2026-09-30","","cta/generated.cta.spec.js","",""
"","8630","GLOBAL | main page | footer | socialMediaBar | exploreAppGalleryBtn","chromium-CySEC-nl-nl-unregistered","2026-09-30","passed","2026-09-30","","cta/generated.cta.spec.js","",""
"","7165","GLOBAL | main page | footer | riskWarningBlock | licenseText","chromium-CMA-ar-unregistered","2026-09-30","passed","2026-09-30","","cta/generated.cta.spec.js","",""
"","6167","GLOBAL | main page | footer | riskWarningBlock | riskDisclosureStatementLink","chromium-SCB-vi-unauthorised","2026-09-30","skipped","2026-09-30","","cta/generated.cta.spec.js","",""
"","6507","GLOBAL | main page | footer | riskWarningBlock | licenseText","chromium-SCB-fr-unregistered","2026-09-30","passed","2026-09-30","","cta/generated.cta.spec.js","",""
"","6871","GLOBAL | main page | footer | riskWarningBlock | cookieSettingsLink","chromium-SCB-ar-unauthorised","2026-09-30","passed","2026-09-30","","cta/generated.cta.spec.js","",""
"","7730","GLOBAL | main page | footer | socialMediaBar | linkedinIcon","chromium-ASIC-en-authorised","2026-09-30","passed","2026-09-30","","cta/generated.cta.spec.js","",""
"","6791","GLOBAL | main page | footer | socialMediaBar | twitterIcon","chromium-SCB-vi-unauthorised","2026-09-30","passed","2026-09-30","","cta/generated.cta.spec.js","",""
"","7638","GLOBAL | main page | footer | socialMediaBar | downloadAppStoreBtn","chromium-SCB-de-unauthorised","2026-09-30","passed","2026-09-30","","cta/generated.cta.spec.js","",""
"","7035","GLOBAL | main page | footer | socialMediaBar | logo","chromium-SCB-fr-unauthorised","2026-09-30","passed","2026-09-30","","cta/generated.cta.spec.js","",""
"","8117","GLOBAL | main page | footer | socialMediaBar | exploreAppGalleryBtn","chromium-SCB-ar-authorised","2026-09-30","passed","2026-09-30","","cta/generated.cta.spec.js","",""
"","6831","GLOBAL | main page | footer | riskWarningBlock | sitemapLink","chromium-SCB-ru-unauthorised","2026-09-30","passed","2026-09-30","","cta/generated.cta.spec.js","",""
"","6443","GLOBAL | main page | footer | socialMediaBar | redditIcon","chromium-CySEC-de-de-unauthorised","2026-09-30","skipped","2026-09-30","","cta/generated.cta.spec.js","",""
"","6283","GLOBAL | main page | footer | riskWarningBlock | licenseText","chromium-SCB-ar-unauthorised","2026-09-30","passed","2026-09-30","","cta/generated.cta.spec.js","",""
"","7335","GLOBAL | main page | footer | riskWarningBlock | complaintsProcedureLink","chromium-SCB-zh-hant-authorised","2026-09-30","passed","2026-09-30","","cta/generated.cta.spec.js","",""
"","6281","GLOBAL | main page | footer | socialMediaBar | twitterIcon","chromium-FCA-en-unauthorised","2026-09-30","skipped","2026-09-30","","cta/generated.cta.spec.js","",""
"","7505","GLOBAL | main page | footer | socialMediaBar | getGooglePlayBtn","chromium-FCA-en-authorised","2026-09-30","passed","2026-09-30","","cta/generated.cta.spec.js","",""
"","9697","GLOBAL | main page | footer | socialMediaBar | exploreAppGalleryBtn","chromium-ASIC-en-unregistered","2026-09-30","passed","2026-09-30","","cta/generated.cta.spec.js","",""
"","7261","GLOBAL | main page | footer | riskWarningBlock | termsAndPoliciesLink","chromium-CMA-ar-unauthorised","2026-09-30","passed","2026-09-30","","cta/generated.cta.spec.js","",""
"","6914","GLOBAL | main page | footer | riskWarningBlock | termsAndPoliciesLink","chromium-FCA-en-authorised","2026-09-30","passed","2026-09-30","","cta/generated.cta.spec.js","",""
"","7450","GLOBAL | main page | footer | regionalSettingsModalWindow | countrySwitcherBtn","chromium-CySEC-el-gr-authorised","2026-09-30","passed","2026-09-30","","cta/generated.cta.spec.js","",""
"","7028","GLOBAL | main page | footer | riskWarningBlock | licenseText","chromium-CySEC-pl-pl-unregistered","2026-09-30","passed","2026-09-30","","cta/generated.cta.spec.js","",""
"","7092","GLOBAL | main page | footer | socialMediaBar | twitterIcon","chromium-SCB-de-unregistered","2026-09-30","passed","2026-09-30","","cta/generated.cta.spec.js","",""
"","7085","GLOBAL | main page | footer | socialMediaBar | logo","chromium-CySEC-de-at-unauthorised","2026-09-30","passed","2026-09-30","","cta/generated.cta.spec.js","",""
"","7228","GLOBAL | main page | footer | socialMediaBar | redditIcon","chromium-SCB-es-unauthorised","2026-09-30","passed","2026-09-30","","cta/generated.cta.spec.js","",""
"","7602","GLOBAL | main page | footer | socialMediaBar | facebookIcon","chromium-SCB-mn-unauthorised","2026-09-30","passed","2026-09-30","","cta/generated.cta.spec.js","",""
"","7218","GLOBAL | main page | footer | riskWarningBlock | termsAndPoliciesLink","chromium-SCB-es-unauthorised","2026-09-30","passed","2026-09-30","","cta/generated.cta.spec.js","",""
"","7359","GLOBAL | main page | footer | socialMediaBar | tiktokIcon","chromium-SCB-mn-authorised","2026-09-30","passed","2026-09-30","","cta/generated.cta.spec.js","",""
"","6855","GLOBAL | main page | footer | riskWarningBlock | complaintsProcedureLink","chromium-FCA-en-unregistered","2026-09-30","passed","2026-09-30","","cta/generated.cta.spec.js","",""
"","6887","GLOBAL | main page | footer | riskWarningBlock | complaintsProcedureLink","chromium-SCB-zh-hant-unregistered","2026-09-30","passed","2026-09-30","","cta/generated.cta.spec.js","",""
"","6487","GLOBAL | main page | footer | riskWarningBlock | riskDisclosureStatementLink","chromium-CySEC-en-eu-unregistered","2026-09-30","skipped","2026-09-30","","cta/generated.cta.spec.js","",""
"","7166","GLOBAL | main page | footer | regionalSettingsModalWindow | countrySwitcherBtn","chromium-CySEC-fr-fr-unauthorised","2026-09-30","passed","2026-09-30","","cta/generated.cta.spec.js","",""
"","6243","GLOBAL | main page | footer | riskWarningBlock | riskDisclosureStatementLink","chromium-SCB-mn-unauthorised","2026-09-30","skipped","2026-09-30","","cta/generated.cta.spec.js","",""
"","6195","GLOBAL | main page | footer | socialMediaBar | facebookIcon","chromium-FCA-en-unregistered","2026-09-30","skipped","2026-09-30","","cta/generated.cta.spec.js","",""
"","7507","GLOBAL | main page | footer | socialMediaBar | tiktokIcon","chromium-SCB-fr-unregistered","2026-09-30","passed","2026-09-30","","cta/generated.cta.spec.js","",""
"","7064","GLOBAL | main page | footer | socialMediaBar | twitterIcon","chromium-SCB-ar-unauthorised","2026-09-30","passed","2026-09-30","","cta/generated.cta.spec.js","",""
"","6469","GLOBAL | main page | footer | riskWarningBlock | riskDisclosureStatementLink","chromium-CySEC-pl-pl-unauthorised","2026-09-30","skipped","2026-09-30","","cta/generated.cta.spec.js","",""
"","6549","GLOBAL | main page | footer | socialMediaBar | twitterIcon","chromium-CySEC-de-at-authorised","2026-09-30","skipped","2026-09-30","","cta/generated.cta.spec.js","",""
"","3061","GLOBAL | main page | footer | socialMediaBar | redditIcon","chromium-SCB-zh-hans-unauthorised","2026-09-30","passed","2026-09-30","","cta/generated.cta.spec.js","",""
"","6983","GLOBAL | main page | footer | riskWarningBlock | riskDisclosureStatementLink","chromium-CySEC-de-at-unregistered","2026-09-30","skipped","2026-09-30","","cta/generated.cta.spec.js","",""
"","8801","GLOBAL | main page | footer | socialMediaBar | youtubeIcon","chromium-CySEC-nl-nl-authorised","2026-09-30","passed","2026-09-30","","cta/generated.cta.spec.js","",""
"","6496","GLOBAL | main page | footer | socialMediaBar | redditIcon","chromium-CySEC-pl-pl-unauthorised","2026-09-30","skipped","2026-09-30","","cta/generated.cta.spec.js","",""
"","6703","GLOBAL | main page | footer | riskWarningBlock | termsAndPoliciesLink","chromium-SCB-ru-unauthorised","2026-09-30","passed","2026-09-30","","cta/generated.cta.spec.js","",""
"","6771","GLOBAL | main page | footer | riskWarningBlock | licenseText","chromium-SCB-zh-hant-authorised","2026-09-30","passed","2026-09-30","","cta/generated.cta.spec.js","",""
"","7113","GLOBAL | main page | footer | socialMediaBar | getGooglePlayBtn","chromium-SCB-es-unauthorised","2026-09-30","passed","2026-09-30","","cta/generated.cta.spec.js","",""
"","6853","GLOBAL | main page | footer | socialMediaBar | twitterIcon","chromium-SCB-ru-authorised","2026-09-30","passed","2026-09-30","","cta/generated.cta.spec.js","",""
"","7833","GLOBAL | main page | footer | socialMediaBar | downloadAppStoreBtn","chromium-SCB-ru-authorised","2026-09-30","passed","2026-09-30","","cta/generated.cta.spec.js","",""
"","7551","GLOBAL | main page | footer | socialMediaBar | linkedinIcon","chromium-CySEC-de-de-authorised","2026-09-30","passed","2026-09-30","","cta/generated.cta.spec.js","",""
"","6470","GLOBAL | main page | footer | socialMediaBar | redditIcon","chromium-CySEC-nl-nl-unauthorised","2026-09-30","skipped","2026-09-30","","cta/generated.cta.spec.js","",""
"","8776","GLOBAL | main page | footer | socialMediaBar | exploreAppGalleryBtn","chromium-SCB-zh-hans-authorised","2026-09-30","passed","2026-09-30","","cta/generated.cta.spec.js","",""
"","6995","GLOBAL | main page | footer | riskWarningBlock | cookieSettingsLink","chromium-SCB-ru-unauthorised","2026-09-30","passed","2026-09-30","","cta/generated.cta.spec.js","",""
"","7143","GLOBAL | main page | footer | riskWarningBlock | cookieSettingsLink","chromium-CySEC-pl-pl-unregistered","2026-09-30","passed","2026-09-30","","cta/generated.cta.spec.js","",""
"","7138","GLOBAL | main page | footer | socialMediaBar | tiktokIcon","chromium-SCB-en-unregistered","2026-09-30","passed","2026-09-30","","cta/generated.cta.spec.js","",""
"","7624","GLOBAL | main page | footer | riskWarningBlock | sitemapLink","chromium-CySEC-it-it-authorised","2026-09-30","passed","2026-09-30","","cta/generated.cta.spec.js","",""
"","6618","GLOBAL | main page | footer | regionalSettingsModalWindow | langSwitcherBtn","chromium-SCB-de-unregistered","2026-09-30","passed","2026-09-30","","cta/generated.cta.spec.js","",""
"","8164","GLOBAL | main page | footer | socialMediaBar | downloadAppStoreBtn","chromium-CySEC-it-it-unregistered","2026-09-30","passed","2026-09-30","","cta/generated.cta.spec.js","",""
"","7749","GLOBAL | main page | footer | socialMediaBar | redditIcon","chromium-SCB-fr-unregistered","2026-09-30","passed","2026-09-30","","cta/generated.cta.spec.js","",""
"","6480","GLOBAL | main page | footer | riskWarningBlock | sitemapLink","chromium-SCB-mn-authorised","2026-09-30","skipped","2026-09-30","","cta/generated.cta.spec.js","",""
"","6813","GLOBAL | main page | footer | socialMediaBar | logo","chromium-SCB-zh-hant-unauthorised","2026-09-30","passed","2026-09-30","","cta/generated.cta.spec.js","",""
"","7333","GLOBAL | main page | footer | socialMediaBar | instagramIcon","chromium-SCB-es-authorised","2026-09-30","passed","2026-09-30","","cta/generated.cta.spec.js","",""
"","7187","GLOBAL | main page | footer | socialMediaBar | redditIcon","chromium-SCB-zh-hant-authorised","2026-09-30","passed","2026-09-30","","cta/generated.cta.spec.js","",""
"","7745","GLOBAL | main page | footer | socialMediaBar | instagramIcon","chromium-ASIC-en-authorised","2026-09-30","passed","2026-09-30","","cta/generated.cta.spec.js","",""
"","6926","GLOBAL | main page | footer | riskWarningBlock | sitemapLink","chromium-SCB-es-unauthorised","2026-09-30","passed","2026-09-30","","cta/generated.cta.spec.js","",""
"","6588","GLOBAL | main page | footer | socialMediaBar | facebookIcon","chromium-CySEC-el-gr-unregistered","2026-09-30","skipped","2026-09-30","","cta/generated.cta.spec.js","",""
"","6498","GLOBAL | main page | footer | socialMediaBar | facebookIcon","chromium-CMA-ar-unregistered","2026-09-30","skipped","2026-09-30","","cta/generated.cta.spec.js","",""
"","7837","GLOBAL | main page | footer | socialMediaBar | linkedinIcon","chromium-CySEC-pl-pl-unauthorised","2026-09-30","passed","2026-09-30","","cta/generated.cta.spec.js","",""
"","6792","GLOBAL | main page | footer | riskWarningBlock | complaintsProcedureLink","chromium-FCA-en-unauthorised","2026-09-30","passed","2026-09-30","","cta/generated.cta.spec.js","",""
"","6820","GLOBAL | main page | footer | regionalSettingsModalWindow | langSwitcherBtn","chromium-SCB-ru-authorised","2026-09-30","passed","2026-09-30","","cta/generated.cta.spec.js","",""
"","7105","GLOBAL | main page | footer | socialMediaBar | tiktokIcon","chromium-SCB-ru-authorised","2026-09-30","passed","2026-09-30","","cta/generated.cta.spec.js","",""
"","6645","GLOBAL | main page | footer | socialMediaBar | twitterIcon","chromium-CySEC-de-de-unauthorised","2026-09-30","skipped","2026-09-30","","cta/generated.cta.spec.js","",""
"","6595","GLOBAL | main page | footer | socialMediaBar | redditIcon","chromium-CySEC-de-at-authorised","2026-09-30","skipped","2026-09-30","","cta/generated.cta.spec.js","",""
"","7919","GLOBAL | main page | footer | socialMediaBar | instagramIcon","chromium-CMA-en-unauthorised","2026-09-30","passed","2026-09-30","","cta/generated.cta.spec.js","",""
"","6810","GLOBAL | main page | footer | riskWarningBlock | riskDisclosureStatementLink","chromium-CMA-en-unregistered","2026-09-30","skipped","2026-09-30","","cta/generated.cta.spec.js","",""
"","7268","GLOBAL | main page | footer | riskWarningBlock | cookieSettingsLink","chromium-CMA-ar-authorised","2026-09-30","passed","2026-09-30","","cta/generated.cta.spec.js","",""
"","7337","GLOBAL | main page | footer | socialMediaBar | facebookIcon","chromium-SCB-vi-authorised","2026-09-30","passed","2026-09-30","","cta/generated.cta.spec.js","",""
"","9748","GLOBAL | main page | footer | socialMediaBar | exploreAppGalleryBtn","chromium-SCB-fr-authorised","2026-09-30","passed","2026-09-30","","cta/generated.cta.spec.js","",""
"","7667","GLOBAL | main page | footer | socialMediaBar | downloadAppStoreBtn","chromium-SCB-de-unregistered","2026-09-30","passed","2026-09-30","","cta/generated.cta.spec.js","",""
"","6925","GLOBAL | main page | footer | socialMediaBar | logo","chromium-SCB-ar-authorised","2026-09-30","passed","2026-09-30","","cta/generated.cta.spec.js","",""
"","6376","GLOBAL | main page | footer | socialMediaBar | youtubeIcon","chromium-CySEC-ro-ro-unauthorised","2026-09-30","skipped","2026-09-30","","cta/generated.cta.spec.js","",""
"","8126","GLOBAL | main page | footer | socialMediaBar | downloadAppStoreBtn","chromium-CMA-en-unauthorised","2026-09-30","passed","2026-09-30","","cta/generated.cta.spec.js","",""
"","7276","GLOBAL | main page | footer | riskWarningBlock | cookieSettingsLink","chromium-CySEC-hu-hu-authorised","2026-09-30","passed","2026-09-30","","cta/generated.cta.spec.js","",""
"","8350","GLOBAL | main page | footer | socialMediaBar | exploreAppGalleryBtn","chromium-SCB-en-authorised","2026-09-30","passed","2026-09-30","","cta/generated.cta.spec.js","",""
"","7335","GLOBAL | main page | footer | regionalSettingsModalWindow | langSwitcherBtn","chromium-CMA-ar-unauthorised","2026-09-30","passed","2026-09-30","","cta/generated.cta.spec.js","",""
"","7796","GLOBAL | main page | footer | riskWarningBlock | sitemapLink","chromium-CySEC-pl-pl-authorised","2026-09-30","passed","2026-09-30","","cta/generated.cta.spec.js","",""
"","7083","GLOBAL | main page | footer | socialMediaBar | instagramIcon","chromium-SCB-vi-unauthorised","2026-09-30","passed","2026-09-30","","cta/generated.cta.spec.js","",""
"","6862","GLOBAL | main page | footer | riskWarningBlock | complaintsProcedureLink","chromium-SCB-fr-unauthorised","2026-09-30","passed","2026-09-30","","cta/generated.cta.spec.js","",""
"","7648","GLOBAL | main page | footer | socialMediaBar | getGooglePlayBtn","chromium-SCB-ar-unauthorised","2026-09-30","passed","2026-09-30","","cta/generated.cta.spec.js","",""
"","7310","GLOBAL | main page | footer | socialMediaBar | linkedinIcon","chromium-SCB-mn-unauthorised","2026-09-30","passed","2026-09-30","","cta/generated.cta.spec.js","",""
"","7589","GLOBAL | main page | footer | socialMediaBar | linkedinIcon","chromium-SCB-fr-unauthorised","2026-09-30","passed","2026-09-30","","cta/generated.cta.spec.js","",""
"","6911","GLOBAL | main page | footer | socialMediaBar | tiktokIcon","chromium-SCB-mn-unauthorised","2026-09-30","passed","2026-09-30","","cta/generated.cta.spec.js","",""
"","3877","GLOBAL | main page | footer | riskWarningBlock | termsAndPoliciesLink","chromium-SCB-zh-hans-unauthorised","2026-09-30","passed","2026-09-30","","cta/generated.cta.spec.js","",""
"","6738","GLOBAL | main page | footer | socialMediaBar | facebookIcon","chromium-CySEC-hu-hu-unregistered","2026-09-30","skipped","2026-09-30","","cta/generated.cta.spec.js","",""
"","7029","GLOBAL | main page | footer | regionalSettingsModalWindow | langSwitcherBtn","chromium-CySEC-nl-nl-unregistered","2026-09-30","passed","2026-09-30","","cta/generated.cta.spec.js","",""
"","6714","GLOBAL | main page | footer | riskWarningBlock | cookieSettingsLink","chromium-SCB-zh-hant-unregistered","2026-09-30","passed","2026-09-30","","cta/generated.cta.spec.js","",""
"","7877","GLOBAL | main page | footer | socialMediaBar | downloadAppStoreBtn","chromium-CySEC-de-de-unauthorised","2026-09-30","passed","2026-09-30","","cta/generated.cta.spec.js","",""
"","6517","GLOBAL | main page | footer | riskWarningBlock | riskDisclosureStatementLink","chromium-CySEC-ro-ro-unauthorised","2026-09-30","skipped","2026-09-30","","cta/generated.cta.spec.js","",""
"","7465","GLOBAL | main page | footer | socialMediaBar | linkedinIcon","chromium-CySEC-de-at-unregistered","2026-09-30","passed","2026-09-30","","cta/generated.cta.spec.js","",""
"","7596","GLOBAL | main page | footer | socialMediaBar | linkedinIcon","chromium-SCB-en-authorised","2026-09-30","passed","2026-09-30","","cta/generated.cta.spec.js","",""
"","6878","GLOBAL | main page | footer | socialMediaBar | redditIcon","chromium-SCB-zh-hans-authorised","2026-09-30","passed","2026-09-30","","cta/generated.cta.spec.js","",""
"","7753","GLOBAL | main page | footer | socialMediaBar | getGooglePlayBtn","chromium-CySEC-en-eu-unregistered","2026-09-30","passed","2026-09-30","","cta/generated.cta.spec.js","",""
"","6749","GLOBAL | main page | footer | regionalSettingsModalWindow | langSwitcherBtn","chromium-SCB-zh-hans-authorised","2026-09-30","passed","2026-09-30","","cta/generated.cta.spec.js","",""
"","8105","GLOBAL | main page | footer | riskWarningBlock | sitemapLink","chromium-ASIC-en-unregistered","2026-09-30","passed","2026-09-30","","cta/generated.cta.spec.js","",""
"","7453","GLOBAL | main page | footer | riskWarningBlock | cookieSettingsLink","chromium-ASIC-en-authorised","2026-09-30","passed","2026-09-30","","cta/generated.cta.spec.js","",""
"","6527","GLOBAL | main page | footer | socialMediaBar | facebookIcon","chromium-CMA-en-unregistered","2026-09-30","skipped","2026-09-30","","cta/generated.cta.spec.js","",""
"","7407","GLOBAL | main page | footer | riskWarningBlock | termsAndPoliciesLink","chromium-CMA-en-unauthorised","2026-09-30","passed","2026-09-30","","cta/generated.cta.spec.js","",""
"","7507","GLOBAL | main page | footer | socialMediaBar | logo","chromium-CySEC-hu-hu-authorised","2026-09-30","passed","2026-09-30","","cta/generated.cta.spec.js","",""
"","7036","GLOBAL | main page | footer | riskWarningBlock | sitemapLink","chromium-SCB-ar-unauthorised","2026-09-30","passed","2026-09-30","","cta/generated.cta.spec.js","",""
"","7270","GLOBAL | main page | footer | socialMediaBar | instagramIcon","chromium-SCB-ru-authorised","2026-09-30","passed","2026-09-30","","cta/generated.cta.spec.js","",""
"","6505","GLOBAL | main page | footer | riskWarningBlock | licenseText","chromium-SCB-fr-authorised","2026-09-30","passed","2026-09-30","","cta/generated.cta.spec.js","",""
"","8377","GLOBAL | main page | footer | socialMediaBar | facebookIcon","chromium-SCB-en-unregistered","2026-09-30","passed","2026-09-30","","cta/generated.cta.spec.js","",""
"","6264","GLOBAL | main page | footer | socialMediaBar | youtubeIcon","chromium-SCB-zh-hant-unauthorised","2026-09-30","skipped","2026-09-30","","cta/generated.cta.spec.js","",""
"","6714","GLOBAL | main page | footer | regionalSettingsModalWindow | countrySwitcherBtn","chromium-SCB-ru-authorised","2026-09-30","passed","2026-09-30","","cta/generated.cta.spec.js","",""
"","8172","GLOBAL | main page | footer | socialMediaBar | downloadAppStoreBtn","chromium-ASIC-en-authorised","2026-09-30","passed","2026-09-30","","cta/generated.cta.spec.js","",""
"","7431","GLOBAL | main page | footer | socialMediaBar | instagramIcon","chromium-SCB-es-unregistered","2026-09-30","passed","2026-09-30","","cta/generated.cta.spec.js","",""
"","6836","GLOBAL | main page | footer | regionalSettingsModalWindow | langSwitcherBtn","chromium-SCB-es-unregistered","2026-09-30","passed","2026-09-30","","cta/generated.cta.spec.js","",""
"","8106","GLOBAL | main page | footer | socialMediaBar | exploreAppGalleryBtn","chromium-SCB-de-unauthorised","2026-09-30","passed","2026-09-30","","cta/generated.cta.spec.js","",""
"","7965","GLOBAL | main page | footer | socialMediaBar | getGooglePlayBtn","chromium-ASIC-en-unauthorised","2026-09-30","passed","2026-09-30","","cta/generated.cta.spec.js","",""
"","7390","GLOBAL | main page | footer | riskWarningBlock | complaintsProcedureLink","chromium-CySEC-pl-pl-unauthorised","2026-09-30","passed","2026-09-30","","cta/generated.cta.spec.js","",""
"","7328","GLOBAL | main page | footer | riskWarningBlock | riskDisclosureStatementLink","chromium-CMA-en-authorised","2026-09-30","skipped","2026-09-30","","cta/generated.cta.spec.js","",""
"","7239","GLOBAL | main page | footer | regionalSettingsModalWindow | countrySwitcherBtn","chromium-SCB-en-unauthorised","2026-09-30","passed","2026-09-30","","cta/generated.cta.spec.js","",""
"","6965","GLOBAL | main page | footer | riskWarningBlock | termsAndPoliciesLink","chromium-SCB-zh-hans-authorised","2026-09-30","passed","2026-09-30","","cta/generated.cta.spec.js","",""
"","7265","GLOBAL | main page | footer | riskWarningBlock | cookieSettingsLink","chromium-FCA-en-authorised","2026-09-30","passed","2026-09-30","","cta/generated.cta.spec.js","",""
"","7265","GLOBAL | main page | footer | socialMediaBar | instagramIcon","chromium-FCA-en-authorised","2026-09-30","skipped","2026-09-30","","cta/generated.cta.spec.js","",""
"","7721","GLOBAL | main page | footer | socialMediaBar | instagramIcon","chromium-SCB-ar-authorised","2026-09-30","passed","2026-09-30","","cta/generated.cta.spec.js","",""
"","7242","GLOBAL | main page | footer | regionalSettingsModalWindow | langSwitcherBtn","chromium-CySEC-fr-fr-unauthorised","2026-09-30","passed","2026-09-30","","cta/generated.cta.spec.js","",""
"","7343","GLOBAL | main page | footer | riskWarningBlock | cookieSettingsLink","chromium-CySEC-el-gr-authorised","2026-09-30","passed","2026-09-30","","cta/generated.cta.spec.js","",""
"","6716","GLOBAL | main page | footer | regionalSettingsModalWindow | langSwitcherBtn","chromium-SCB-en-authorised","2026-09-30","passed","2026-09-30","","cta/generated.cta.spec.js","",""
"","7211","GLOBAL | main page | footer | socialMediaBar | instagramIcon","chromium-SCB-ru-unauthorised","2026-09-30","passed","2026-09-30","","cta/generated.cta.spec.js","",""
"","2845","GLOBAL | main page | footer | riskWarningBlock | sitemapLink","chromium-SCB-zh-hans-unauthorised","2026-09-30","passed","2026-09-30","","cta/generated.cta.spec.js","",""
"","7130","GLOBAL | main page | footer | regionalSettingsModalWindow | langSwitcherBtn","chromium-FCA-en-authorised","2026-09-30","passed","2026-09-30","","cta/generated.cta.spec.js","",""
"","7376","GLOBAL | main page | footer | socialMediaBar | downloadAppStoreBtn","chromium-SCB-mn-unauthorised","2026-09-30","passed","2026-09-30","","cta/generated.cta.spec.js","",""
"","7169","GLOBAL | main page | footer | socialMediaBar | redditIcon","chromium-CySEC-hu-hu-authorised","2026-09-30","skipped","2026-09-30","","cta/generated.cta.spec.js","",""
"","8146","GLOBAL | main page | footer | socialMediaBar | linkedinIcon","chromium-CySEC-pl-pl-authorised","2026-09-30","passed","2026-09-30","","cta/generated.cta.spec.js","",""
"","6968","GLOBAL | main page | footer | riskWarningBlock | sitemapLink","chromium-SCB-en-authorised","2026-09-30","passed","2026-09-30","","cta/generated.cta.spec.js","",""
"","6252","GLOBAL | main page | footer | socialMediaBar | tiktokIcon","chromium-FCA-en-unauthorised","2026-09-30","skipped","2026-09-30","","cta/generated.cta.spec.js","",""
"","7317","GLOBAL | main page | footer | riskWarningBlock | termsAndPoliciesLink","chromium-CySEC-ro-ro-unauthorised","2026-09-30","passed","2026-09-30","","cta/generated.cta.spec.js","",""
"","6625","GLOBAL | main page | footer | socialMediaBar | redditIcon","chromium-CySEC-it-it-unregistered","2026-09-30","skipped","2026-09-30","","cta/generated.cta.spec.js","",""
"","6948","GLOBAL | main page | footer | socialMediaBar | redditIcon","chromium-SCB-mn-unauthorised","2026-09-30","passed","2026-09-30","","cta/generated.cta.spec.js","",""
"","6690","GLOBAL | main page | footer | regionalSettingsModalWindow | countrySwitcherBtn","chromium-SCB-ru-unauthorised","2026-09-30","passed","2026-09-30","","cta/generated.cta.spec.js","",""
"","8949","GLOBAL | main page | footer | socialMediaBar | exploreAppGalleryBtn","chromium-CySEC-ro-ro-authorised","2026-09-30","passed","2026-09-30","","cta/generated.cta.spec.js","",""
"","7017","GLOBAL | main page | footer | socialMediaBar | redditIcon","chromium-SCB-ru-authorised","2026-09-30","passed","2026-09-30","","cta/generated.cta.spec.js","",""
"","7974","GLOBAL | main page | footer | socialMediaBar | facebookIcon","chromium-SCB-fr-unregistered","2026-09-30","passed","2026-09-30","","cta/generated.cta.spec.js","",""
"","6601","GLOBAL | main page | footer | socialMediaBar | redditIcon","chromium-CySEC-nl-nl-authorised","2026-09-30","skipped","2026-09-30","","cta/generated.cta.spec.js","",""
"","7553","GLOBAL | main page | footer | riskWarningBlock | sitemapLink","chromium-CySEC-de-at-unregistered","2026-09-30","passed","2026-09-30","","cta/generated.cta.spec.js","",""
"","6822","GLOBAL | main page | footer | riskWarningBlock | termsAndPoliciesLink","chromium-FCA-en-unauthorised","2026-09-30","passed","2026-09-30","","cta/generated.cta.spec.js","",""
"","6798","GLOBAL | main page | footer | regionalSettingsModalWindow | langSwitcherBtn","chromium-FCA-en-unregistered","2026-09-30","passed","2026-09-30","","cta/generated.cta.spec.js","",""
"","7506","GLOBAL | main page | footer | socialMediaBar | facebookIcon","chromium-CySEC-de-de-authorised","2026-09-30","passed","2026-09-30","","cta/generated.cta.spec.js","",""
"","8722","GLOBAL | main page | footer | socialMediaBar | youtubeIcon","chromium-CySEC-hu-hu-authorised","2026-09-30","passed","2026-09-30","","cta/generated.cta.spec.js","",""
"","6199","GLOBAL | main page | footer | socialMediaBar | facebookIcon","chromium-FCA-en-unauthorised","2026-09-30","skipped","2026-09-30","","cta/generated.cta.spec.js","",""
"","6108","GLOBAL | main page | footer | socialMediaBar | youtubeIcon","chromium-SCB-mn-unauthorised","2026-09-30","skipped","2026-09-30","","cta/generated.cta.spec.js","",""
"","6538","GLOBAL | main page | footer | riskWarningBlock | licenseText","chromium-SCB-es-authorised","2026-09-30","passed","2026-09-30","","cta/generated.cta.spec.js","",""
"","6518","GLOBAL | main page | footer | riskWarningBlock | riskDisclosureStatementLink","chromium-CySEC-de-de-unauthorised","2026-09-30","skipped","2026-09-30","","cta/generated.cta.spec.js","",""
"","6936","GLOBAL | main page | footer | riskWarningBlock | sitemapLink","chromium-SCB-de-unregistered","2026-09-30","passed","2026-09-30","","cta/generated.cta.spec.js","",""
"","6246","GLOBAL | main page | footer | socialMediaBar | youtubeIcon","chromium-SCB-es-unauthorised","2026-09-30","skipped","2026-09-30","","cta/generated.cta.spec.js","",""
"","7948","GLOBAL | main page | footer | socialMediaBar | downloadAppStoreBtn","chromium-SCB-es-unauthorised","2026-09-30","passed","2026-09-30","","cta/generated.cta.spec.js","",""
"","7616","GLOBAL | main page | footer | socialMediaBar | tiktokIcon","chromium-CySEC-hu-hu-unregistered","2026-09-30","skipped","2026-09-30","","cta/generated.cta.spec.js","",""
"","8117","GLOBAL | main page | footer | riskWarningBlock | termsAndPoliciesLink","chromium-CySEC-de-de-unregistered","2026-09-30","passed","2026-09-30","","cta/generated.cta.spec.js","",""
"","7245","GLOBAL | main page | footer | socialMediaBar | logo","chromium-CySEC-el-gr-unauthorised","2026-09-30","passed","2026-09-30","","cta/generated.cta.spec.js","",""
"","6534","GLOBAL | main page | footer | socialMediaBar | tiktokIcon","chromium-CySEC-ro-ro-unauthorised","2026-09-30","skipped","2026-09-30","","cta/generated.cta.spec.js","",""
"","7255","GLOBAL | main page | footer | riskWarningBlock | complaintsProcedureLink","chromium-SCB-de-authorised","2026-09-30","passed","2026-09-30","","cta/generated.cta.spec.js","",""
"","7483","GLOBAL | main page | footer | socialMediaBar | facebookIcon","chromium-SCB-ar-authorised","2026-09-30","passed","2026-09-30","","cta/generated.cta.spec.js","",""
"","7291","GLOBAL | main page | footer | riskWarningBlock | sitemapLink","chromium-CMA-ar-unauthorised","2026-09-30","passed","2026-09-30","","cta/generated.cta.spec.js","",""
"","7107","GLOBAL | main page | footer | regionalSettingsModalWindow | langSwitcherBtn","chromium-CMA-ar-unregistered","2026-09-30","passed","2026-09-30","","cta/generated.cta.spec.js","",""
"","6972","GLOBAL | main page | footer | riskWarningBlock | licenseText","chromium-CySEC-en-eu-unauthorised","2026-09-30","passed","2026-09-30","","cta/generated.cta.spec.js","",""
"","7476","GLOBAL | main page | footer | socialMediaBar | linkedinIcon","chromium-SCB-es-authorised","2026-09-30","passed","2026-09-30","","cta/generated.cta.spec.js","",""
"","6186","GLOBAL | main page | footer | riskWarningBlock | riskDisclosureStatementLink","chromium-SCB-en-authorised","2026-09-30","skipped","2026-09-30","","cta/generated.cta.spec.js","",""
"","6392","GLOBAL | main page | footer | riskWarningBlock | cookieSettingsLink","chromium-SCB-mn-unregistered","2026-09-30","passed","2026-09-30","","cta/generated.cta.spec.js","",""
"","6996","GLOBAL | main page | footer | socialMediaBar | twitterIcon","chromium-SCB-en-unauthorised","2026-09-30","passed","2026-09-30","","cta/generated.cta.spec.js","",""
"","8138","GLOBAL | main page | footer | riskWarningBlock | complaintsProcedureLink","chromium-CySEC-hu-hu-unregistered","2026-09-30","passed","2026-09-30","","cta/generated.cta.spec.js","",""
"","6891","GLOBAL | main page | footer | socialMediaBar | twitterIcon","chromium-SCB-ar-unregistered","2026-09-30","passed","2026-09-30","","cta/generated.cta.spec.js","",""
"","7191","GLOBAL | main page | footer | riskWarningBlock | licenseText","chromium-CySEC-en-eu-authorised","2026-09-30","passed","2026-09-30","","cta/generated.cta.spec.js","",""
"","8134","GLOBAL | main page | footer | socialMediaBar | getGooglePlayBtn","chromium-CySEC-fr-fr-unauthorised","2026-09-30","passed","2026-09-30","","cta/generated.cta.spec.js","",""
"","7280","GLOBAL | main page | footer | socialMediaBar | linkedinIcon","chromium-SCB-ar-unregistered","2026-09-30","passed","2026-09-30","","cta/generated.cta.spec.js","",""
"","6719","GLOBAL | main page | footer | socialMediaBar | twitterIcon","chromium-CySEC-en-eu-authorised","2026-09-30","skipped","2026-09-30","","cta/generated.cta.spec.js","",""
"","7366","GLOBAL | main page | footer | riskWarningBlock | complaintsProcedureLink","chromium-CySEC-it-it-authorised","2026-09-30","passed","2026-09-30","","cta/generated.cta.spec.js","",""
"","6643","GLOBAL | main page | footer | socialMediaBar | tiktokIcon","chromium-CySEC-de-de-authorised","2026-09-30","skipped","2026-09-30","","cta/generated.cta.spec.js","",""
"","7063","GLOBAL | main page | footer | riskWarningBlock | licenseText","chromium-CySEC-hu-hu-authorised","2026-09-30","passed","2026-09-30","","cta/generated.cta.spec.js","",""
"","8177","GLOBAL | main page | footer | socialMediaBar | facebookIcon","chromium-ASIC-en-unregistered","2026-09-30","passed","2026-09-30","","cta/generated.cta.spec.js","",""
"","6472","GLOBAL | main page | footer | socialMediaBar | instagramIcon","chromium-CySEC-de-at-unregistered","2026-09-30","skipped","2026-09-30","","cta/generated.cta.spec.js","",""
"","6703","GLOBAL | main page | footer | socialMediaBar | logo","chromium-SCB-es-unauthorised","2026-09-30","passed","2026-09-30","","cta/generated.cta.spec.js","",""
"","8471","GLOBAL | main page | footer | socialMediaBar | downloadAppStoreBtn","chromium-CySEC-ro-ro-unauthorised","2026-09-30","passed","2026-09-30","","cta/generated.cta.spec.js","",""
"","7076","GLOBAL | main page | footer | riskWarningBlock | cookieSettingsLink","chromium-CySEC-de-at-unauthorised","2026-09-30","passed","2026-09-30","","cta/generated.cta.spec.js","",""
"","2946","GLOBAL | main page | footer | riskWarningBlock | cookieSettingsLink","chromium-SCB-zh-hans-unauthorised","2026-09-30","passed","2026-09-30","","cta/generated.cta.spec.js","",""
"","7116","GLOBAL | main page | footer | socialMediaBar | getGooglePlayBtn","chromium-FCA-en-unauthorised","2026-09-30","passed","2026-09-30","","cta/generated.cta.spec.js","",""
"","8131","GLOBAL | main page | footer | riskWarningBlock | complaintsProcedureLink","chromium-CySEC-ro-ro-authorised","2026-09-30","passed","2026-09-30","","cta/generated.cta.spec.js","",""
"","7141","GLOBAL | main page | footer | riskWarningBlock | cookieSettingsLink","chromium-CySEC-it-it-unregistered","2026-09-30","passed","2026-09-30","","cta/generated.cta.spec.js","",""
"","6778","GLOBAL | main page | footer | socialMediaBar | redditIcon","chromium-CMA-en-unauthorised","2026-09-30","skipped","2026-09-30","","cta/generated.cta.spec.js","",""
"","7279","GLOBAL | main page | footer | socialMediaBar | facebookIcon","chromium-SCB-ar-unauthorised","2026-09-30","passed","2026-09-30","","cta/generated.cta.spec.js","",""
"","6141","GLOBAL | main page | footer | riskWarningBlock | riskDisclosureStatementLink","chromium-SCB-zh-hant-unauthorised","2026-09-30","skipped","2026-09-30","","cta/generated.cta.spec.js","",""
"","8728","GLOBAL | main page | footer | socialMediaBar | exploreAppGalleryBtn","chromium-CySEC-hu-hu-authorised","2026-09-30","passed","2026-09-30","","cta/generated.cta.spec.js","",""
"","6597","GLOBAL | main page | footer | socialMediaBar | instagramIcon","chromium-CySEC-ro-ro-unregistered","2026-09-30","skipped","2026-09-30","","cta/generated.cta.spec.js","",""
"","7044","GLOBAL | main page | footer | riskWarningBlock | licenseText","chromium-ASIC-en-unregistered","2026-09-30","passed","2026-09-30","","cta/generated.cta.spec.js","",""
"","6669","GLOBAL | main page | footer | socialMediaBar | tiktokIcon","chromium-CySEC-nl-nl-authorised","2026-09-30","skipped","2026-09-30","","cta/generated.cta.spec.js","",""
"","7074","GLOBAL | main page | footer | riskWarningBlock | cookieSettingsLink","chromium-CySEC-nl-nl-unauthorised","2026-09-30","passed","2026-09-30","","cta/generated.cta.spec.js","",""
"","6596","GLOBAL | main page | footer | socialMediaBar | tiktokIcon","chromium-CySEC-pl-pl-unauthorised","2026-09-30","skipped","2026-09-30","","cta/generated.cta.spec.js","",""
"","7225","GLOBAL | main page | footer | socialMediaBar | twitterIcon","chromium-CMA-ar-unregistered","2026-09-30","passed","2026-09-30","","cta/generated.cta.spec.js","",""
"","7744","GLOBAL | main page | footer | socialMediaBar | downloadAppStoreBtn","chromium-SCB-vi-unauthorised","2026-09-30","passed","2026-09-30","","cta/generated.cta.spec.js","",""
"","7237","GLOBAL | main page | footer | riskWarningBlock | cookieSettingsLink","chromium-ASIC-en-unregistered","2026-09-30","passed","2026-09-30","","cta/generated.cta.spec.js","",""
"","7299","GLOBAL | main page | footer | socialMediaBar | logo","chromium-CySEC-en-eu-unauthorised","2026-09-30","passed","2026-09-30","","cta/generated.cta.spec.js","",""
"","12181","GLOBAL | main page | footer | socialMediaBar | getGooglePlayBtn","chromium-CySEC-nl-nl-unauthorised","2026-09-30","passed","2026-09-30","","cta/generated.cta.spec.js","",""
"","6219","GLOBAL | main page | footer | riskWarningBlock | riskDisclosureStatementLink","chromium-SCB-ar-unauthorised","2026-09-30","skipped","2026-09-30","","cta/generated.cta.spec.js","",""
"","7100","GLOBAL | main page | footer | socialMediaBar | instagramIcon","chromium-SCB-ar-unauthorised","2026-09-30","passed","2026-09-30","","cta/generated.cta.spec.js","",""
"","7232","GLOBAL | main page | footer | riskWarningBlock | complaintsProcedureLink","chromium-CySEC-fr-fr-unauthorised","2026-09-30","passed","2026-09-30","","cta/generated.cta.spec.js","",""
"","6577","GLOBAL | main page | footer | regionalSettingsModalWindow | countrySwitcherBtn","chromium-SCB-es-unregistered","2026-09-30","passed","2026-09-30","","cta/generated.cta.spec.js","",""
"","7166","GLOBAL | main page | footer | riskWarningBlock | licenseText","chromium-CySEC-hu-hu-unregistered","2026-09-30","passed","2026-09-30","","cta/generated.cta.spec.js","",""
"","6569","GLOBAL | main page | footer | socialMediaBar | linkedinIcon","chromium-CySEC-ro-ro-unauthorised","2026-09-30","skipped","2026-09-30","","cta/generated.cta.spec.js","",""
"","8156","GLOBAL | main page | footer | riskWarningBlock | sitemapLink","chromium-CySEC-hu-hu-authorised","2026-09-30","passed","2026-09-30","","cta/generated.cta.spec.js","",""
"","7424","GLOBAL | main page | footer | socialMediaBar | twitterIcon","chromium-CMA-ar-unauthorised","2026-09-30","passed","2026-09-30","","cta/generated.cta.spec.js","",""
"","6289","GLOBAL | main page | footer | riskWarningBlock | riskDisclosureStatementLink","chromium-SCB-vi-authorised","2026-09-30","skipped","2026-09-30","","cta/generated.cta.spec.js","",""
"","8016","GLOBAL | main page | footer | socialMediaBar | downloadAppStoreBtn","chromium-CySEC-el-gr-unauthorised","2026-09-30","passed","2026-09-30","","cta/generated.cta.spec.js","",""
"","6731","GLOBAL | main page | footer | riskWarningBlock | licenseText","chromium-SCB-en-authorised","2026-09-30","passed","2026-09-30","","cta/generated.cta.spec.js","",""
"","7221","GLOBAL | main page | footer | regionalSettingsModalWindow | langSwitcherBtn","chromium-CySEC-el-gr-authorised","2026-09-30","passed","2026-09-30","","cta/generated.cta.spec.js","",""
"","6732","GLOBAL | main page | footer | socialMediaBar | facebookIcon","chromium-CySEC-de-at-authorised","2026-09-30","skipped","2026-09-30","","cta/generated.cta.spec.js","",""
"","7357","GLOBAL | main page | footer | socialMediaBar | twitterIcon","chromium-SCB-es-unauthorised","2026-09-30","passed","2026-09-30","","cta/generated.cta.spec.js","",""
"","6595","GLOBAL | main page | footer | riskWarningBlock | riskDisclosureStatementLink","chromium-CySEC-el-gr-authorised","2026-09-30","skipped","2026-09-30","","cta/generated.cta.spec.js","",""
"","8114","GLOBAL | main page | footer | socialMediaBar | getGooglePlayBtn","chromium-ASIC-en-authorised","2026-09-30","passed","2026-09-30","","cta/generated.cta.spec.js","",""
"","7734","GLOBAL | main page | footer | socialMediaBar | getGooglePlayBtn","chromium-CySEC-pl-pl-authorised","2026-09-30","passed","2026-09-30","","cta/generated.cta.spec.js","",""
"","6991","GLOBAL | main page | footer | riskWarningBlock | licenseText","chromium-CySEC-de-at-unregistered","2026-09-30","passed","2026-09-30","","cta/generated.cta.spec.js","",""
"","7668","GLOBAL | main page | footer | socialMediaBar | instagramIcon","chromium-SCB-en-authorised","2026-09-30","passed","2026-09-30","","cta/generated.cta.spec.js","",""
"","6492","GLOBAL | main page | footer | socialMediaBar | redditIcon","chromium-CySEC-fr-fr-unauthorised","2026-09-30","skipped","2026-09-30","","cta/generated.cta.spec.js","",""
"","7138","GLOBAL | main page | footer | riskWarningBlock | sitemapLink","chromium-SCB-zh-hant-unauthorised","2026-09-30","passed","2026-09-30","","cta/generated.cta.spec.js","",""
"","7204","GLOBAL | main page | footer | socialMediaBar | getGooglePlayBtn","chromium-SCB-fr-unauthorised","2026-09-30","passed","2026-09-30","","cta/generated.cta.spec.js","",""
"","8011","GLOBAL | main page | footer | socialMediaBar | exploreAppGalleryBtn","chromium-FCA-en-unregistered","2026-09-30","passed","2026-09-30","","cta/generated.cta.spec.js","",""
"","7296","GLOBAL | main page | footer | socialMediaBar | linkedinIcon","chromium-SCB-vi-unregistered","2026-09-30","passed","2026-09-30","","cta/generated.cta.spec.js","",""
"","7404","GLOBAL | main page | footer | regionalSettingsModalWindow | langSwitcherBtn","chromium-CySEC-ro-ro-unauthorised","2026-09-30","passed","2026-09-30","","cta/generated.cta.spec.js","",""
"","7230","GLOBAL | main page | footer | socialMediaBar | logo","chromium-SCB-en-unregistered","2026-09-30","passed","2026-09-30","","cta/generated.cta.spec.js","",""
"","7235","GLOBAL | main page | footer | socialMediaBar | linkedinIcon","chromium-SCB-vi-unauthorised","2026-09-30","passed","2026-09-30","","cta/generated.cta.spec.js","",""
"","8228","GLOBAL | main page | footer | socialMediaBar | linkedinIcon","chromium-CySEC-en-eu-unauthorised","2026-09-30","passed","2026-09-30","","cta/generated.cta.spec.js","",""
"","7012","GLOBAL | main page | footer | riskWarningBlock | cookieSettingsLink","chromium-SCB-es-authorised","2026-09-30","passed","2026-09-30","","cta/generated.cta.spec.js","",""
"","8388","GLOBAL | main page | footer | socialMediaBar | exploreAppGalleryBtn","chromium-SCB-vi-authorised","2026-09-30","passed","2026-09-30","","cta/generated.cta.spec.js","",""
"","7604","GLOBAL | main page | footer | socialMediaBar | getGooglePlayBtn","chromium-SCB-vi-unregistered","2026-09-30","passed","2026-09-30","","cta/generated.cta.spec.js","",""
"","6975","GLOBAL | main page | footer | socialMediaBar | logo","chromium-FCA-en-unregistered","2026-09-30","passed","2026-09-30","","cta/generated.cta.spec.js","",""
"","7605","GLOBAL | main page | footer | socialMediaBar | twitterIcon","chromium-SCB-zh-hant-unauthorised","2026-09-30","passed","2026-09-30","","cta/generated.cta.spec.js","",""
"","6900","GLOBAL | main page | footer | socialMediaBar | twitterIcon","chromium-FCA-en-unregistered","2026-09-30","skipped","2026-09-30","","cta/generated.cta.spec.js","",""
"","8273","GLOBAL | main page | footer | riskWarningBlock | complaintsProcedureLink","chromium-ASIC-en-unregistered","2026-09-30","passed","2026-09-30","","cta/generated.cta.spec.js","",""
"","7767","GLOBAL | main page | footer | socialMediaBar | facebookIcon","chromium-SCB-es-unauthorised","2026-09-30","passed","2026-09-30","","cta/generated.cta.spec.js","",""
"","6569","GLOBAL | main page | footer | riskWarningBlock | riskDisclosureStatementLink","chromium-CySEC-fr-fr-unauthorised","2026-09-30","skipped","2026-09-30","","cta/generated.cta.spec.js","",""
"","8143","GLOBAL | main page | footer | socialMediaBar | facebookIcon","chromium-SCB-es-unregistered","2026-09-30","passed","2026-09-30","","cta/generated.cta.spec.js","",""
"","7476","GLOBAL | main page | footer | regionalSettingsModalWindow | langSwitcherBtn","chromium-CySEC-en-eu-authorised","2026-09-30","passed","2026-09-30","","cta/generated.cta.spec.js","",""
"","7093","GLOBAL | main page | footer | socialMediaBar | twitterIcon","chromium-SCB-mn-unregistered","2026-09-30","passed","2026-09-30","","cta/generated.cta.spec.js","",""
"","7680","GLOBAL | main page | footer | socialMediaBar | getGooglePlayBtn","chromium-CySEC-it-it-unauthorised","2026-09-30","passed","2026-09-30","","cta/generated.cta.spec.js","",""
"","7228","GLOBAL | main page | footer | socialMediaBar | logo","chromium-SCB-es-unregistered","2026-09-30","passed","2026-09-30","","cta/generated.cta.spec.js","",""
"","7269","GLOBAL | main page | footer | regionalSettingsModalWindow | langSwitcherBtn","chromium-CySEC-ro-ro-authorised","2026-09-30","passed","2026-09-30","","cta/generated.cta.spec.js","",""
"","6716","GLOBAL | main page | footer | socialMediaBar | instagramIcon","chromium-CySEC-fr-fr-unauthorised","2026-09-30","skipped","2026-09-30","","cta/generated.cta.spec.js","",""
"","6460","GLOBAL | main page | footer | socialMediaBar | instagramIcon","chromium-CySEC-el-gr-unauthorised","2026-09-30","skipped","2026-09-30","","cta/generated.cta.spec.js","",""
"","8598","GLOBAL | main page | footer | riskWarningBlock | complaintsProcedureLink","chromium-CySEC-de-de-unregistered","2026-09-30","passed","2026-09-30","","cta/generated.cta.spec.js","",""
"","7087","GLOBAL | main page | footer | riskWarningBlock | termsAndPoliciesLink","chromium-SCB-de-unregistered","2026-09-30","passed","2026-09-30","","cta/generated.cta.spec.js","",""
"","7215","GLOBAL | main page | footer | riskWarningBlock | cookieSettingsLink","chromium-CySEC-hu-hu-unauthorised","2026-09-30","passed","2026-09-30","","cta/generated.cta.spec.js","",""
"","7929","GLOBAL | main page | footer | socialMediaBar | linkedinIcon","chromium-CySEC-nl-nl-authorised","2026-09-30","passed","2026-09-30","","cta/generated.cta.spec.js","",""
"","6701","GLOBAL | main page | footer | riskWarningBlock | cookieSettingsLink","chromium-SCB-es-unauthorised","2026-09-30","passed","2026-09-30","","cta/generated.cta.spec.js","",""
"","8539","GLOBAL | main page | footer | socialMediaBar | downloadAppStoreBtn","chromium-CySEC-en-eu-unauthorised","2026-09-30","passed","2026-09-30","","cta/generated.cta.spec.js","",""
"","6590","GLOBAL | main page | footer | socialMediaBar | instagramIcon","chromium-CySEC-en-eu-authorised","2026-09-30","skipped","2026-09-30","","cta/generated.cta.spec.js","",""
"","7427","GLOBAL | main page | footer | riskWarningBlock | licenseText","chromium-CySEC-de-at-unauthorised","2026-09-30","passed","2026-09-30","","cta/generated.cta.spec.js","",""
"","7470","GLOBAL | main page | footer | riskWarningBlock | sitemapLink","chromium-CySEC-el-gr-authorised","2026-09-30","passed","2026-09-30","","cta/generated.cta.spec.js","",""
"","7506","GLOBAL | main page | footer | regionalSettingsModalWindow | countrySwitcherBtn","chromium-ASIC-en-authorised","2026-09-30","passed","2026-09-30","","cta/generated.cta.spec.js","",""
"","6745","GLOBAL | main page | footer | socialMediaBar | redditIcon","chromium-SCB-en-unauthorised","2026-09-30","passed","2026-09-30","","cta/generated.cta.spec.js","",""
"","8745","GLOBAL | main page | footer | socialMediaBar | exploreAppGalleryBtn","chromium-CMA-en-unregistered","2026-09-30","passed","2026-09-30","","cta/generated.cta.spec.js","",""
"","8489","GLOBAL | main page | footer | socialMediaBar | exploreAppGalleryBtn","chromium-CySEC-pl-pl-unregistered","2026-09-30","passed","2026-09-30","","cta/generated.cta.spec.js","",""
"","6449","GLOBAL | main page | footer | socialMediaBar | redditIcon","chromium-CySEC-fr-fr-unregistered","2026-09-30","skipped","2026-09-30","","cta/generated.cta.spec.js","",""
"","6539","GLOBAL | main page | footer | socialMediaBar | redditIcon","chromium-CySEC-ro-ro-unregistered","2026-09-30","skipped","2026-09-30","","cta/generated.cta.spec.js","",""
"","7571","GLOBAL | main page | footer | socialMediaBar | instagramIcon","chromium-CMA-en-unregistered","2026-09-30","passed","2026-09-30","","cta/generated.cta.spec.js","",""
"","7704","GLOBAL | main page | footer | regionalSettingsModalWindow | countrySwitcherBtn","chromium-CySEC-nl-nl-authorised","2026-09-30","passed","2026-09-30","","cta/generated.cta.spec.js","",""
"","7549","GLOBAL | main page | footer | riskWarningBlock | complaintsProcedureLink","chromium-CMA-en-authorised","2026-09-30","passed","2026-09-30","","cta/generated.cta.spec.js","",""
"","7927","GLOBAL | main page | footer | socialMediaBar | getGooglePlayBtn","chromium-CySEC-el-gr-unregistered","2026-09-30","passed","2026-09-30","","cta/generated.cta.spec.js","",""
"","6527","GLOBAL | main page | footer | socialMediaBar | instagramIcon","chromium-CySEC-nl-nl-unregistered","2026-09-30","skipped","2026-09-30","","cta/generated.cta.spec.js","",""
"","6558","GLOBAL | main page | footer | socialMediaBar | linkedinIcon","chromium-CySEC-ro-ro-unregistered","2026-09-30","skipped","2026-09-30","","cta/generated.cta.spec.js","",""
"","6851","GLOBAL | main page | footer | regionalSettingsModalWindow | langSwitcherBtn","chromium-SCB-zh-hant-unauthorised","2026-09-30","passed","2026-09-30","","cta/generated.cta.spec.js","",""
"","7151","GLOBAL | main page | footer | riskWarningBlock | licenseText","chromium-CySEC-nl-nl-authorised","2026-09-30","passed","2026-09-30","","cta/generated.cta.spec.js","",""
"","7132","GLOBAL | main page | footer | riskWarningBlock | termsAndPoliciesLink","chromium-CySEC-fr-fr-unauthorised","2026-09-30","passed","2026-09-30","","cta/generated.cta.spec.js","",""
"","6724","GLOBAL | main page | footer | riskWarningBlock | licenseText","chromium-SCB-de-authorised","2026-09-30","passed","2026-09-30","","cta/generated.cta.spec.js","",""
"","7548","GLOBAL | main page | footer | riskWarningBlock | termsAndPoliciesLink","chromium-CySEC-nl-nl-authorised","2026-09-30","passed","2026-09-30","","cta/generated.cta.spec.js","",""
"","7912","GLOBAL | main page | footer | socialMediaBar | downloadAppStoreBtn","chromium-CySEC-fr-fr-unauthorised","2026-09-30","passed","2026-09-30","","cta/generated.cta.spec.js","",""
"","7469","GLOBAL | main page | footer | socialMediaBar | instagramIcon","chromium-CySEC-it-it-authorised","2026-09-30","passed","2026-09-30","","cta/generated.cta.spec.js","",""
"","6742","GLOBAL | main page | footer | socialMediaBar | twitterIcon","chromium-CySEC-pl-pl-unregistered","2026-09-30","skipped","2026-09-30","","cta/generated.cta.spec.js","",""
"","9606","GLOBAL | main page | footer | socialMediaBar | exploreAppGalleryBtn","chromium-CMA-ar-unregistered","2026-09-30","passed","2026-09-30","","cta/generated.cta.spec.js","",""
"","6179","GLOBAL | main page | footer | riskWarningBlock | riskDisclosureStatementLink","chromium-SCB-mn-authorised","2026-09-30","skipped","2026-09-30","","cta/generated.cta.spec.js","",""
"","6781","GLOBAL | main page | footer | regionalSettingsModalWindow | langSwitcherBtn","chromium-SCB-fr-authorised","2026-09-30","passed","2026-09-30","","cta/generated.cta.spec.js","",""
"","6924","GLOBAL | main page | footer | regionalSettingsModalWindow | countrySwitcherBtn","chromium-SCB-zh-hant-authorised","2026-09-30","passed","2026-09-30","","cta/generated.cta.spec.js","",""
"","6717","GLOBAL | main page | footer | socialMediaBar | tiktokIcon","chromium-CySEC-de-at-unauthorised","2026-09-30","skipped","2026-09-30","","cta/generated.cta.spec.js","",""
"","6620","GLOBAL | main page | footer | socialMediaBar | facebookIcon","chromium-CySEC-fr-fr-authorised","2026-09-30","skipped","2026-09-30","","cta/generated.cta.spec.js","",""
"","6875","GLOBAL | main page | footer | socialMediaBar | facebookIcon","chromium-CySEC-el-gr-authorised","2026-09-30","skipped","2026-09-30","","cta/generated.cta.spec.js","",""
"","6437","GLOBAL | main page | footer | socialMediaBar | tiktokIcon","chromium-CySEC-de-de-unauthorised","2026-09-30","skipped","2026-09-30","","cta/generated.cta.spec.js","",""
"","6328","GLOBAL | main page | footer | socialMediaBar | youtubeIcon","chromium-SCB-de-authorised","2026-09-30","skipped","2026-09-30","","cta/generated.cta.spec.js","",""
"","6276","GLOBAL | main page | footer | socialMediaBar | youtubeIcon","chromium-SCB-zh-hant-unregistered","2026-09-30","skipped","2026-09-30","","cta/generated.cta.spec.js","",""
"","6514","GLOBAL | main page | footer | socialMediaBar | facebookIcon","chromium-CySEC-nl-nl-unauthorised","2026-09-30","skipped","2026-09-30","","cta/generated.cta.spec.js","",""
"","2998","GLOBAL | main page | footer | socialMediaBar | exploreAppGalleryBtn","chromium-SCB-zh-hans-unauthorised","2026-09-30","passed","2026-09-30","","cta/generated.cta.spec.js","",""
"","6307","GLOBAL | main page | footer | riskWarningBlock | riskDisclosureStatementLink","chromium-SCB-de-authorised","2026-09-30","skipped","2026-09-30","","cta/generated.cta.spec.js","",""
"","7158","GLOBAL | main page | footer | regionalSettingsModalWindow | langSwitcherBtn","chromium-CMA-en-unauthorised","2026-09-30","passed","2026-09-30","","cta/generated.cta.spec.js","",""
"","7653","GLOBAL | main page | footer | socialMediaBar | instagramIcon","chromium-ASIC-en-unregistered","2026-09-30","passed","2026-09-30","","cta/generated.cta.spec.js","",""
"","6181","GLOBAL | main page | footer | riskWarningBlock | riskDisclosureStatementLink","chromium-SCB-fr-unregistered","2026-09-30","skipped","2026-09-30","","cta/generated.cta.spec.js","",""
"","8405","GLOBAL | main page | footer | riskWarningBlock | complaintsProcedureLink","chromium-CySEC-en-eu-authorised","2026-09-30","passed","2026-09-30","","cta/generated.cta.spec.js","",""
"","7555","GLOBAL | main page | footer | riskWarningBlock | sitemapLink","chromium-CMA-en-authorised","2026-09-30","passed","2026-09-30","","cta/generated.cta.spec.js","",""
"","6641","GLOBAL | main page | footer | socialMediaBar | facebookIcon","chromium-CySEC-fr-fr-unauthorised","2026-09-30","skipped","2026-09-30","","cta/generated.cta.spec.js","",""
"","8060","GLOBAL | main page | footer | riskWarningBlock | termsAndPoliciesLink","chromium-CySEC-de-at-authorised","2026-09-30","passed","2026-09-30","","cta/generated.cta.spec.js","",""
"","7114","GLOBAL | main page | footer | riskWarningBlock | licenseText","chromium-CySEC-nl-nl-unregistered","2026-09-30","passed","2026-09-30","","cta/generated.cta.spec.js","",""
"","7414","GLOBAL | main page | footer | socialMediaBar | downloadAppStoreBtn","chromium-SCB-vi-unregistered","2026-09-30","passed","2026-09-30","","cta/generated.cta.spec.js","",""
"","12197","GLOBAL | main page | footer | socialMediaBar | youtubeIcon","chromium-CySEC-hu-hu-unregistered","2026-09-30","passed","2026-09-30","","cta/generated.cta.spec.js","",""
"","7878","GLOBAL | main page | footer | riskWarningBlock | sitemapLink","chromium-ASIC-en-authorised","2026-09-30","passed","2026-09-30","","cta/generated.cta.spec.js","",""
"","7092","GLOBAL | main page | footer | regionalSettingsModalWindow | countrySwitcherBtn","chromium-CySEC-nl-nl-unauthorised","2026-09-30","passed","2026-09-30","","cta/generated.cta.spec.js","",""
"","7592","GLOBAL | main page | footer | riskWarningBlock | termsAndPoliciesLink","chromium-CySEC-ro-ro-authorised","2026-09-30","passed","2026-09-30","","cta/generated.cta.spec.js","",""
"","6610","GLOBAL | main page | footer | socialMediaBar | redditIcon","chromium-CySEC-nl-nl-unregistered","2026-09-30","skipped","2026-09-30","","cta/generated.cta.spec.js","",""
"","3745","GLOBAL | main page | footer | socialMediaBar | instagramIcon","chromium-SCB-zh-hans-unregistered","2026-09-30","passed","2026-09-30","","cta/generated.cta.spec.js","",""
"","8004","GLOBAL | main page | footer | socialMediaBar | tiktokIcon","chromium-SCB-de-unregistered","2026-09-30","passed","2026-09-30","","cta/generated.cta.spec.js","",""
"","7399","GLOBAL | main page | footer | riskWarningBlock | complaintsProcedureLink","chromium-CySEC-de-at-unauthorised","2026-09-30","passed","2026-09-30","","cta/generated.cta.spec.js","",""
"","6760","GLOBAL | main page | footer | riskWarningBlock | riskDisclosureStatementLink","chromium-CySEC-pl-pl-authorised","2026-09-30","skipped","2026-09-30","","cta/generated.cta.spec.js","",""
"","8200","GLOBAL | main page | footer | socialMediaBar | exploreAppGalleryBtn","chromium-SCB-vi-unregistered","2026-09-30","passed","2026-09-30","","cta/generated.cta.spec.js","",""
"","8158","GLOBAL | main page | footer | riskWarningBlock | termsAndPoliciesLink","chromium-CySEC-de-at-unregistered","2026-09-30","passed","2026-09-30","","cta/generated.cta.spec.js","",""
"","6500","GLOBAL | main page | footer | socialMediaBar | tiktokIcon","chromium-CySEC-fr-fr-unregistered","2026-09-30","skipped","2026-09-30","","cta/generated.cta.spec.js","",""
"","7360","GLOBAL | main page | footer | socialMediaBar | facebookIcon","chromium-SCB-fr-authorised","2026-09-30","passed","2026-09-30","","cta/generated.cta.spec.js","",""
"","6614","GLOBAL | main page | footer | socialMediaBar | facebookIcon","chromium-CySEC-en-eu-unregistered","2026-09-30","skipped","2026-09-30","","cta/generated.cta.spec.js","",""
"","8840","GLOBAL | main page | footer | socialMediaBar | exploreAppGalleryBtn","chromium-CySEC-de-at-unregistered","2026-09-30","passed","2026-09-30","","cta/generated.cta.spec.js","",""
"","6513","GLOBAL | main page | footer | socialMediaBar | tiktokIcon","chromium-CySEC-fr-fr-unauthorised","2026-09-30","skipped","2026-09-30","","cta/generated.cta.spec.js","",""
"","7313","GLOBAL | main page | footer | riskWarningBlock | complaintsProcedureLink","chromium-CMA-ar-authorised","2026-09-30","passed","2026-09-30","","cta/generated.cta.spec.js","",""
"","8158","GLOBAL | main page | footer | socialMediaBar | tiktokIcon","chromium-SCB-de-authorised","2026-09-30","passed","2026-09-30","","cta/generated.cta.spec.js","",""
"","7226","GLOBAL | main page | footer | riskWarningBlock | complaintsProcedureLink","chromium-CySEC-el-gr-unauthorised","2026-09-30","passed","2026-09-30","","cta/generated.cta.spec.js","",""
"","8494","GLOBAL | main page | footer | socialMediaBar | downloadAppStoreBtn","chromium-ASIC-en-unauthorised","2026-09-30","passed","2026-09-30","","cta/generated.cta.spec.js","",""
"","7090","GLOBAL | main page | footer | regionalSettingsModalWindow | langSwitcherBtn","chromium-CySEC-it-it-unauthorised","2026-09-30","passed","2026-09-30","","cta/generated.cta.spec.js","",""
"","7602","GLOBAL | main page | footer | socialMediaBar | getGooglePlayBtn","chromium-SCB-vi-authorised","2026-09-30","passed","2026-09-30","","cta/generated.cta.spec.js","",""
"","7264","GLOBAL | main page | footer | regionalSettingsModalWindow | countrySwitcherBtn","chromium-CySEC-hu-hu-unauthorised","2026-09-30","passed","2026-09-30","","cta/generated.cta.spec.js","",""
"","7055","GLOBAL | main page | footer | socialMediaBar | logo","chromium-SCB-mn-unregistered","2026-09-30","passed","2026-09-30","","cta/generated.cta.spec.js","",""
"","7105","GLOBAL | main page | footer | socialMediaBar | tiktokIcon","chromium-SCB-ru-unauthorised","2026-09-30","passed","2026-09-30","","cta/generated.cta.spec.js","",""
"","6104","GLOBAL | main page | footer | riskWarningBlock | sitemapLink","chromium-SCB-vi-unauthorised","2026-09-30","skipped","2026-09-30","","cta/generated.cta.spec.js","",""
"","8187","GLOBAL | main page | footer | riskWarningBlock | complaintsProcedureLink","chromium-CySEC-el-gr-authorised","2026-09-30","passed","2026-09-30","","cta/generated.cta.spec.js","",""
"","6826","GLOBAL | main page | footer | riskWarningBlock | licenseText","chromium-SCB-ru-unauthorised","2026-09-30","passed","2026-09-30","","cta/generated.cta.spec.js","",""
"","6698","GLOBAL | main page | footer | socialMediaBar | tiktokIcon","chromium-CySEC-fr-fr-authorised","2026-09-30","skipped","2026-09-30","","cta/generated.cta.spec.js","",""
"","7452","GLOBAL | main page | footer | socialMediaBar | facebookIcon","chromium-SCB-vi-unregistered","2026-09-30","passed","2026-09-30","","cta/generated.cta.spec.js","",""
"","7563","GLOBAL | main page | footer | socialMediaBar | linkedinIcon","chromium-SCB-fr-unregistered","2026-09-30","passed","2026-09-30","","cta/generated.cta.spec.js","",""
"","6504","GLOBAL | main page | footer | socialMediaBar | instagramIcon","chromium-CySEC-pl-pl-unauthorised","2026-09-30","skipped","2026-09-30","","cta/generated.cta.spec.js","",""
"","6341","GLOBAL | main page | footer | socialMediaBar | youtubeIcon","chromium-SCB-en-authorised","2026-09-30","skipped","2026-09-30","","cta/generated.cta.spec.js","",""
"","7128","GLOBAL | main page | footer | riskWarningBlock | sitemapLink","chromium-CySEC-el-gr-unauthorised","2026-09-30","passed","2026-09-30","","cta/generated.cta.spec.js","",""
"","7488","GLOBAL | main page | footer | riskWarningBlock | sitemapLink","chromium-CySEC-en-eu-unauthorised","2026-09-30","passed","2026-09-30","","cta/generated.cta.spec.js","",""
"","6766","GLOBAL | main page | footer | riskWarningBlock | licenseText","chromium-CySEC-el-gr-unauthorised","2026-09-30","passed","2026-09-30","","cta/generated.cta.spec.js","",""
"","8439","GLOBAL | main page | footer | socialMediaBar | exploreAppGalleryBtn","chromium-CySEC-hu-hu-unregistered","2026-09-30","passed","2026-09-30","","cta/generated.cta.spec.js","",""
"","7323","GLOBAL | main page | footer | socialMediaBar | linkedinIcon","chromium-SCB-zh-hant-authorised","2026-09-30","passed","2026-09-30","","cta/generated.cta.spec.js","",""
"","7108","GLOBAL | main page | footer | socialMediaBar | twitterIcon","chromium-SCB-en-unregistered","2026-09-30","passed","2026-09-30","","cta/generated.cta.spec.js","",""
"","8230","GLOBAL | main page | footer | socialMediaBar | exploreAppGalleryBtn","chromium-SCB-mn-authorised","2026-09-30","passed","2026-09-30","","cta/generated.cta.spec.js","",""
"","7995","GLOBAL | main page | footer | riskWarningBlock | sitemapLink","chromium-CySEC-en-eu-unregistered","2026-09-30","passed","2026-09-30","","cta/generated.cta.spec.js","",""
"","6756","GLOBAL | main page | footer | regionalSettingsModalWindow | countrySwitcherBtn","chromium-SCB-mn-unregistered","2026-09-30","passed","2026-09-30","","cta/generated.cta.spec.js","",""
"","7010","GLOBAL | main page | footer | socialMediaBar | facebookIcon","chromium-SCB-mn-authorised","2026-09-30","passed","2026-09-30","","cta/generated.cta.spec.js","",""
"","6121","GLOBAL | main page | footer | socialMediaBar | youtubeIcon","chromium-SCB-de-unauthorised","2026-09-30","skipped","2026-09-30","","cta/generated.cta.spec.js","",""
"","6939","GLOBAL | main page | footer | regionalSettingsModalWindow | langSwitcherBtn","chromium-SCB-zh-hant-authorised","2026-09-30","passed","2026-09-30","","cta/generated.cta.spec.js","",""
"","7091","GLOBAL | main page | footer | socialMediaBar | tiktokIcon","chromium-SCB-zh-hans-authorised","2026-09-30","passed","2026-09-30","","cta/generated.cta.spec.js","",""
"","6894","GLOBAL | main page | footer | riskWarningBlock | cookieSettingsLink","chromium-SCB-en-authorised","2026-09-30","passed","2026-09-30","","cta/generated.cta.spec.js","",""
"","6223","GLOBAL | main page | footer | riskWarningBlock | licenseText","chromium-SCB-fr-unauthorised","2026-09-30","passed","2026-09-30","","cta/generated.cta.spec.js","",""
"","7196","GLOBAL | main page | footer | socialMediaBar | facebookIcon","chromium-SCB-de-unauthorised","2026-09-30","passed","2026-09-30","","cta/generated.cta.spec.js","",""
"","7403","GLOBAL | main page | footer | regionalSettingsModalWindow | countrySwitcherBtn","chromium-SCB-es-authorised","2026-09-30","passed","2026-09-30","","cta/generated.cta.spec.js","",""
"","6667","GLOBAL | main page | footer | socialMediaBar | instagramIcon","chromium-CySEC-el-gr-authorised","2026-09-30","skipped","2026-09-30","","cta/generated.cta.spec.js","",""
"","6810","GLOBAL | main page | footer | riskWarningBlock | complaintsProcedureLink","chromium-SCB-mn-unauthorised","2026-09-30","passed","2026-09-30","","cta/generated.cta.spec.js","",""
"","6340","GLOBAL | main page | footer | socialMediaBar | youtubeIcon","chromium-FCA-en-authorised","2026-09-30","skipped","2026-09-30","","cta/generated.cta.spec.js","",""
"","6980","GLOBAL | main page | footer | socialMediaBar | tiktokIcon","chromium-CySEC-pl-pl-authorised","2026-09-30","skipped","2026-09-30","","cta/generated.cta.spec.js","",""
"","7055","GLOBAL | main page | footer | riskWarningBlock | licenseText","chromium-CMA-ar-authorised","2026-09-30","passed","2026-09-30","","cta/generated.cta.spec.js","",""
"","7725","GLOBAL | main page | footer | socialMediaBar | getGooglePlayBtn","chromium-CySEC-fr-fr-authorised","2026-09-30","passed","2026-09-30","","cta/generated.cta.spec.js","",""
"","6705","GLOBAL | main page | footer | regionalSettingsModalWindow | countrySwitcherBtn","chromium-SCB-vi-authorised","2026-09-30","passed","2026-09-30","","cta/generated.cta.spec.js","",""
"","6941","GLOBAL | main page | footer | regionalSettingsModalWindow | langSwitcherBtn","chromium-SCB-ar-authorised","2026-09-30","passed","2026-09-30","","cta/generated.cta.spec.js","",""
"","6968","GLOBAL | main page | footer | riskWarningBlock | termsAndPoliciesLink","chromium-SCB-fr-authorised","2026-09-30","passed","2026-09-30","","cta/generated.cta.spec.js","",""
"","7919","GLOBAL | main page | footer | socialMediaBar | tiktokIcon","chromium-CMA-ar-unauthorised","2026-09-30","passed","2026-09-30","","cta/generated.cta.spec.js","",""
"","7530","GLOBAL | main page | footer | socialMediaBar | getGooglePlayBtn","chromium-SCB-ar-authorised","2026-09-30","passed","2026-09-30","","cta/generated.cta.spec.js","",""
"","3724","GLOBAL | main page | footer | socialMediaBar | instagramIcon","chromium-SCB-zh-hans-unauthorised","2026-09-30","passed","2026-09-30","","cta/generated.cta.spec.js","",""
"","8126","GLOBAL | main page | footer | socialMediaBar | exploreAppGalleryBtn","chromium-SCB-de-unregistered","2026-09-30","passed","2026-09-30","","cta/generated.cta.spec.js","",""
"","8014","GLOBAL | main page | footer | socialMediaBar | getGooglePlayBtn","chromium-ASIC-en-unregistered","2026-09-30","passed","2026-09-30","","cta/generated.cta.spec.js","",""
"","7319","GLOBAL | main page | footer | socialMediaBar | getGooglePlayBtn","chromium-SCB-zh-hant-authorised","2026-09-30","passed","2026-09-30","","cta/generated.cta.spec.js","",""
"","7271","GLOBAL | main page | footer | socialMediaBar | twitterIcon","chromium-CySEC-de-de-authorised","2026-09-30","skipped","2026-09-30","","cta/generated.cta.spec.js","",""
"","6314","GLOBAL | main page | footer | riskWarningBlock | licenseText","chromium-SCB-vi-unregistered","2026-09-30","passed","2026-09-30","","cta/generated.cta.spec.js","",""
"","7917","GLOBAL | main page | footer | socialMediaBar | getGooglePlayBtn","chromium-CySEC-pl-pl-unregistered","2026-09-30","passed","2026-09-30","","cta/generated.cta.spec.js","",""
"","7277","GLOBAL | main page | footer | socialMediaBar | facebookIcon","chromium-SCB-zh-hant-unregistered","2026-09-30","passed","2026-09-30","","cta/generated.cta.spec.js","",""
"","6639","GLOBAL | main page | footer | socialMediaBar | redditIcon","chromium-CySEC-it-it-authorised","2026-09-30","skipped","2026-09-30","","cta/generated.cta.spec.js","",""
"","7239","GLOBAL | main page | footer | regionalSettingsModalWindow | countrySwitcherBtn","chromium-CySEC-nl-nl-unregistered","2026-09-30","passed","2026-09-30","","cta/generated.cta.spec.js","",""
"","6558","GLOBAL | main page | footer | socialMediaBar | redditIcon","chromium-CySEC-de-at-unregistered","2026-09-30","skipped","2026-09-30","","cta/generated.cta.spec.js","",""
"","8312","GLOBAL | main page | footer | socialMediaBar | downloadAppStoreBtn","chromium-CySEC-hu-hu-unauthorised","2026-09-30","passed","2026-09-30","","cta/generated.cta.spec.js","",""
"","3511","GLOBAL | main page | footer | socialMediaBar | tiktokIcon","chromium-SCB-zh-hans-unauthorised","2026-09-30","passed","2026-09-30","","cta/generated.cta.spec.js","",""
"","8208","GLOBAL | main page | footer | socialMediaBar | exploreAppGalleryBtn","chromium-SCB-ar-unauthorised","2026-09-30","passed","2026-09-30","","cta/generated.cta.spec.js","",""
"","8598","GLOBAL | main page | footer | socialMediaBar | youtubeIcon","chromium-CySEC-it-it-unregistered","2026-09-30","passed","2026-09-30","","cta/generated.cta.spec.js","",""
"","8872","GLOBAL | main page | footer | socialMediaBar | exploreAppGalleryBtn","chromium-SCB-fr-unauthorised","2026-09-30","passed","2026-09-30","","cta/generated.cta.spec.js","",""
"","6497","GLOBAL | main page | footer | socialMediaBar | twitterIcon","chromium-CySEC-de-de-unregistered","2026-09-30","skipped","2026-09-30","","cta/generated.cta.spec.js","",""
"","7436","GLOBAL | main page | footer | riskWarningBlock | sitemapLink","chromium-SCB-es-unregistered","2026-09-30","passed","2026-09-30","","cta/generated.cta.spec.js","",""
"","8070","GLOBAL | main page | footer | socialMediaBar | logo","chromium-CySEC-de-at-unregistered","2026-09-30","passed","2026-09-30","","cta/generated.cta.spec.js","",""
"","6603","GLOBAL | main page | footer | socialMediaBar | redditIcon","chromium-CySEC-el-gr-unregistered","2026-09-30","skipped","2026-09-30","","cta/generated.cta.spec.js","",""
"","6446","GLOBAL | main page | footer | riskWarningBlock | licenseText","chromium-SCB-zh-hans-authorised","2026-09-30","passed","2026-09-30","","cta/generated.cta.spec.js","",""
"","7263","GLOBAL | main page | footer | socialMediaBar | twitterIcon","chromium-SCB-ru-unauthorised","2026-09-30","passed","2026-09-30","","cta/generated.cta.spec.js","",""
"","3418","GLOBAL | main page | footer | socialMediaBar | logo","chromium-SCB-zh-hans-unregistered","2026-09-30","passed","2026-09-30","","cta/generated.cta.spec.js","",""
"","6541","GLOBAL | main page | footer | socialMediaBar | redditIcon","chromium-CMA-en-unregistered","2026-09-30","skipped","2026-09-30","","cta/generated.cta.spec.js","",""
"","8643","GLOBAL | main page | footer | socialMediaBar | downloadAppStoreBtn","chromium-CySEC-hu-hu-authorised","2026-09-30","passed","2026-09-30","","cta/generated.cta.spec.js","",""
"","8178","GLOBAL | main page | footer | socialMediaBar | downloadAppStoreBtn","chromium-CySEC-pl-pl-authorised","2026-09-30","passed","2026-09-30","","cta/generated.cta.spec.js","",""
"","6936","GLOBAL | main page | footer | socialMediaBar | facebookIcon","chromium-CMA-en-authorised","2026-09-30","skipped","2026-09-30","","cta/generated.cta.spec.js","",""
"","6934","GLOBAL | main page | footer | socialMediaBar | logo","chromium-SCB-de-unauthorised","2026-09-30","passed","2026-09-30","","cta/generated.cta.spec.js","",""
"","6390","GLOBAL | main page | footer | socialMediaBar | linkedinIcon","chromium-FCA-en-authorised","2026-09-30","skipped","2026-09-30","","cta/generated.cta.spec.js","",""
"","7353","GLOBAL | main page | footer | socialMediaBar | instagramIcon","chromium-SCB-fr-authorised","2026-09-30","passed","2026-09-30","","cta/generated.cta.spec.js","",""
"","7046","GLOBAL | main page | footer | regionalSettingsModalWindow | countrySwitcherBtn","chromium-CySEC-hu-hu-unregistered","2026-09-30","passed","2026-09-30","","cta/generated.cta.spec.js","",""
"","7118","GLOBAL | main page | footer | riskWarningBlock | sitemapLink","chromium-SCB-en-unauthorised","2026-09-30","passed","2026-09-30","","cta/generated.cta.spec.js","",""
"","6252","GLOBAL | main page | footer | socialMediaBar | instagramIcon","chromium-FCA-en-unregistered","2026-09-30","skipped","2026-09-30","","cta/generated.cta.spec.js","",""
"","6930","GLOBAL | main page | footer | socialMediaBar | logo","chromium-SCB-ru-unauthorised","2026-09-30","passed","2026-09-30","","cta/generated.cta.spec.js","",""
"","6926","GLOBAL | main page | footer | riskWarningBlock | termsAndPoliciesLink","chromium-SCB-fr-unregistered","2026-09-30","passed","2026-09-30","","cta/generated.cta.spec.js","",""
"","7229","GLOBAL | main page | footer | socialMediaBar | linkedinIcon","chromium-SCB-de-unregistered","2026-09-30","passed","2026-09-30","","cta/generated.cta.spec.js","",""
"","7544","GLOBAL | main page | footer | socialMediaBar | downloadAppStoreBtn","chromium-SCB-es-unregistered","2026-09-30","passed","2026-09-30","","cta/generated.cta.spec.js","",""
"","7869","GLOBAL | main page | footer | socialMediaBar | linkedinIcon","chromium-CMA-ar-unauthorised","2026-09-30","passed","2026-09-30","","cta/generated.cta.spec.js","",""
"","6681","GLOBAL | main page | footer | socialMediaBar | logo","chromium-SCB-vi-unauthorised","2026-09-30","passed","2026-09-30","","cta/generated.cta.spec.js","",""
"","8404","GLOBAL | main page | footer | socialMediaBar | twitterIcon","chromium-ASIC-en-authorised","2026-09-30","passed","2026-09-30","","cta/generated.cta.spec.js","",""
"","7102","GLOBAL | main page | footer | riskWarningBlock | cookieSettingsLink","chromium-CySEC-de-de-unregistered","2026-09-30","passed","2026-09-30","","cta/generated.cta.spec.js","",""
"","6494","GLOBAL | main page | footer | socialMediaBar | redditIcon","chromium-CySEC-en-eu-unauthorised","2026-09-30","skipped","2026-09-30","","cta/generated.cta.spec.js","",""
"","6777","GLOBAL | main page | footer | socialMediaBar | tiktokIcon","chromium-CySEC-de-at-authorised","2026-09-30","skipped","2026-09-30","","cta/generated.cta.spec.js","",""
"","7221","GLOBAL | main page | footer | regionalSettingsModalWindow | langSwitcherBtn","chromium-CMA-en-authorised","2026-09-30","passed","2026-09-30","","cta/generated.cta.spec.js","",""
"","6510","GLOBAL | main page | footer | socialMediaBar | tiktokIcon","chromium-CySEC-nl-nl-unauthorised","2026-09-30","skipped","2026-09-30","","cta/generated.cta.spec.js","",""
"","8752","GLOBAL | main page | footer | socialMediaBar | exploreAppGalleryBtn","chromium-CMA-en-authorised","2026-09-30","passed","2026-09-30","","cta/generated.cta.spec.js","",""
"","6950","GLOBAL | main page | footer | socialMediaBar | tiktokIcon","chromium-CySEC-ro-ro-authorised","2026-09-30","skipped","2026-09-30","","cta/generated.cta.spec.js","",""
"","7315","GLOBAL | main page | footer | socialMediaBar | downloadAppStoreBtn","chromium-SCB-fr-unauthorised","2026-09-30","passed","2026-09-30","","cta/generated.cta.spec.js","",""
"","11858","GLOBAL | main page | footer | riskWarningBlock | riskDisclosureStatementLink","chromium-FCA-en-unauthorised","2026-09-30","passed","2026-09-30","","cta/generated.cta.spec.js","",""
"","8022","GLOBAL | main page | footer | socialMediaBar | downloadAppStoreBtn","chromium-CMA-ar-unauthorised","2026-09-30","passed","2026-09-30","","cta/generated.cta.spec.js","",""
"","7575","GLOBAL | main page | footer | socialMediaBar | logo","chromium-SCB-es-authorised","2026-09-30","passed","2026-09-30","","cta/generated.cta.spec.js","",""
"","7378","GLOBAL | main page | footer | riskWarningBlock | cookieSettingsLink","chromium-CySEC-el-gr-unregistered","2026-09-30","passed","2026-09-30","","cta/generated.cta.spec.js","",""
"","7087","GLOBAL | main page | footer | socialMediaBar | logo","chromium-SCB-ru-unregistered","2026-09-30","passed","2026-09-30","","cta/generated.cta.spec.js","",""
"","6647","GLOBAL | main page | footer | riskWarningBlock | licenseText","chromium-FCA-en-unregistered","2026-09-30","passed","2026-09-30","","cta/generated.cta.spec.js","",""
"","7304","GLOBAL | main page | footer | riskWarningBlock | sitemapLink","chromium-SCB-ar-authorised","2026-09-30","passed","2026-09-30","","cta/generated.cta.spec.js","",""
"","7000","GLOBAL | main page | footer | riskWarningBlock | termsAndPoliciesLink","chromium-SCB-vi-authorised","2026-09-30","passed","2026-09-30","","cta/generated.cta.spec.js","",""
"","6456","GLOBAL | main page | footer | socialMediaBar | youtubeIcon","chromium-SCB-en-unauthorised","2026-09-30","skipped","2026-09-30","","cta/generated.cta.spec.js","",""
"","6629","GLOBAL | main page | footer | riskWarningBlock | riskDisclosureStatementLink","chromium-CySEC-nl-nl-authorised","2026-09-30","skipped","2026-09-30","","cta/generated.cta.spec.js","",""
"","7168","GLOBAL | main page | footer | socialMediaBar | instagramIcon","chromium-SCB-es-unauthorised","2026-09-30","passed","2026-09-30","","cta/generated.cta.spec.js","",""
"","7393","GLOBAL | main page | footer | socialMediaBar | logo","chromium-SCB-zh-hans-authorised","2026-09-30","passed","2026-09-30","","cta/generated.cta.spec.js","",""
"","8258","GLOBAL | main page | footer | socialMediaBar | tiktokIcon","chromium-CMA-en-unregistered","2026-09-30","passed","2026-09-30","","cta/generated.cta.spec.js","",""
"","6705","GLOBAL | main page | footer | riskWarningBlock | riskDisclosureStatementLink","chromium-CySEC-de-at-authorised","2026-09-30","skipped","2026-09-30","","cta/generated.cta.spec.js","",""
"","8935","GLOBAL | main page | footer | socialMediaBar | youtubeIcon","chromium-CySEC-it-it-unauthorised","2026-09-30","passed","2026-09-30","","cta/generated.cta.spec.js","",""
"","6500","GLOBAL | main page | footer | socialMediaBar | twitterIcon","chromium-CySEC-hu-hu-authorised","2026-09-30","skipped","2026-09-30","","cta/generated.cta.spec.js","",""
"","6778","GLOBAL | main page | footer | riskWarningBlock | cookieSettingsLink","chromium-FCA-en-unregistered","2026-09-30","passed","2026-09-30","","cta/generated.cta.spec.js","",""
"","6351","GLOBAL | main page | footer | riskWarningBlock | sitemapLink","chromium-SCB-mn-unregistered","2026-09-30","skipped","2026-09-30","","cta/generated.cta.spec.js","",""
"","8519","GLOBAL | main page | footer | socialMediaBar | tiktokIcon","chromium-CMA-ar-unregistered","2026-09-30","passed","2026-09-30","","cta/generated.cta.spec.js","",""
"","6969","GLOBAL | main page | footer | riskWarningBlock | complaintsProcedureLink","chromium-FCA-en-authorised","2026-09-30","passed","2026-09-30","","cta/generated.cta.spec.js","",""
"","6617","GLOBAL | main page | footer | socialMediaBar | redditIcon","chromium-FCA-en-authorised","2026-09-30","skipped","2026-09-30","","cta/generated.cta.spec.js","",""
"","8445","GLOBAL | main page | footer | socialMediaBar | tiktokIcon","chromium-SCB-en-authorised","2026-09-30","passed","2026-09-30","","cta/generated.cta.spec.js","",""
"","2904","GLOBAL | main page | footer | riskWarningBlock | cookieSettingsLink","chromium-SCB-zh-hans-unregistered","2026-09-30","passed","2026-09-30","","cta/generated.cta.spec.js","",""
"","7876","GLOBAL | main page | footer | socialMediaBar | instagramIcon","chromium-CMA-ar-unregistered","2026-09-30","passed","2026-09-30","","cta/generated.cta.spec.js","",""
"","7366","GLOBAL | main page | footer | socialMediaBar | logo","chromium-CySEC-pl-pl-unauthorised","2026-09-30","passed","2026-09-30","","cta/generated.cta.spec.js","",""
"","7505","GLOBAL | main page | footer | riskWarningBlock | sitemapLink","chromium-CMA-ar-authorised","2026-09-30","passed","2026-09-30","","cta/generated.cta.spec.js","",""
"","7564","GLOBAL | main page | footer | riskWarningBlock | complaintsProcedureLink","chromium-CySEC-fr-fr-authorised","2026-09-30","passed","2026-09-30","","cta/generated.cta.spec.js","",""
"","3114","GLOBAL | main page | footer | socialMediaBar | twitterIcon","chromium-SCB-zh-hans-unregistered","2026-09-30","passed","2026-09-30","","cta/generated.cta.spec.js","",""
"","6694","GLOBAL | main page | footer | socialMediaBar | instagramIcon","chromium-CySEC-el-gr-unregistered","2026-09-30","skipped","2026-09-30","","cta/generated.cta.spec.js","",""
"","7359","GLOBAL | main page | footer | regionalSettingsModalWindow | langSwitcherBtn","chromium-ASIC-en-authorised","2026-09-30","passed","2026-09-30","","cta/generated.cta.spec.js","",""
"","7078","GLOBAL | main page | footer | socialMediaBar | tiktokIcon","chromium-SCB-vi-unregistered","2026-09-30","passed","2026-09-30","","cta/generated.cta.spec.js","",""
"","7245","GLOBAL | main page | footer | riskWarningBlock | complaintsProcedureLink","chromium-CySEC-ro-ro-unregistered","2026-09-30","passed","2026-09-30","","cta/generated.cta.spec.js","",""
"","9390","GLOBAL | main page | footer | socialMediaBar | exploreAppGalleryBtn","chromium-ASIC-en-unauthorised","2026-09-30","passed","2026-09-30","","cta/generated.cta.spec.js","",""
"","7065","GLOBAL | main page | footer | regionalSettingsModalWindow | countrySwitcherBtn","chromium-SCB-fr-unauthorised","2026-09-30","passed","2026-09-30","","cta/generated.cta.spec.js","",""
"","7111","GLOBAL | main page | footer | socialMediaBar | logo","chromium-CySEC-ro-ro-unauthorised","2026-09-30","passed","2026-09-30","","cta/generated.cta.spec.js","",""
"","7426","GLOBAL | main page | footer | regionalSettingsModalWindow | countrySwitcherBtn","chromium-CMA-en-unregistered","2026-09-30","passed","2026-09-30","","cta/generated.cta.spec.js","",""
"","7483","GLOBAL | main page | footer | riskWarningBlock | complaintsProcedureLink","chromium-CySEC-de-at-unregistered","2026-09-30","passed","2026-09-30","","cta/generated.cta.spec.js","",""
"","7168","GLOBAL | main page | footer | regionalSettingsModalWindow | langSwitcherBtn","chromium-CySEC-hu-hu-authorised","2026-09-30","passed","2026-09-30","","cta/generated.cta.spec.js","",""
"","7014","GLOBAL | main page | footer | socialMediaBar | tiktokIcon","chromium-SCB-ar-unregistered","2026-09-30","passed","2026-09-30","","cta/generated.cta.spec.js","",""
"","6557","GLOBAL | main page | footer | socialMediaBar | logo","chromium-SCB-mn-unauthorised","2026-09-30","passed","2026-09-30","","cta/generated.cta.spec.js","",""
"","7193","GLOBAL | main page | footer | socialMediaBar | facebookIcon","chromium-SCB-vi-unauthorised","2026-09-30","passed","2026-09-30","","cta/generated.cta.spec.js","",""
"","6425","GLOBAL | main page | footer | socialMediaBar | redditIcon","chromium-CySEC-de-at-unauthorised","2026-09-30","skipped","2026-09-30","","cta/generated.cta.spec.js","",""
"","6397","GLOBAL | main page | footer | socialMediaBar | youtubeIcon","chromium-SCB-en-unregistered","2026-09-30","skipped","2026-09-30","","cta/generated.cta.spec.js","",""
"","7526","GLOBAL | main page | footer | socialMediaBar | downloadAppStoreBtn","chromium-FCA-en-authorised","2026-09-30","passed","2026-09-30","","cta/generated.cta.spec.js","",""
"","7318","GLOBAL | main page | footer | riskWarningBlock | termsAndPoliciesLink","chromium-CySEC-en-eu-unauthorised","2026-09-30","passed","2026-09-30","","cta/generated.cta.spec.js","",""
"","7570","GLOBAL | main page | footer | socialMediaBar | linkedinIcon","chromium-CySEC-fr-fr-unauthorised","2026-09-30","passed","2026-09-30","","cta/generated.cta.spec.js","",""
"","8815","GLOBAL | main page | footer | socialMediaBar | facebookIcon","chromium-SCB-ru-authorised","2026-09-30","passed","2026-09-30","","cta/generated.cta.spec.js","",""
"","7162","GLOBAL | main page | footer | regionalSettingsModalWindow | countrySwitcherBtn","chromium-CMA-en-authorised","2026-09-30","passed","2026-09-30","","cta/generated.cta.spec.js","",""
"","7931","GLOBAL | main page | footer | socialMediaBar | getGooglePlayBtn","chromium-CySEC-ro-ro-authorised","2026-09-30","passed","2026-09-30","","cta/generated.cta.spec.js","",""
"","7053","GLOBAL | main page | footer | riskWarningBlock | complaintsProcedureLink","chromium-SCB-vi-authorised","2026-09-30","passed","2026-09-30","","cta/generated.cta.spec.js","",""
"","10501","GLOBAL | main page | footer | socialMediaBar | getGooglePlayBtn","chromium-CySEC-en-eu-authorised","2026-09-30","passed","2026-09-30","","cta/generated.cta.spec.js","",""
"","6637","GLOBAL | main page | footer | socialMediaBar | instagramIcon","chromium-CySEC-en-eu-unauthorised","2026-09-30","skipped","2026-09-30","","cta/generated.cta.spec.js","",""
"","8577","GLOBAL | main page | footer | riskWarningBlock | sitemapLink","chromium-CySEC-it-it-unregistered","2026-09-30","passed","2026-09-30","","cta/generated.cta.spec.js","",""
"","6502","GLOBAL | main page | footer | socialMediaBar | tiktokIcon","chromium-CySEC-el-gr-unregistered","2026-09-30","skipped","2026-09-30","","cta/generated.cta.spec.js","",""
"","6462","GLOBAL | main page | footer | riskWarningBlock | riskDisclosureStatementLink","chromium-CySEC-it-it-unauthorised","2026-09-30","skipped","2026-09-30","","cta/generated.cta.spec.js","",""
"","7760","GLOBAL | main page | footer | socialMediaBar | getGooglePlayBtn","chromium-CMA-en-unregistered","2026-09-30","passed","2026-09-30","","cta/generated.cta.spec.js","",""
"","7640","GLOBAL | main page | footer | socialMediaBar | logo","chromium-ASIC-en-unregistered","2026-09-30","passed","2026-09-30","","cta/generated.cta.spec.js","",""
"","6815","GLOBAL | main page | footer | regionalSettingsModalWindow | langSwitcherBtn","chromium-SCB-zh-hant-unregistered","2026-09-30","passed","2026-09-30","","cta/generated.cta.spec.js","",""
"","8875","GLOBAL | main page | footer | socialMediaBar | youtubeIcon","chromium-CySEC-en-eu-unauthorised","2026-09-30","passed","2026-09-30","","cta/generated.cta.spec.js","",""
"","7163","GLOBAL | main page | footer | riskWarningBlock | termsAndPoliciesLink","chromium-CMA-en-unregistered","2026-09-30","passed","2026-09-30","","cta/generated.cta.spec.js","",""
"","6541","GLOBAL | main page | footer | socialMediaBar | facebookIcon","chromium-CySEC-hu-hu-unauthorised","2026-09-30","skipped","2026-09-30","","cta/generated.cta.spec.js","",""
"","6624","GLOBAL | main page | footer | socialMediaBar | instagramIcon","chromium-CySEC-nl-nl-authorised","2026-09-30","skipped","2026-09-30","","cta/generated.cta.spec.js","",""
"","6495","GLOBAL | main page | footer | riskWarningBlock | cookieSettingsLink","chromium-SCB-mn-unauthorised","2026-09-30","passed","2026-09-30","","cta/generated.cta.spec.js","",""
"","8014","GLOBAL | main page | footer | socialMediaBar | linkedinIcon","chromium-CySEC-it-it-unregistered","2026-09-30","passed","2026-09-30","","cta/generated.cta.spec.js","",""
"","7264","GLOBAL | main page | footer | socialMediaBar | downloadAppStoreBtn","chromium-SCB-zh-hant-unauthorised","2026-09-30","passed","2026-09-30","","cta/generated.cta.spec.js","",""
"","7194","GLOBAL | main page | footer | regionalSettingsModalWindow | countrySwitcherBtn","chromium-ASIC-en-unauthorised","2026-09-30","passed","2026-09-30","","cta/generated.cta.spec.js","",""
"","6923","GLOBAL | main page | footer | socialMediaBar | twitterIcon","chromium-SCB-es-unregistered","2026-09-30","passed","2026-09-30","","cta/generated.cta.spec.js","",""
"","7308","GLOBAL | main page | footer | socialMediaBar | logo","chromium-CySEC-pl-pl-unregistered","2026-09-30","passed","2026-09-30","","cta/generated.cta.spec.js","",""
"","8277","GLOBAL | main page | footer | socialMediaBar | instagramIcon","chromium-ASIC-en-unauthorised","2026-09-30","passed","2026-09-30","","cta/generated.cta.spec.js","",""
"","7152","GLOBAL | main page | footer | socialMediaBar | tiktokIcon","chromium-SCB-ru-unregistered","2026-09-30","passed","2026-09-30","","cta/generated.cta.spec.js","",""
"","7001","GLOBAL | main page | footer | riskWarningBlock | licenseText","chromium-CySEC-ro-ro-unregistered","2026-09-30","passed","2026-09-30","","cta/generated.cta.spec.js","",""
"","6586","GLOBAL | main page | footer | socialMediaBar | twitterIcon","chromium-CySEC-ro-ro-unregistered","2026-09-30","skipped","2026-09-30","","cta/generated.cta.spec.js","",""
"","7184","GLOBAL | main page | footer | riskWarningBlock | complaintsProcedureLink","chromium-CySEC-nl-nl-authorised","2026-09-30","passed","2026-09-30","","cta/generated.cta.spec.js","",""
"","8428","GLOBAL | main page | footer | socialMediaBar | exploreAppGalleryBtn","chromium-CySEC-nl-nl-unauthorised","2026-09-30","passed","2026-09-30","","cta/generated.cta.spec.js","",""
"","7284","GLOBAL | main page | footer | socialMediaBar | linkedinIcon","chromium-SCB-ru-unauthorised","2026-09-30","passed","2026-09-30","","cta/generated.cta.spec.js","",""
"","6371","GLOBAL | main page | footer | socialMediaBar | twitterIcon","chromium-CySEC-fr-fr-unauthorised","2026-09-30","skipped","2026-09-30","","cta/generated.cta.spec.js","",""
"","7916","GLOBAL | main page | footer | socialMediaBar | downloadAppStoreBtn","chromium-CMA-en-authorised","2026-09-30","passed","2026-09-30","","cta/generated.cta.spec.js","",""
"","6577","GLOBAL | main page | footer | riskWarningBlock | riskDisclosureStatementLink","chromium-SCB-ar-unregistered","2026-09-30","skipped","2026-09-30","","cta/generated.cta.spec.js","",""
"","7252","GLOBAL | main page | footer | regionalSettingsModalWindow | langSwitcherBtn","chromium-CySEC-de-de-authorised","2026-09-30","passed","2026-09-30","","cta/generated.cta.spec.js","",""
"","7757","GLOBAL | main page | footer | riskWarningBlock | termsAndPoliciesLink","chromium-ASIC-en-unregistered","2026-09-30","passed","2026-09-30","","cta/generated.cta.spec.js","",""
"","6135","GLOBAL | main page | footer | riskWarningBlock | riskDisclosureStatementLink","chromium-SCB-ru-authorised","2026-09-30","skipped","2026-09-30","","cta/generated.cta.spec.js","",""
"","7434","GLOBAL | main page | footer | regionalSettingsModalWindow | countrySwitcherBtn","chromium-ASIC-en-unregistered","2026-09-30","passed","2026-09-30","","cta/generated.cta.spec.js","",""
"","7514","GLOBAL | main page | footer | socialMediaBar | instagramIcon","chromium-SCB-fr-unauthorised","2026-09-30","passed","2026-09-30","","cta/generated.cta.spec.js","",""
"","6933","GLOBAL | main page | footer | riskWarningBlock | cookieSettingsLink","chromium-SCB-ar-unregistered","2026-09-30","passed","2026-09-30","","cta/generated.cta.spec.js","",""
"","7311","GLOBAL | main page | footer | riskWarningBlock | termsAndPoliciesLink","chromium-CySEC-el-gr-authorised","2026-09-30","passed","2026-09-30","","cta/generated.cta.spec.js","",""
"","8535","GLOBAL | main page | footer | socialMediaBar | youtubeIcon","chromium-CySEC-hu-hu-unauthorised","2026-09-30","passed","2026-09-30","","cta/generated.cta.spec.js","",""
"","8779","GLOBAL | main page | footer | socialMediaBar | youtubeIcon","chromium-CySEC-de-at-unregistered","2026-09-30","passed","2026-09-30","","cta/generated.cta.spec.js","",""
"","6857","GLOBAL | main page | footer | socialMediaBar | redditIcon","chromium-SCB-fr-unauthorised","2026-09-30","passed","2026-09-30","","cta/generated.cta.spec.js","",""
"","7011","GLOBAL | main page | footer | riskWarningBlock | sitemapLink","chromium-SCB-zh-hant-unregistered","2026-09-30","passed","2026-09-30","","cta/generated.cta.spec.js","",""
"","6889","GLOBAL | main page | footer | regionalSettingsModalWindow | langSwitcherBtn","chromium-SCB-ar-unregistered","2026-09-30","passed","2026-09-30","","cta/generated.cta.spec.js","",""
"","7022","GLOBAL | main page | footer | socialMediaBar | tiktokIcon","chromium-ASIC-en-unregistered","2026-09-30","skipped","2026-09-30","","cta/generated.cta.spec.js","",""
"","6795","GLOBAL | main page | footer | riskWarningBlock | riskDisclosureStatementLink","chromium-ASIC-en-unregistered","2026-09-30","skipped","2026-09-30","","cta/generated.cta.spec.js","",""
"","7486","GLOBAL | main page | footer | riskWarningBlock | sitemapLink","chromium-CySEC-de-at-authorised","2026-09-30","passed","2026-09-30","","cta/generated.cta.spec.js","",""
"","7565","GLOBAL | main page | footer | socialMediaBar | downloadAppStoreBtn","chromium-CySEC-nl-nl-unauthorised","2026-09-30","passed","2026-09-30","","cta/generated.cta.spec.js","",""
"","6492","GLOBAL | main page | footer | socialMediaBar | facebookIcon","chromium-CySEC-ro-ro-unauthorised","2026-09-30","skipped","2026-09-30","","cta/generated.cta.spec.js","",""
"","7244","GLOBAL | main page | footer | regionalSettingsModalWindow | countrySwitcherBtn","chromium-CySEC-it-it-authorised","2026-09-30","passed","2026-09-30","","cta/generated.cta.spec.js","",""
"","2952","GLOBAL | main page | footer | regionalSettingsModalWindow | langSwitcherBtn","chromium-SCB-zh-hans-unauthorised","2026-09-30","passed","2026-09-30","","cta/generated.cta.spec.js","",""
"","6537","GLOBAL | main page | footer | regionalSettingsModalWindow | countrySwitcherBtn","chromium-SCB-ar-unregistered","2026-09-30","passed","2026-09-30","","cta/generated.cta.spec.js","",""
"","8793","GLOBAL | main page | footer | socialMediaBar | exploreAppGalleryBtn","chromium-CySEC-fr-fr-unregistered","2026-09-30","passed","2026-09-30","","cta/generated.cta.spec.js","",""
"","7643","GLOBAL | main page | footer | socialMediaBar | logo","chromium-CySEC-fr-fr-unregistered","2026-09-30","passed","2026-09-30","","cta/generated.cta.spec.js","",""
"","7170","GLOBAL | main page | footer | riskWarningBlock | cookieSettingsLink","chromium-CMA-en-authorised","2026-09-30","passed","2026-09-30","","cta/generated.cta.spec.js","",""
"","6508","GLOBAL | main page | footer | socialMediaBar | facebookIcon","chromium-CySEC-pl-pl-unregistered","2026-09-30","skipped","2026-09-30","","cta/generated.cta.spec.js","",""
"","4446","GLOBAL | main page | footer | socialMediaBar | tiktokIcon","chromium-SCB-zh-hans-unregistered","2026-09-30","passed","2026-09-30","","cta/generated.cta.spec.js","",""
"","7472","GLOBAL | main page | footer | riskWarningBlock | termsAndPoliciesLink","chromium-CySEC-en-eu-authorised","2026-09-30","passed","2026-09-30","","cta/generated.cta.spec.js","",""
"","12000","GLOBAL | main page | footer | riskWarningBlock | riskDisclosureStatementLink","chromium-FCA-en-authorised","2026-09-30","passed","2026-09-30","","cta/generated.cta.spec.js","",""
"","7325","GLOBAL | main page | footer | riskWarningBlock | sitemapLink","chromium-CySEC-ro-ro-unauthorised","2026-09-30","passed","2026-09-30","","cta/generated.cta.spec.js","",""
"","8121","GLOBAL | main page | footer | socialMediaBar | downloadAppStoreBtn","chromium-CySEC-de-at-unauthorised","2026-09-30","passed","2026-09-30","","cta/generated.cta.spec.js","",""
"","7053","GLOBAL | main page | footer | socialMediaBar | getGooglePlayBtn","chromium-SCB-zh-hant-unauthorised","2026-09-30","passed","2026-09-30","","cta/generated.cta.spec.js","",""
"","7268","GLOBAL | main page | footer | regionalSettingsModalWindow | langSwitcherBtn","chromium-ASIC-en-unregistered","2026-09-30","passed","2026-09-30","","cta/generated.cta.spec.js","",""
"","7148","GLOBAL | main page | footer | regionalSettingsModalWindow | langSwitcherBtn","chromium-CySEC-it-it-authorised","2026-09-30","passed","2026-09-30","","cta/generated.cta.spec.js","",""
"","7621","GLOBAL | main page | footer | riskWarningBlock | complaintsProcedureLink","chromium-SCB-zh-hant-unauthorised","2026-09-30","passed","2026-09-30","","cta/generated.cta.spec.js","",""
"","7343","GLOBAL | main page | footer | socialMediaBar | linkedinIcon","chromium-SCB-es-unauthorised","2026-09-30","passed","2026-09-30","","cta/generated.cta.spec.js","",""
"","6849","GLOBAL | main page | footer | riskWarningBlock | riskDisclosureStatementLink","chromium-CySEC-nl-nl-unregistered","2026-09-30","skipped","2026-09-30","","cta/generated.cta.spec.js","",""
"","6599","GLOBAL | main page | footer | socialMediaBar | instagramIcon","chromium-CySEC-hu-hu-unregistered","2026-09-30","skipped","2026-09-30","","cta/generated.cta.spec.js","",""
"","6717","GLOBAL | main page | footer | socialMediaBar | redditIcon","chromium-CySEC-pl-pl-authorised","2026-09-30","skipped","2026-09-30","","cta/generated.cta.spec.js","",""
"","8319","GLOBAL | main page | footer | riskWarningBlock | termsAndPoliciesLink","chromium-SCB-de-authorised","2026-09-30","passed","2026-09-30","","cta/generated.cta.spec.js","",""
"","7207","GLOBAL | main page | footer | socialMediaBar | instagramIcon","chromium-CySEC-it-it-unauthorised","2026-09-30","passed","2026-09-30","","cta/generated.cta.spec.js","",""
"","7175","GLOBAL | main page | footer | socialMediaBar | getGooglePlayBtn","chromium-SCB-fr-unregistered","2026-09-30","passed","2026-09-30","","cta/generated.cta.spec.js","",""
"","8195","GLOBAL | main page | footer | socialMediaBar | logo","chromium-SCB-de-unregistered","2026-09-30","passed","2026-09-30","","cta/generated.cta.spec.js","",""
"","6632","GLOBAL | main page | footer | socialMediaBar | facebookIcon","chromium-CMA-ar-unauthorised","2026-09-30","skipped","2026-09-30","","cta/generated.cta.spec.js","",""
"","6935","GLOBAL | main page | footer | riskWarningBlock | riskDisclosureStatementLink","chromium-ASIC-en-authorised","2026-09-30","skipped","2026-09-30","","cta/generated.cta.spec.js","",""
"","6547","GLOBAL | main page | footer | socialMediaBar | facebookIcon","chromium-CMA-en-unauthorised","2026-09-30","skipped","2026-09-30","","cta/generated.cta.spec.js","",""
"","7297","GLOBAL | main page | footer | socialMediaBar | instagramIcon","chromium-SCB-vi-unregistered","2026-09-30","passed","2026-09-30","","cta/generated.cta.spec.js","",""
"","8996","GLOBAL | main page | footer | socialMediaBar | exploreAppGalleryBtn","chromium-CySEC-el-gr-unauthorised","2026-09-30","passed","2026-09-30","","cta/generated.cta.spec.js","",""
"","6456","GLOBAL | main page | footer | socialMediaBar | tiktokIcon","chromium-FCA-en-authorised","2026-09-30","skipped","2026-09-30","","cta/generated.cta.spec.js","",""
"","7297","GLOBAL | main page | footer | socialMediaBar | twitterIcon","chromium-SCB-ar-authorised","2026-09-30","passed","2026-09-30","","cta/generated.cta.spec.js","",""
"","8476","GLOBAL | main page | footer | socialMediaBar | exploreAppGalleryBtn","chromium-CySEC-ro-ro-unregistered","2026-09-30","passed","2026-09-30","","cta/generated.cta.spec.js","",""
"","7173","GLOBAL | main page | footer | riskWarningBlock | sitemapLink","chromium-SCB-es-authorised","2026-09-30","passed","2026-09-30","","cta/generated.cta.spec.js","",""
"","6956","GLOBAL | main page | footer | socialMediaBar | redditIcon","chromium-SCB-ar-unauthorised","2026-09-30","passed","2026-09-30","","cta/generated.cta.spec.js","",""
"","6576","GLOBAL | main page | footer | socialMediaBar | twitterIcon","chromium-CySEC-it-it-unregistered","2026-09-30","skipped","2026-09-30","","cta/generated.cta.spec.js","",""
"","7359","GLOBAL | main page | footer | riskWarningBlock | licenseText","chromium-CySEC-ro-ro-authorised","2026-09-30","passed","2026-09-30","","cta/generated.cta.spec.js","",""
"","6205","GLOBAL | main page | footer | riskWarningBlock | riskDisclosureStatementLink","chromium-SCB-ru-unregistered","2026-09-30","skipped","2026-09-30","","cta/generated.cta.spec.js","",""
"","12241","GLOBAL | main page | footer | socialMediaBar | youtubeIcon","chromium-CMA-ar-unregistered","2026-09-30","failed","2026-09-30","","cta/generated.cta.spec.js","",""
"","6629","GLOBAL | main page | footer | riskWarningBlock | riskDisclosureStatementLink","chromium-CySEC-de-de-unregistered","2026-09-30","skipped","2026-09-30","","cta/generated.cta.spec.js","",""
"","7671","GLOBAL | main page | footer | regionalSettingsModalWindow | countrySwitcherBtn","chromium-CySEC-ro-ro-unauthorised","2026-09-30","passed","2026-09-30","","cta/generated.cta.spec.js","",""
"","7937","GLOBAL | main page | footer | socialMediaBar | facebookIcon","chromium-SCB-de-unregistered","2026-09-30","passed","2026-09-30","","cta/generated.cta.spec.js","",""
"","3180","GLOBAL | main page | footer | socialMediaBar | downloadAppStoreBtn","chromium-SCB-zh-hans-unauthorised","2026-09-30","passed","2026-09-30","","cta/generated.cta.spec.js","",""
"","7220","GLOBAL | main page | footer | regionalSettingsModalWindow | countrySwitcherBtn","chromium-CySEC-ro-ro-unregistered","2026-09-30","passed","2026-09-30","","cta/generated.cta.spec.js","",""
"","7944","GLOBAL | main page | footer | socialMediaBar | linkedinIcon","chromium-SCB-mn-authorised","2026-09-30","passed","2026-09-30","","cta/generated.cta.spec.js","",""
"","8523","GLOBAL | main page | footer | socialMediaBar | facebookIcon","chromium-SCB-ar-unregistered","2026-09-30","passed","2026-09-30","","cta/generated.cta.spec.js","",""
"","8695","GLOBAL | main page | footer | socialMediaBar | exploreAppGalleryBtn","chromium-CySEC-pl-pl-unauthorised","2026-09-30","passed","2026-09-30","","cta/generated.cta.spec.js","",""
"","7203","GLOBAL | main page | footer | riskWarningBlock | cookieSettingsLink","chromium-CySEC-ro-ro-authorised","2026-09-30","passed","2026-09-30","","cta/generated.cta.spec.js","",""
"","7950","GLOBAL | main page | footer | socialMediaBar | downloadAppStoreBtn","chromium-CMA-ar-authorised","2026-09-30","passed","2026-09-30","","cta/generated.cta.spec.js","",""
"","7164","GLOBAL | main page | footer | riskWarningBlock | cookieSettingsLink","chromium-CySEC-nl-nl-unregistered","2026-09-30","passed","2026-09-30","","cta/generated.cta.spec.js","",""
"","7085","GLOBAL | main page | footer | regionalSettingsModalWindow | langSwitcherBtn","chromium-CySEC-en-eu-unregistered","2026-09-30","passed","2026-09-30","","cta/generated.cta.spec.js","",""
"","7637","GLOBAL | main page | footer | socialMediaBar | tiktokIcon","chromium-SCB-zh-hant-unauthorised","2026-09-30","passed","2026-09-30","","cta/generated.cta.spec.js","",""
"","7257","GLOBAL | main page | footer | regionalSettingsModalWindow | countrySwitcherBtn","chromium-CySEC-pl-pl-authorised","2026-09-30","passed","2026-09-30","","cta/generated.cta.spec.js","",""
"","6807","GLOBAL | main page | footer | regionalSettingsModalWindow | countrySwitcherBtn","chromium-FCA-en-unauthorised","2026-09-30","passed","2026-09-30","","cta/generated.cta.spec.js","",""
"","7421","GLOBAL | main page | footer | socialMediaBar | linkedinIcon","chromium-CySEC-nl-nl-unauthorised","2026-09-30","passed","2026-09-30","","cta/generated.cta.spec.js","",""
"","7280","GLOBAL | main page | footer | socialMediaBar | instagramIcon","chromium-SCB-ar-unregistered","2026-09-30","passed","2026-09-30","","cta/generated.cta.spec.js","",""
"","7514","GLOBAL | main page | footer | socialMediaBar | twitterIcon","chromium-CMA-ar-authorised","2026-09-30","passed","2026-09-30","","cta/generated.cta.spec.js","",""
"","8525","GLOBAL | main page | footer | riskWarningBlock | sitemapLink","chromium-CySEC-el-gr-unregistered","2026-09-30","passed","2026-09-30","","cta/generated.cta.spec.js","",""
"","7182","GLOBAL | main page | footer | socialMediaBar | getGooglePlayBtn","chromium-SCB-ru-authorised","2026-09-30","passed","2026-09-30","","cta/generated.cta.spec.js","",""
"","6596","GLOBAL | main page | footer | socialMediaBar | twitterIcon","chromium-CySEC-hu-hu-unregistered","2026-09-30","skipped","2026-09-30","","cta/generated.cta.spec.js","",""
"","2909","GLOBAL | main page | footer | regionalSettingsModalWindow | countrySwitcherBtn","chromium-SCB-zh-hans-unauthorised","2026-09-30","passed","2026-09-30","","cta/generated.cta.spec.js","",""
"","7427","GLOBAL | main page | footer | riskWarningBlock | riskDisclosureStatementLink","chromium-SCB-zh-hans-authorised","2026-09-30","skipped","2026-09-30","","cta/generated.cta.spec.js","",""
"","7196","GLOBAL | main page | footer | regionalSettingsModalWindow | langSwitcherBtn","chromium-CySEC-ro-ro-unregistered","2026-09-30","passed","2026-09-30","","cta/generated.cta.spec.js","",""
"","6161","GLOBAL | main page | footer | socialMediaBar | youtubeIcon","chromium-SCB-vi-unauthorised","2026-09-30","skipped","2026-09-30","","cta/generated.cta.spec.js","",""
"","7347","GLOBAL | main page | footer | regionalSettingsModalWindow | langSwitcherBtn","chromium-CySEC-nl-nl-authorised","2026-09-30","passed","2026-09-30","","cta/generated.cta.spec.js","",""
"","7418","GLOBAL | main page | footer | regionalSettingsModalWindow | langSwitcherBtn","chromium-CySEC-el-gr-unregistered","2026-09-30","passed","2026-09-30","","cta/generated.cta.spec.js","",""
"","6518","GLOBAL | main page | footer | socialMediaBar | youtubeIcon","chromium-SCB-zh-hant-authorised","2026-09-30","skipped","2026-09-30","","cta/generated.cta.spec.js","",""
"","6874","GLOBAL | main page | footer | socialMediaBar | redditIcon","chromium-SCB-es-authorised","2026-09-30","passed","2026-09-30","","cta/generated.cta.spec.js","",""
"","6615","GLOBAL | main page | footer | socialMediaBar | facebookIcon","chromium-CySEC-de-at-unregistered","2026-09-30","skipped","2026-09-30","","cta/generated.cta.spec.js","",""
"","7496","GLOBAL | main page | footer | socialMediaBar | linkedinIcon","chromium-CySEC-it-it-authorised","2026-09-30","passed","2026-09-30","","cta/generated.cta.spec.js","",""
"","8261","GLOBAL | main page | footer | socialMediaBar | downloadAppStoreBtn","chromium-CySEC-de-at-unregistered","2026-09-30","passed","2026-09-30","","cta/generated.cta.spec.js","",""
"","7230","GLOBAL | main page | footer | socialMediaBar | twitterIcon","chromium-SCB-fr-authorised","2026-09-30","passed","2026-09-30","","cta/generated.cta.spec.js","",""
"","6796","GLOBAL | main page | footer | regionalSettingsModalWindow | countrySwitcherBtn","chromium-SCB-ar-authorised","2026-09-30","passed","2026-09-30","","cta/generated.cta.spec.js","",""
"","6982","GLOBAL | main page | footer | riskWarningBlock | sitemapLink","chromium-SCB-ru-authorised","2026-09-30","passed","2026-09-30","","cta/generated.cta.spec.js","",""
"","6874","GLOBAL | main page | footer | riskWarningBlock | riskDisclosureStatementLink","chromium-CySEC-hu-hu-unregistered","2026-09-30","skipped","2026-09-30","","cta/generated.cta.spec.js","",""
"","7154","GLOBAL | main page | footer | socialMediaBar | tiktokIcon","chromium-SCB-mn-unregistered","2026-09-30","passed","2026-09-30","","cta/generated.cta.spec.js","",""
"","7020","GLOBAL | main page | footer | riskWarningBlock | riskDisclosureStatementLink","chromium-CySEC-pl-pl-unregistered","2026-09-30","skipped","2026-09-30","","cta/generated.cta.spec.js","",""
"","6927","GLOBAL | main page | footer | riskWarningBlock | sitemapLink","chromium-SCB-zh-hant-authorised","2026-09-30","passed","2026-09-30","","cta/generated.cta.spec.js","",""
"","7567","GLOBAL | main page | footer | socialMediaBar | facebookIcon","chromium-SCB-es-authorised","2026-09-30","passed","2026-09-30","","cta/generated.cta.spec.js","",""
"","7331","GLOBAL | main page | footer | riskWarningBlock | termsAndPoliciesLink","chromium-SCB-zh-hant-authorised","2026-09-30","passed","2026-09-30","","cta/generated.cta.spec.js","",""
"","7081","GLOBAL | main page | footer | regionalSettingsModalWindow | langSwitcherBtn","chromium-CySEC-it-it-unregistered","2026-09-30","passed","2026-09-30","","cta/generated.cta.spec.js","",""
"","7453","GLOBAL | main page | footer | socialMediaBar | getGooglePlayBtn","chromium-SCB-zh-hans-authorised","2026-09-30","passed","2026-09-30","","cta/generated.cta.spec.js","",""
"","7270","GLOBAL | main page | footer | socialMediaBar | getGooglePlayBtn","chromium-SCB-de-unregistered","2026-09-30","passed","2026-09-30","","cta/generated.cta.spec.js","",""
"","6610","GLOBAL | main page | footer | socialMediaBar | tiktokIcon","chromium-CySEC-pl-pl-unregistered","2026-09-30","skipped","2026-09-30","","cta/generated.cta.spec.js","",""
"","7454","GLOBAL | main page | footer | socialMediaBar | facebookIcon","chromium-CySEC-it-it-unauthorised","2026-09-30","passed","2026-09-30","","cta/generated.cta.spec.js","",""
"","7464","GLOBAL | main page | footer | riskWarningBlock | complaintsProcedureLink","chromium-ASIC-en-authorised","2026-09-30","passed","2026-09-30","","cta/generated.cta.spec.js","",""
"","2681","GLOBAL | main page | footer | socialMediaBar | youtubeIcon","chromium-SCB-zh-hans-unauthorised","2026-09-30","skipped","2026-09-30","","cta/generated.cta.spec.js","",""
"","6528","GLOBAL | main page | footer | socialMediaBar | instagramIcon","chromium-CySEC-pl-pl-unregistered","2026-09-30","skipped","2026-09-30","","cta/generated.cta.spec.js","",""
"","8568","GLOBAL | main page | footer | socialMediaBar | exploreAppGalleryBtn","chromium-CySEC-en-eu-unauthorised","2026-09-30","passed","2026-09-30","","cta/generated.cta.spec.js","",""
"","6611","GLOBAL | main page | footer | riskWarningBlock | cookieSettingsLink","chromium-SCB-en-unregistered","2026-09-30","passed","2026-09-30","","cta/generated.cta.spec.js","",""
"","7258","GLOBAL | main page | footer | socialMediaBar | facebookIcon","chromium-SCB-fr-unauthorised","2026-09-30","passed","2026-09-30","","cta/generated.cta.spec.js","",""
"","6770","GLOBAL | main page | footer | riskWarningBlock | licenseText","chromium-SCB-ar-unregistered","2026-09-30","passed","2026-09-30","","cta/generated.cta.spec.js","",""
"","8231","GLOBAL | main page | footer | socialMediaBar | exploreAppGalleryBtn","chromium-SCB-ar-unregistered","2026-09-30","passed","2026-09-30","","cta/generated.cta.spec.js","",""
"","8826","GLOBAL | main page | footer | socialMediaBar | youtubeIcon","chromium-CySEC-nl-nl-unauthorised","2026-09-30","passed","2026-09-30","","cta/generated.cta.spec.js","",""
"","6906","GLOBAL | main page | footer | regionalSettingsModalWindow | langSwitcherBtn","chromium-SCB-es-authorised","2026-09-30","passed","2026-09-30","","cta/generated.cta.spec.js","",""
"","7482","GLOBAL | main page | footer | socialMediaBar | linkedinIcon","chromium-CySEC-el-gr-unauthorised","2026-09-30","passed","2026-09-30","","cta/generated.cta.spec.js","",""
"","6109","GLOBAL | main page | footer | riskWarningBlock | riskDisclosureStatementLink","chromium-SCB-de-unauthorised","2026-09-30","skipped","2026-09-30","","cta/generated.cta.spec.js","",""
"","7506","GLOBAL | main page | footer | socialMediaBar | logo","chromium-CySEC-hu-hu-unregistered","2026-09-30","passed","2026-09-30","","cta/generated.cta.spec.js","",""
"","8065","GLOBAL | main page | footer | socialMediaBar | getGooglePlayBtn","chromium-CMA-ar-unauthorised","2026-09-30","passed","2026-09-30","","cta/generated.cta.spec.js","",""
"","7315","GLOBAL | main page | footer | riskWarningBlock | complaintsProcedureLink","chromium-SCB-ar-unauthorised","2026-09-30","passed","2026-09-30","","cta/generated.cta.spec.js","",""
"","6241","GLOBAL | main page | footer | riskWarningBlock | riskDisclosureStatementLink","chromium-SCB-en-unauthorised","2026-09-30","skipped","2026-09-30","","cta/generated.cta.spec.js","",""
"","8574","GLOBAL | main page | footer | socialMediaBar | youtubeIcon","chromium-CySEC-en-eu-unregistered","2026-09-30","passed","2026-09-30","","cta/generated.cta.spec.js","",""
"","9451","GLOBAL | main page | footer | socialMediaBar | exploreAppGalleryBtn","chromium-CySEC-it-it-authorised","2026-09-30","passed","2026-09-30","","cta/generated.cta.spec.js","",""
"","7236","GLOBAL | main page | footer | riskWarningBlock | termsAndPoliciesLink","chromium-SCB-en-unregistered","2026-09-30","passed","2026-09-30","","cta/generated.cta.spec.js","",""
"","6662","GLOBAL | main page | footer | socialMediaBar | redditIcon","chromium-ASIC-en-unregistered","2026-09-30","skipped","2026-09-30","","cta/generated.cta.spec.js","",""
"","6965","GLOBAL | main page | footer | riskWarningBlock | licenseText","chromium-CySEC-fr-fr-unregistered","2026-09-30","passed","2026-09-30","","cta/generated.cta.spec.js","",""
"","7931","GLOBAL | main page | footer | socialMediaBar | exploreAppGalleryBtn","chromium-SCB-mn-unauthorised","2026-09-30","passed","2026-09-30","","cta/generated.cta.spec.js","",""
"","7059","GLOBAL | main page | footer | riskWarningBlock | termsAndPoliciesLink","chromium-SCB-ru-authorised","2026-09-30","passed","2026-09-30","","cta/generated.cta.spec.js","",""
"","6734","GLOBAL | main page | footer | regionalSettingsModalWindow | countrySwitcherBtn","chromium-FCA-en-unregistered","2026-09-30","passed","2026-09-30","","cta/generated.cta.spec.js","",""
"","7647","GLOBAL | main page | footer | socialMediaBar | logo","chromium-CySEC-en-eu-authorised","2026-09-30","passed","2026-09-30","","cta/generated.cta.spec.js","",""
"","12444","GLOBAL | main page | footer | socialMediaBar | youtubeIcon","chromium-CMA-en-authorised","2026-09-30","failed","2026-09-30","","cta/generated.cta.spec.js","",""
"","7415","GLOBAL | main page | footer | riskWarningBlock | sitemapLink","chromium-CySEC-nl-nl-unauthorised","2026-09-30","passed","2026-09-30","","cta/generated.cta.spec.js","",""
"","6889","GLOBAL | main page | footer | socialMediaBar | twitterIcon","chromium-CySEC-nl-nl-unregistered","2026-09-30","skipped","2026-09-30","","cta/generated.cta.spec.js","",""
"","6815","GLOBAL | main page | footer | socialMediaBar | redditIcon","chromium-SCB-de-unregistered","2026-09-30","passed","2026-09-30","","cta/generated.cta.spec.js","",""
"","8024","GLOBAL | main page | footer | riskWarningBlock | termsAndPoliciesLink","chromium-CySEC-el-gr-unregistered","2026-09-30","passed","2026-09-30","","cta/generated.cta.spec.js","",""
"","7036","GLOBAL | main page | footer | socialMediaBar | tiktokIcon","chromium-SCB-fr-authorised","2026-09-30","passed","2026-09-30","","cta/generated.cta.spec.js","",""
"","6215","GLOBAL | main page | footer | socialMediaBar | youtubeIcon","chromium-SCB-ru-unregistered","2026-09-30","skipped","2026-09-30","","cta/generated.cta.spec.js","",""
"","6586","GLOBAL | main page | footer | socialMediaBar | linkedinIcon","chromium-FCA-en-unauthorised","2026-09-30","skipped","2026-09-30","","cta/generated.cta.spec.js","",""
"","7040","GLOBAL | main page | footer | socialMediaBar | getGooglePlayBtn","chromium-SCB-mn-unregistered","2026-09-30","passed","2026-09-30","","cta/generated.cta.spec.js","",""
"","7456","GLOBAL | main page | footer | socialMediaBar | getGooglePlayBtn","chromium-SCB-mn-authorised","2026-09-30","passed","2026-09-30","","cta/generated.cta.spec.js","",""
"","7697","GLOBAL | main page | footer | socialMediaBar | getGooglePlayBtn","chromium-CySEC-el-gr-authorised","2026-09-30","passed","2026-09-30","","cta/generated.cta.spec.js","",""
"","7488","GLOBAL | main page | footer | riskWarningBlock | cookieSettingsLink","chromium-CySEC-de-de-authorised","2026-09-30","passed","2026-09-30","","cta/generated.cta.spec.js","",""
"","7882","GLOBAL | main page | footer | socialMediaBar | getGooglePlayBtn","chromium-CySEC-de-at-unregistered","2026-09-30","passed","2026-09-30","","cta/generated.cta.spec.js","",""
"","7624","GLOBAL | main page | footer | socialMediaBar | instagramIcon","chromium-SCB-vi-authorised","2026-09-30","passed","2026-09-30","","cta/generated.cta.spec.js","",""
"","6844","GLOBAL | main page | footer | socialMediaBar | redditIcon","chromium-SCB-vi-unregistered","2026-09-30","passed","2026-09-30","","cta/generated.cta.spec.js","",""
"","7021","GLOBAL | main page | footer | riskWarningBlock | sitemapLink","chromium-FCA-en-authorised","2026-09-30","passed","2026-09-30","","cta/generated.cta.spec.js","",""
"","6532","GLOBAL | main page | footer | regionalSettingsModalWindow | countrySwitcherBtn","chromium-SCB-de-unregistered","2026-09-30","passed","2026-09-30","","cta/generated.cta.spec.js","",""
"","8492","GLOBAL | main page | footer | socialMediaBar | exploreAppGalleryBtn","chromium-CySEC-fr-fr-unauthorised","2026-09-30","passed","2026-09-30","","cta/generated.cta.spec.js","",""
"","8107","GLOBAL | main page | footer | socialMediaBar | downloadAppStoreBtn","chromium-CySEC-fr-fr-unregistered","2026-09-30","passed","2026-09-30","","cta/generated.cta.spec.js","",""
"","6404","GLOBAL | main page | footer | socialMediaBar | twitterIcon","chromium-CySEC-ro-ro-unauthorised","2026-09-30","skipped","2026-09-30","","cta/generated.cta.spec.js","",""
"","7837","GLOBAL | main page | footer | socialMediaBar | tiktokIcon","chromium-SCB-vi-unauthorised","2026-09-30","passed","2026-09-30","","cta/generated.cta.spec.js","",""
"","7287","GLOBAL | main page | footer | socialMediaBar | logo","chromium-FCA-en-authorised","2026-09-30","passed","2026-09-30","","cta/generated.cta.spec.js","",""
"","6386","GLOBAL | main page | footer | riskWarningBlock | riskDisclosureStatementLink","chromium-SCB-en-unregistered","2026-09-30","skipped","2026-09-30","","cta/generated.cta.spec.js","",""
"","8693","GLOBAL | main page | footer | socialMediaBar | youtubeIcon","chromium-CySEC-en-eu-authorised","2026-09-30","passed","2026-09-30","","cta/generated.cta.spec.js","",""
"","7424","GLOBAL | main page | footer | socialMediaBar | downloadAppStoreBtn","chromium-SCB-en-unregistered","2026-09-30","passed","2026-09-30","","cta/generated.cta.spec.js","",""
"","6641","GLOBAL | main page | footer | regionalSettingsModalWindow | langSwitcherBtn","chromium-SCB-mn-authorised","2026-09-30","passed","2026-09-30","","cta/generated.cta.spec.js","",""
"","7128","GLOBAL | main page | footer | regionalSettingsModalWindow | langSwitcherBtn","chromium-CySEC-de-de-unregistered","2026-09-30","passed","2026-09-30","","cta/generated.cta.spec.js","",""
"","7635","GLOBAL | main page | footer | socialMediaBar | facebookIcon","chromium-CySEC-it-it-authorised","2026-09-30","passed","2026-09-30","","cta/generated.cta.spec.js","",""
"","6636","GLOBAL | main page | footer | socialMediaBar | redditIcon","chromium-CySEC-el-gr-authorised","2026-09-30","skipped","2026-09-30","","cta/generated.cta.spec.js","",""
"","6891","GLOBAL | main page | footer | socialMediaBar | tiktokIcon","chromium-ASIC-en-authorised","2026-09-30","skipped","2026-09-30","","cta/generated.cta.spec.js","",""
"","8038","GLOBAL | main page | footer | socialMediaBar | linkedinIcon","chromium-CMA-ar-authorised","2026-09-30","passed","2026-09-30","","cta/generated.cta.spec.js","",""
"","7962","GLOBAL | main page | footer | socialMediaBar | logo","chromium-CMA-en-authorised","2026-09-30","passed","2026-09-30","","cta/generated.cta.spec.js","",""
"","6969","GLOBAL | main page | footer | riskWarningBlock | complaintsProcedureLink","chromium-SCB-es-unregistered","2026-09-30","passed","2026-09-30","","cta/generated.cta.spec.js","",""
"","6954","GLOBAL | main page | footer | riskWarningBlock | complaintsProcedureLink","chromium-SCB-de-unauthorised","2026-09-30","passed","2026-09-30","","cta/generated.cta.spec.js","",""
"","7446","GLOBAL | main page | footer | regionalSettingsModalWindow | countrySwitcherBtn","chromium-CySEC-pl-pl-unauthorised","2026-09-30","passed","2026-09-30","","cta/generated.cta.spec.js","",""
"","8445","GLOBAL | main page | footer | socialMediaBar | exploreAppGalleryBtn","chromium-SCB-es-unauthorised","2026-09-30","passed","2026-09-30","","cta/generated.cta.spec.js","",""
"","7527","GLOBAL | main page | footer | socialMediaBar | downloadAppStoreBtn","chromium-SCB-zh-hant-authorised","2026-09-30","passed","2026-09-30","","cta/generated.cta.spec.js","",""
"","7546","GLOBAL | main page | footer | socialMediaBar | twitterIcon","chromium-SCB-fr-unregistered","2026-09-30","passed","2026-09-30","","cta/generated.cta.spec.js","",""
"","7766","GLOBAL | main page | footer | socialMediaBar | logo","chromium-CySEC-el-gr-authorised","2026-09-30","passed","2026-09-30","","cta/generated.cta.spec.js","",""
"","6890","GLOBAL | main page | footer | riskWarningBlock | cookieSettingsLink","chromium-SCB-fr-authorised","2026-09-30","passed","2026-09-30","","cta/generated.cta.spec.js","",""
"","7368","GLOBAL | main page | footer | riskWarningBlock | termsAndPoliciesLink","chromium-CMA-en-authorised","2026-09-30","passed","2026-09-30","","cta/generated.cta.spec.js","",""
"","6570","GLOBAL | main page | footer | socialMediaBar | youtubeIcon","chromium-CySEC-ro-ro-authorised","2026-09-30","skipped","2026-09-30","","cta/generated.cta.spec.js","",""
"","7157","GLOBAL | main page | footer | regionalSettingsModalWindow | countrySwitcherBtn","chromium-CySEC-pl-pl-unregistered","2026-09-30","passed","2026-09-30","","cta/generated.cta.spec.js","",""
"","7986","GLOBAL | main page | footer | socialMediaBar | linkedinIcon","chromium-CySEC-hu-hu-unregistered","2026-09-30","passed","2026-09-30","","cta/generated.cta.spec.js","",""
"","7884","GLOBAL | main page | footer | socialMediaBar | downloadAppStoreBtn","chromium-CySEC-it-it-unauthorised","2026-09-30","passed","2026-09-30","","cta/generated.cta.spec.js","",""
"","8273","GLOBAL | main page | footer | socialMediaBar | downloadAppStoreBtn","chromium-CySEC-en-eu-unregistered","2026-09-30","passed","2026-09-30","","cta/generated.cta.spec.js","",""
"","7356","GLOBAL | main page | footer | riskWarningBlock | sitemapLink","chromium-CySEC-it-it-unauthorised","2026-09-30","passed","2026-09-30","","cta/generated.cta.spec.js","",""
"","6842","GLOBAL | main page | footer | riskWarningBlock | complaintsProcedureLink","chromium-SCB-ru-authorised","2026-09-30","passed","2026-09-30","","cta/generated.cta.spec.js","",""
"","8276","GLOBAL | main page | footer | socialMediaBar | exploreAppGalleryBtn","chromium-SCB-zh-hant-unauthorised","2026-09-30","passed","2026-09-30","","cta/generated.cta.spec.js","",""
"","8849","GLOBAL | main page | footer | socialMediaBar | youtubeIcon","chromium-CySEC-de-at-unauthorised","2026-09-30","passed","2026-09-30","","cta/generated.cta.spec.js","",""
"","7288","GLOBAL | main page | footer | regionalSettingsModalWindow | countrySwitcherBtn","chromium-CySEC-en-eu-unregistered","2026-09-30","passed","2026-09-30","","cta/generated.cta.spec.js","",""
"","6642","GLOBAL | main page | footer | riskWarningBlock | licenseText","chromium-SCB-ru-unregistered","2026-09-30","passed","2026-09-30","","cta/generated.cta.spec.js","",""
"","6557","GLOBAL | main page | footer | socialMediaBar | redditIcon","chromium-SCB-ru-unregistered","2026-09-30","passed","2026-09-30","","cta/generated.cta.spec.js","",""
"","6282","GLOBAL | main page | footer | socialMediaBar | youtubeIcon","chromium-SCB-ar-unregistered","2026-09-30","skipped","2026-09-30","","cta/generated.cta.spec.js","",""
"","7486","GLOBAL | main page | footer | socialMediaBar | linkedinIcon","chromium-CySEC-fr-fr-unregistered","2026-09-30","passed","2026-09-30","","cta/generated.cta.spec.js","",""
"","6406","GLOBAL | main page | footer | riskWarningBlock | cookieSettingsLink","chromium-SCB-zh-hant-unauthorised","2026-09-30","passed","2026-09-30","","cta/generated.cta.spec.js","",""
"","6984","GLOBAL | main page | footer | socialMediaBar | facebookIcon","chromium-CySEC-ro-ro-authorised","2026-09-30","skipped","2026-09-30","","cta/generated.cta.spec.js","",""
"","6252","GLOBAL | main page | footer | socialMediaBar | youtubeIcon","chromium-SCB-mn-unregistered","2026-09-30","skipped","2026-09-30","","cta/generated.cta.spec.js","",""
"","7617","GLOBAL | main page | footer | socialMediaBar | tiktokIcon","chromium-SCB-es-authorised","2026-09-30","passed","2026-09-30","","cta/generated.cta.spec.js","",""
"","7243","GLOBAL | main page | footer | riskWarningBlock | cookieSettingsLink","chromium-CySEC-en-eu-authorised","2026-09-30","passed","2026-09-30","","cta/generated.cta.spec.js","",""
"","8336","GLOBAL | main page | footer | socialMediaBar | tiktokIcon","chromium-CMA-en-unauthorised","2026-09-30","passed","2026-09-30","","cta/generated.cta.spec.js","",""
"","7669","GLOBAL | main page | footer | socialMediaBar | facebookIcon","chromium-SCB-de-authorised","2026-09-30","passed","2026-09-30","","cta/generated.cta.spec.js","",""
"","6198","GLOBAL | main page | footer | socialMediaBar | youtubeIcon","chromium-SCB-ar-unauthorised","2026-09-30","skipped","2026-09-30","","cta/generated.cta.spec.js","",""
"","7445","GLOBAL | main page | footer | riskWarningBlock | sitemapLink","chromium-SCB-ar-unregistered","2026-09-30","passed","2026-09-30","","cta/generated.cta.spec.js","",""
"","8351","GLOBAL | main page | footer | socialMediaBar | exploreAppGalleryBtn","chromium-SCB-vi-unauthorised","2026-09-30","passed","2026-09-30","","cta/generated.cta.spec.js","",""
"","9279","GLOBAL | main page | footer | socialMediaBar | downloadAppStoreBtn","chromium-CySEC-pl-pl-unregistered","2026-09-30","passed","2026-09-30","","cta/generated.cta.spec.js","",""
"","2950","GLOBAL | main page | footer | socialMediaBar | redditIcon","chromium-SCB-zh-hans-unregistered","2026-09-30","passed","2026-09-30","","cta/generated.cta.spec.js","",""
"","7756","GLOBAL | main page | footer | socialMediaBar | logo","chromium-CMA-ar-unregistered","2026-09-30","passed","2026-09-30","","cta/generated.cta.spec.js","",""
"","8089","GLOBAL | main page | footer | socialMediaBar | downloadAppStoreBtn","chromium-CySEC-fr-fr-authorised","2026-09-30","passed","2026-09-30","","cta/generated.cta.spec.js","",""
"","6937","GLOBAL | main page | footer | riskWarningBlock | licenseText","chromium-CySEC-fr-fr-unauthorised","2026-09-30","passed","2026-09-30","","cta/generated.cta.spec.js","",""
"","7225","GLOBAL | main page | footer | socialMediaBar | logo","chromium-SCB-mn-authorised","2026-09-30","passed","2026-09-30","","cta/generated.cta.spec.js","",""
"","6723","GLOBAL | main page | footer | riskWarningBlock | riskDisclosureStatementLink","chromium-CySEC-en-eu-authorised","2026-09-30","skipped","2026-09-30","","cta/generated.cta.spec.js","",""
"","8834","GLOBAL | main page | footer | socialMediaBar | exploreAppGalleryBtn","chromium-CMA-ar-authorised","2026-09-30","passed","2026-09-30","","cta/generated.cta.spec.js","",""
"","6459","GLOBAL | main page | footer | socialMediaBar | tiktokIcon","chromium-CySEC-el-gr-unauthorised","2026-09-30","skipped","2026-09-30","","cta/generated.cta.spec.js","",""
"","6631","GLOBAL | main page | footer | socialMediaBar | redditIcon","chromium-FCA-en-unauthorised","2026-09-30","skipped","2026-09-30","","cta/generated.cta.spec.js","",""
"","6575","GLOBAL | main page | footer | regionalSettingsModalWindow | langSwitcherBtn","chromium-SCB-ru-unregistered","2026-09-30","passed","2026-09-30","","cta/generated.cta.spec.js","",""
"","6808","GLOBAL | main page | footer | riskWarningBlock | cookieSettingsLink","chromium-SCB-ar-authorised","2026-09-30","passed","2026-09-30","","cta/generated.cta.spec.js","",""
"","6334","GLOBAL | main page | footer | riskWarningBlock | riskDisclosureStatementLink","chromium-SCB-es-unauthorised","2026-09-30","skipped","2026-09-30","","cta/generated.cta.spec.js","",""
"","6580","GLOBAL | main page | footer | socialMediaBar | redditIcon","chromium-CySEC-pl-pl-unregistered","2026-09-30","skipped","2026-09-30","","cta/generated.cta.spec.js","",""
"","7481","GLOBAL | main page | footer | socialMediaBar | getGooglePlayBtn","chromium-SCB-mn-unauthorised","2026-09-30","passed","2026-09-30","","cta/generated.cta.spec.js","",""
"","3020","GLOBAL | main page | footer | riskWarningBlock | complaintsProcedureLink","chromium-SCB-zh-hans-unregistered","2026-09-30","passed","2026-09-30","","cta/generated.cta.spec.js","",""
"","7369","GLOBAL | main page | footer | socialMediaBar | getGooglePlayBtn","chromium-SCB-en-authorised","2026-09-30","passed","2026-09-30","","cta/generated.cta.spec.js","",""
"","7146","GLOBAL | main page | footer | regionalSettingsModalWindow | langSwitcherBtn","chromium-CySEC-fr-fr-authorised","2026-09-30","passed","2026-09-30","","cta/generated.cta.spec.js","",""
"","8511","GLOBAL | main page | footer | socialMediaBar | youtubeIcon","chromium-CySEC-de-de-unregistered","2026-09-30","passed","2026-09-30","","cta/generated.cta.spec.js","",""
"","6871","GLOBAL | main page | footer | riskWarningBlock | licenseText","chromium-SCB-zh-hant-unregistered","2026-09-30","passed","2026-09-30","","cta/generated.cta.spec.js","",""
"","6490","GLOBAL | main page | footer | riskWarningBlock | riskDisclosureStatementLink","chromium-CySEC-el-gr-unauthorised","2026-09-30","skipped","2026-09-30","","cta/generated.cta.spec.js","",""
"","9117","GLOBAL | main page | footer | socialMediaBar | youtubeIcon","chromium-CySEC-pl-pl-unregistered","2026-09-30","passed","2026-09-30","","cta/generated.cta.spec.js","",""
"","7328","GLOBAL | main page | footer | socialMediaBar | getGooglePlayBtn","chromium-SCB-fr-authorised","2026-09-30","passed","2026-09-30","","cta/generated.cta.spec.js","",""
"","6322","GLOBAL | main page | footer | riskWarningBlock | licenseText","chromium-SCB-zh-hant-unauthorised","2026-09-30","passed","2026-09-30","","cta/generated.cta.spec.js","",""
"","3208","GLOBAL | main page | footer | socialMediaBar | getGooglePlayBtn","chromium-SCB-zh-hans-unregistered","2026-09-30","passed","2026-09-30","","cta/generated.cta.spec.js","",""
"","8446","GLOBAL | main page | footer | socialMediaBar | linkedinIcon","chromium-CMA-ar-unregistered","2026-09-30","passed","2026-09-30","","cta/generated.cta.spec.js","",""
"","7307","GLOBAL | main page | footer | riskWarningBlock | cookieSettingsLink","chromium-CySEC-it-it-authorised","2026-09-30","passed","2026-09-30","","cta/generated.cta.spec.js","",""
"","7078","GLOBAL | main page | footer | riskWarningBlock | licenseText","chromium-CySEC-fr-fr-authorised","2026-09-30","passed","2026-09-30","","cta/generated.cta.spec.js","",""
"","7137","GLOBAL | main page | footer | socialMediaBar | redditIcon","chromium-SCB-fr-authorised","2026-09-30","passed","2026-09-30","","cta/generated.cta.spec.js","",""
"","7438","GLOBAL | main page | footer | riskWarningBlock | termsAndPoliciesLink","chromium-CySEC-pl-pl-unregistered","2026-09-30","passed","2026-09-30","","cta/generated.cta.spec.js","",""
"","6885","GLOBAL | main page | footer | regionalSettingsModalWindow | countrySwitcherBtn","chromium-SCB-fr-authorised","2026-09-30","passed","2026-09-30","","cta/generated.cta.spec.js","",""
"","7192","GLOBAL | main page | footer | socialMediaBar | facebookIcon","chromium-SCB-en-authorised","2026-09-30","passed","2026-09-30","","cta/generated.cta.spec.js","",""
"","8708","GLOBAL | main page | footer | socialMediaBar | exploreAppGalleryBtn","chromium-CySEC-el-gr-authorised","2026-09-30","passed","2026-09-30","","cta/generated.cta.spec.js","",""
"","6927","GLOBAL | main page | footer | riskWarningBlock | sitemapLink","chromium-FCA-en-unauthorised","2026-09-30","passed","2026-09-30","","cta/generated.cta.spec.js","",""
"","6685","GLOBAL | main page | footer | socialMediaBar | tiktokIcon","chromium-CySEC-ro-ro-unregistered","2026-09-30","skipped","2026-09-30","","cta/generated.cta.spec.js","",""
"","7438","GLOBAL | main page | footer | socialMediaBar | getGooglePlayBtn","chromium-FCA-en-unregistered","2026-09-30","passed","2026-09-30","","cta/generated.cta.spec.js","",""
"","7590","GLOBAL | main page | footer | socialMediaBar | downloadAppStoreBtn","chromium-SCB-ar-unregistered","2026-09-30","passed","2026-09-30","","cta/generated.cta.spec.js","",""
"","6919","GLOBAL | main page | footer | socialMediaBar | redditIcon","chromium-ASIC-en-authorised","2026-09-30","skipped","2026-09-30","","cta/generated.cta.spec.js","",""
"","6221","GLOBAL | main page | footer | riskWarningBlock | licenseText","chromium-SCB-de-unauthorised","2026-09-30","passed","2026-09-30","","cta/generated.cta.spec.js","",""
"","7320","GLOBAL | main page | footer | regionalSettingsModalWindow | countrySwitcherBtn","chromium-CMA-ar-authorised","2026-09-30","passed","2026-09-30","","cta/generated.cta.spec.js","",""
"","8828","GLOBAL | main page | footer | socialMediaBar | youtubeIcon","chromium-CySEC-fr-fr-authorised","2026-09-30","passed","2026-09-30","","cta/generated.cta.spec.js","",""
"","6416","GLOBAL | main page | footer | socialMediaBar | instagramIcon","chromium-FCA-en-unauthorised","2026-09-30","skipped","2026-09-30","","cta/generated.cta.spec.js","",""
"","8669","GLOBAL | main page | footer | socialMediaBar | youtubeIcon","chromium-CySEC-fr-fr-unauthorised","2026-09-30","passed","2026-09-30","","cta/generated.cta.spec.js","",""
"","6963","GLOBAL | main page | footer | riskWarningBlock | complaintsProcedureLink","chromium-SCB-en-authorised","2026-09-30","passed","2026-09-30","","cta/generated.cta.spec.js","",""
"","7118","GLOBAL | main page | footer | socialMediaBar | logo","chromium-CySEC-it-it-unauthorised","2026-09-30","passed","2026-09-30","","cta/generated.cta.spec.js","",""
"","6474","GLOBAL | main page | footer | socialMediaBar | twitterIcon","chromium-CySEC-pl-pl-unauthorised","2026-09-30","skipped","2026-09-30","","cta/generated.cta.spec.js","",""
"","7581","GLOBAL | main page | footer | socialMediaBar | getGooglePlayBtn","chromium-CySEC-it-it-unregistered","2026-09-30","passed","2026-09-30","","cta/generated.cta.spec.js","",""
"","6689","GLOBAL | main page | footer | socialMediaBar | twitterIcon","chromium-CySEC-de-at-unauthorised","2026-09-30","skipped","2026-09-30","","cta/generated.cta.spec.js","",""
"","12607","GLOBAL | main page | footer | socialMediaBar | youtubeIcon","chromium-CMA-ar-authorised","2026-09-30","failed","2026-09-30","","cta/generated.cta.spec.js","",""
"","6557","GLOBAL | main page | footer | socialMediaBar | facebookIcon","chromium-CySEC-ro-ro-unregistered","2026-09-30","skipped","2026-09-30","","cta/generated.cta.spec.js","",""
"","7542","GLOBAL | main page | footer | socialMediaBar | twitterIcon","chromium-ASIC-en-unauthorised","2026-09-30","passed","2026-09-30","","cta/generated.cta.spec.js","",""
"","7277","GLOBAL | main page | footer | socialMediaBar | instagramIcon","chromium-SCB-mn-unregistered","2026-09-30","passed","2026-09-30","","cta/generated.cta.spec.js","",""
"","6899","GLOBAL | main page | footer | regionalSettingsModalWindow | countrySwitcherBtn","chromium-SCB-de-authorised","2026-09-30","passed","2026-09-30","","cta/generated.cta.spec.js","",""
"","6292","GLOBAL | main page | footer | socialMediaBar | youtubeIcon","chromium-SCB-mn-authorised","2026-09-30","skipped","2026-09-30","","cta/generated.cta.spec.js","",""
"","6366","GLOBAL | main page | footer | riskWarningBlock | licenseText","chromium-SCB-en-unregistered","2026-09-30","passed","2026-09-30","","cta/generated.cta.spec.js","",""
"","7604","GLOBAL | main page | footer | riskWarningBlock | sitemapLink","chromium-CMA-ar-unregistered","2026-09-30","passed","2026-09-30","","cta/generated.cta.spec.js","",""
"","7674","GLOBAL | main page | footer | socialMediaBar | logo","chromium-ASIC-en-authorised","2026-09-30","passed","2026-09-30","","cta/generated.cta.spec.js","",""
"","7265","GLOBAL | main page | footer | riskWarningBlock | cookieSettingsLink","chromium-CySEC-en-eu-unregistered","2026-09-30","passed","2026-09-30","","cta/generated.cta.spec.js","",""
"","7143","GLOBAL | main page | footer | riskWarningBlock | complaintsProcedureLink","chromium-SCB-fr-authorised","2026-09-30","passed","2026-09-30","","cta/generated.cta.spec.js","",""
"","7841","GLOBAL | main page | footer | socialMediaBar | downloadAppStoreBtn","chromium-CySEC-el-gr-authorised","2026-09-30","passed","2026-09-30","","cta/generated.cta.spec.js","",""
"","6737","GLOBAL | main page | footer | riskWarningBlock | riskDisclosureStatementLink","chromium-CySEC-fr-fr-authorised","2026-09-30","skipped","2026-09-30","","cta/generated.cta.spec.js","",""
"","7498","GLOBAL | main page | footer | regionalSettingsModalWindow | countrySwitcherBtn","chromium-CySEC-de-at-unregistered","2026-09-30","passed","2026-09-30","","cta/generated.cta.spec.js","",""
"","7415","GLOBAL | main page | footer | socialMediaBar | linkedinIcon","chromium-CySEC-el-gr-authorised","2026-09-30","passed","2026-09-30","","cta/generated.cta.spec.js","",""
"","7082","GLOBAL | main page | footer | riskWarningBlock | licenseText","chromium-FCA-en-authorised","2026-09-30","passed","2026-09-30","","cta/generated.cta.spec.js","",""
"","11823","GLOBAL | main page | footer | riskWarningBlock | riskDisclosureStatementLink","chromium-FCA-en-unregistered","2026-09-30","passed","2026-09-30","","cta/generated.cta.spec.js","",""
"","6718","GLOBAL | main page | footer | regionalSettingsModalWindow | langSwitcherBtn","chromium-SCB-en-unauthorised","2026-09-30","passed","2026-09-30","","cta/generated.cta.spec.js","",""
"","7387","GLOBAL | main page | footer | regionalSettingsModalWindow | countrySwitcherBtn","chromium-CMA-ar-unauthorised","2026-09-30","passed","2026-09-30","","cta/generated.cta.spec.js","",""
"","9123","GLOBAL | main page | footer | socialMediaBar | tiktokIcon","chromium-CMA-ar-authorised","2026-09-30","passed","2026-09-30","","cta/generated.cta.spec.js","",""
"","8260","GLOBAL | main page | footer | socialMediaBar | exploreAppGalleryBtn","chromium-SCB-ru-unauthorised","2026-09-30","passed","2026-09-30","","cta/generated.cta.spec.js","",""
"","6970","GLOBAL | main page | footer | socialMediaBar | twitterIcon","chromium-SCB-vi-authorised","2026-09-30","passed","2026-09-30","","cta/generated.cta.spec.js","",""
"","6304","GLOBAL | main page | footer | socialMediaBar | redditIcon","chromium-FCA-en-unregistered","2026-09-30","skipped","2026-09-30","","cta/generated.cta.spec.js","",""
"","6549","GLOBAL | main page | footer | riskWarningBlock | cookieSettingsLink","chromium-SCB-ru-authorised","2026-09-30","passed","2026-09-30","","cta/generated.cta.spec.js","",""
"","7993","GLOBAL | main page | footer | socialMediaBar | downloadAppStoreBtn","chromium-CySEC-nl-nl-authorised","2026-09-30","passed","2026-09-30","","cta/generated.cta.spec.js","",""
"","7746","GLOBAL | main page | footer | socialMediaBar | getGooglePlayBtn","chromium-CySEC-pl-pl-unauthorised","2026-09-30","passed","2026-09-30","","cta/generated.cta.spec.js","",""
"","7484","GLOBAL | main page | footer | socialMediaBar | tiktokIcon","chromium-SCB-fr-unauthorised","2026-09-30","passed","2026-09-30","","cta/generated.cta.spec.js","",""
"","7142","GLOBAL | main page | footer | riskWarningBlock | cookieSettingsLink","chromium-CMA-en-unauthorised","2026-09-30","passed","2026-09-30","","cta/generated.cta.spec.js","",""
"","7227","GLOBAL | main page | footer | regionalSettingsModalWindow | countrySwitcherBtn","chromium-CySEC-de-de-unauthorised","2026-09-30","passed","2026-09-30","","cta/generated.cta.spec.js","",""
"","12324","GLOBAL | main page | footer | socialMediaBar | youtubeIcon","chromium-CMA-en-unregistered","2026-09-30","failed","2026-09-30","","cta/generated.cta.spec.js","",""
"","6429","GLOBAL | main page | footer | riskWarningBlock | riskDisclosureStatementLink","chromium-SCB-ar-authorised","2026-09-30","skipped","2026-09-30","","cta/generated.cta.spec.js","",""
"","6178","GLOBAL | main page | footer | riskWarningBlock | riskDisclosureStatementLink","chromium-SCB-mn-unregistered","2026-09-30","skipped","2026-09-30","","cta/generated.cta.spec.js","",""
"","7893","GLOBAL | main page | footer | socialMediaBar | downloadAppStoreBtn","chromium-CySEC-ro-ro-unregistered","2026-09-30","passed","2026-09-30","","cta/generated.cta.spec.js","",""
"","9018","GLOBAL | main page | footer | socialMediaBar | exploreAppGalleryBtn","chromium-SCB-de-authorised","2026-09-30","passed","2026-09-30","","cta/generated.cta.spec.js","",""
"","7256","GLOBAL | main page | footer | socialMediaBar | instagramIcon","chromium-SCB-mn-unauthorised","2026-09-30","passed","2026-09-30","","cta/generated.cta.spec.js","",""
"","6597","GLOBAL | main page | footer | regionalSettingsModalWindow | langSwitcherBtn","chromium-SCB-vi-authorised","2026-09-30","passed","2026-09-30","","cta/generated.cta.spec.js","",""
"","7621","GLOBAL | main page | footer | socialMediaBar | twitterIcon","chromium-SCB-de-authorised","2026-09-30","passed","2026-09-30","","cta/generated.cta.spec.js","",""
"","6239","GLOBAL | main page | footer | socialMediaBar | youtubeIcon","chromium-SCB-fr-authorised","2026-09-30","skipped","2026-09-30","","cta/generated.cta.spec.js","",""
"","7179","GLOBAL | main page | footer | riskWarningBlock | termsAndPoliciesLink","chromium-CySEC-de-at-unauthorised","2026-09-30","passed","2026-09-30","","cta/generated.cta.spec.js","",""
"","7388","GLOBAL | main page | footer | socialMediaBar | logo","chromium-CySEC-ro-ro-unregistered","2026-09-30","passed","2026-09-30","","cta/generated.cta.spec.js","",""
"","8302","GLOBAL | main page | footer | socialMediaBar | exploreAppGalleryBtn","chromium-SCB-es-unregistered","2026-09-30","passed","2026-09-30","","cta/generated.cta.spec.js","",""
"","6705","GLOBAL | main page | footer | socialMediaBar | youtubeIcon","chromium-SCB-ar-authorised","2026-09-30","skipped","2026-09-30","","cta/generated.cta.spec.js","",""
"","6747","GLOBAL | main page | footer | socialMediaBar | facebookIcon","chromium-CySEC-hu-hu-authorised","2026-09-30","skipped","2026-09-30","","cta/generated.cta.spec.js","",""
"","7310","GLOBAL | main page | footer | riskWarningBlock | sitemapLink","chromium-CySEC-hu-hu-unauthorised","2026-09-30","passed","2026-09-30","","cta/generated.cta.spec.js","",""
"","6988","GLOBAL | main page | footer | riskWarningBlock | licenseText","chromium-CMA-en-unregistered","2026-09-30","passed","2026-09-30","","cta/generated.cta.spec.js","",""
"","6484","GLOBAL | main page | footer | riskWarningBlock | riskDisclosureStatementLink","chromium-SCB-de-unregistered","2026-09-30","skipped","2026-09-30","","cta/generated.cta.spec.js","",""
"","6654","GLOBAL | main page | footer | socialMediaBar | redditIcon","chromium-SCB-vi-unauthorised","2026-09-30","passed","2026-09-30","","cta/generated.cta.spec.js","",""
"","8041","GLOBAL | main page | footer | socialMediaBar | downloadAppStoreBtn","chromium-ASIC-en-unregistered","2026-09-30","passed","2026-09-30","","cta/generated.cta.spec.js","",""
"","6359","GLOBAL | main page | footer | regionalSettingsModalWindow | countrySwitcherBtn","chromium-SCB-mn-unauthorised","2026-09-30","passed","2026-09-30","","cta/generated.cta.spec.js","",""
"","8385","GLOBAL | main page | footer | socialMediaBar | linkedinIcon","chromium-CySEC-nl-nl-unregistered","2026-09-30","passed","2026-09-30","","cta/generated.cta.spec.js","",""
"","7118","GLOBAL | main page | footer | regionalSettingsModalWindow | langSwitcherBtn","chromium-CySEC-de-at-unregistered","2026-09-30","passed","2026-09-30","","cta/generated.cta.spec.js","",""
"","6812","GLOBAL | main page | footer | riskWarningBlock | complaintsProcedureLink","chromium-SCB-en-unregistered","2026-09-30","passed","2026-09-30","","cta/generated.cta.spec.js","",""
"","6847","GLOBAL | main page | footer | riskWarningBlock | riskDisclosureStatementLink","chromium-CySEC-de-de-authorised","2026-09-30","skipped","2026-09-30","","cta/generated.cta.spec.js","",""
"","7044","GLOBAL | main page | footer | riskWarningBlock | termsAndPoliciesLink","chromium-SCB-fr-unauthorised","2026-09-30","passed","2026-09-30","","cta/generated.cta.spec.js","",""
"","7638","GLOBAL | main page | footer | socialMediaBar | downloadAppStoreBtn","chromium-SCB-mn-authorised","2026-09-30","passed","2026-09-30","","cta/generated.cta.spec.js","",""
"","6675","GLOBAL | main page | footer | socialMediaBar | redditIcon","chromium-CMA-ar-unauthorised","2026-09-30","skipped","2026-09-30","","cta/generated.cta.spec.js","",""
"","7262","GLOBAL | main page | footer | riskWarningBlock | cookieSettingsLink","chromium-CySEC-de-at-unregistered","2026-09-30","passed","2026-09-30","","cta/generated.cta.spec.js","",""
"","6929","GLOBAL | main page | footer | socialMediaBar | redditIcon","chromium-SCB-mn-unregistered","2026-09-30","passed","2026-09-30","","cta/generated.cta.spec.js","",""
"","9334","GLOBAL | main page | footer | socialMediaBar | getGooglePlayBtn","chromium-CySEC-hu-hu-authorised","2026-09-30","passed","2026-09-30","","cta/generated.cta.spec.js","",""
"","6638","GLOBAL | main page | footer | riskWarningBlock | termsAndPoliciesLink","chromium-SCB-vi-unauthorised","2026-09-30","passed","2026-09-30","","cta/generated.cta.spec.js","",""
"","6614","GLOBAL | main page | footer | riskWarningBlock | cookieSettingsLink","chromium-SCB-ru-unregistered","2026-09-30","passed","2026-09-30","","cta/generated.cta.spec.js","",""
"","6697","GLOBAL | main page | footer | socialMediaBar | logo","chromium-SCB-zh-hant-unregistered","2026-09-30","passed","2026-09-30","","cta/generated.cta.spec.js","",""
"","7754","GLOBAL | main page | footer | socialMediaBar | twitterIcon","chromium-CMA-en-unauthorised","2026-09-30","passed","2026-09-30","","cta/generated.cta.spec.js","",""
"","7115","GLOBAL | main page | footer | riskWarningBlock | licenseText","chromium-CySEC-it-it-unauthorised","2026-09-30","passed","2026-09-30","","cta/generated.cta.spec.js","",""
"","7071","GLOBAL | main page | footer | socialMediaBar | linkedinIcon","chromium-SCB-ru-unregistered","2026-09-30","passed","2026-09-30","","cta/generated.cta.spec.js","",""
"","6566","GLOBAL | main page | footer | socialMediaBar | tiktokIcon","chromium-CySEC-it-it-unregistered","2026-09-30","skipped","2026-09-30","","cta/generated.cta.spec.js","",""
"","7360","GLOBAL | main page | footer | socialMediaBar | linkedinIcon","chromium-SCB-de-authorised","2026-09-30","passed","2026-09-30","","cta/generated.cta.spec.js","",""
"","7672","GLOBAL | main page | footer | riskWarningBlock | complaintsProcedureLink","chromium-SCB-es-authorised","2026-09-30","passed","2026-09-30","","cta/generated.cta.spec.js","",""
"","7322","GLOBAL | main page | footer | socialMediaBar | twitterIcon","chromium-SCB-ru-unregistered","2026-09-30","passed","2026-09-30","","cta/generated.cta.spec.js","",""
"","7330","GLOBAL | main page | footer | socialMediaBar | instagramIcon","chromium-SCB-de-authorised","2026-09-30","passed","2026-09-30","","cta/generated.cta.spec.js","",""
"","7559","GLOBAL | main page | footer | socialMediaBar | twitterIcon","chromium-SCB-mn-authorised","2026-09-30","passed","2026-09-30","","cta/generated.cta.spec.js","",""
"","8633","GLOBAL | main page | footer | riskWarningBlock | termsAndPoliciesLink","chromium-CySEC-it-it-authorised","2026-09-30","passed","2026-09-30","","cta/generated.cta.spec.js","",""
"","6934","GLOBAL | main page | footer | riskWarningBlock | termsAndPoliciesLink","chromium-SCB-en-authorised","2026-09-30","passed","2026-09-30","","cta/generated.cta.spec.js","",""
"","8844","GLOBAL | main page | footer | socialMediaBar | logo","chromium-CMA-en-unregistered","2026-09-30","passed","2026-09-30","","cta/generated.cta.spec.js","",""
"","8060","GLOBAL | main page | footer | socialMediaBar | linkedinIcon","chromium-CMA-en-unregistered","2026-09-30","passed","2026-09-30","","cta/generated.cta.spec.js","",""
"","8077","GLOBAL | main page | footer | socialMediaBar | instagramIcon","chromium-CMA-ar-authorised","2026-09-30","passed","2026-09-30","","cta/generated.cta.spec.js","",""
"","7266","GLOBAL | main page | footer | riskWarningBlock | licenseText","chromium-ASIC-en-unauthorised","2026-09-30","passed","2026-09-30","","cta/generated.cta.spec.js","",""
"","6614","GLOBAL | main page | footer | socialMediaBar | instagramIcon","chromium-CySEC-hu-hu-authorised","2026-09-30","skipped","2026-09-30","","cta/generated.cta.spec.js","",""
"","7270","GLOBAL | main page | footer | socialMediaBar | getGooglePlayBtn","chromium-SCB-es-unregistered","2026-09-30","passed","2026-09-30","","cta/generated.cta.spec.js","",""
"","7350","GLOBAL | main page | footer | riskWarningBlock | complaintsProcedureLink","chromium-CySEC-el-gr-unregistered","2026-09-30","passed","2026-09-30","","cta/generated.cta.spec.js","",""
"","8190","GLOBAL | main page | footer | riskWarningBlock | termsAndPoliciesLink","chromium-CySEC-en-eu-unregistered","2026-09-30","passed","2026-09-30","","cta/generated.cta.spec.js","",""
"","7190","GLOBAL | main page | footer | socialMediaBar | tiktokIcon","chromium-SCB-es-unauthorised","2026-09-30","passed","2026-09-30","","cta/generated.cta.spec.js","",""
"","8219","GLOBAL | main page | footer | socialMediaBar | facebookIcon","chromium-CySEC-de-de-unregistered","2026-09-30","passed","2026-09-30","","cta/generated.cta.spec.js","",""
"","6991","GLOBAL | main page | footer | riskWarningBlock | complaintsProcedureLink","chromium-SCB-mn-unregistered","2026-09-30","passed","2026-09-30","","cta/generated.cta.spec.js","",""
"","7365","GLOBAL | main page | footer | riskWarningBlock | sitemapLink","chromium-CySEC-nl-nl-authorised","2026-09-30","passed","2026-09-30","","cta/generated.cta.spec.js","",""
"","7348","GLOBAL | main page | footer | socialMediaBar | logo","chromium-CySEC-ro-ro-authorised","2026-09-30","passed","2026-09-30","","cta/generated.cta.spec.js","",""
"","6446","GLOBAL | main page | footer | socialMediaBar | twitterIcon","chromium-CySEC-it-it-unauthorised","2026-09-30","skipped","2026-09-30","","cta/generated.cta.spec.js","",""
"","7376","GLOBAL | main page | footer | regionalSettingsModalWindow | langSwitcherBtn","chromium-CySEC-el-gr-unauthorised","2026-09-30","passed","2026-09-30","","cta/generated.cta.spec.js","",""
"","6740","GLOBAL | main page | footer | socialMediaBar | instagramIcon","chromium-CySEC-de-at-authorised","2026-09-30","skipped","2026-09-30","","cta/generated.cta.spec.js","",""
"","8135","GLOBAL | main page | footer | socialMediaBar | downloadAppStoreBtn","chromium-CySEC-nl-nl-unregistered","2026-09-30","passed","2026-09-30","","cta/generated.cta.spec.js","",""
"","6730","GLOBAL | main page | footer | regionalSettingsModalWindow | countrySwitcherBtn","chromium-SCB-ar-unauthorised","2026-09-30","passed","2026-09-30","","cta/generated.cta.spec.js","",""
"","8311","GLOBAL | main page | footer | socialMediaBar | exploreAppGalleryBtn","chromium-SCB-zh-hant-authorised","2026-09-30","passed","2026-09-30","","cta/generated.cta.spec.js","",""
"","7226","GLOBAL | main page | footer | socialMediaBar | linkedinIcon","chromium-SCB-en-unauthorised","2026-09-30","passed","2026-09-30","","cta/generated.cta.spec.js","",""
"","7019","GLOBAL | main page | footer | riskWarningBlock | licenseText","chromium-CySEC-el-gr-unregistered","2026-09-30","passed","2026-09-30","","cta/generated.cta.spec.js","",""
"","6579","GLOBAL | main page | footer | riskWarningBlock | cookieSettingsLink","chromium-SCB-fr-unregistered","2026-09-30","passed","2026-09-30","","cta/generated.cta.spec.js","",""
"","9151","GLOBAL | main page | footer | socialMediaBar | youtubeIcon","chromium-CySEC-el-gr-authorised","2026-09-30","passed","2026-09-30","","cta/generated.cta.spec.js","",""
"","6646","GLOBAL | main page | footer | socialMediaBar | facebookIcon","chromium-CySEC-pl-pl-authorised","2026-09-30","skipped","2026-09-30","","cta/generated.cta.spec.js","",""
"","7086","GLOBAL | main page | footer | riskWarningBlock | licenseText","chromium-CySEC-pl-pl-authorised","2026-09-30","passed","2026-09-30","","cta/generated.cta.spec.js","",""
"","6971","GLOBAL | main page | footer | socialMediaBar | redditIcon","chromium-CMA-ar-authorised","2026-09-30","skipped","2026-09-30","","cta/generated.cta.spec.js","",""
"","7660","GLOBAL | main page | footer | socialMediaBar | getGooglePlayBtn","chromium-SCB-de-authorised","2026-09-30","passed","2026-09-30","","cta/generated.cta.spec.js","",""
"","7236","GLOBAL | main page | footer | socialMediaBar | linkedinIcon","chromium-SCB-ru-authorised","2026-09-30","passed","2026-09-30","","cta/generated.cta.spec.js","",""
"","6552","GLOBAL | main page | footer | socialMediaBar | facebookIcon","chromium-CySEC-el-gr-unauthorised","2026-09-30","skipped","2026-09-30","","cta/generated.cta.spec.js","",""
"","7614","GLOBAL | main page | footer | riskWarningBlock | cookieSettingsLink","chromium-CySEC-en-eu-unauthorised","2026-09-30","passed","2026-09-30","","cta/generated.cta.spec.js","",""
"","7402","GLOBAL | main page | footer | riskWarningBlock | complaintsProcedureLink","chromium-ASIC-en-unauthorised","2026-09-30","passed","2026-09-30","","cta/generated.cta.spec.js","",""
"","7878","GLOBAL | main page | footer | socialMediaBar | downloadAppStoreBtn","chromium-CySEC-en-eu-authorised","2026-09-30","passed","2026-09-30","","cta/generated.cta.spec.js","",""
"","9371","GLOBAL | main page | footer | socialMediaBar | exploreAppGalleryBtn","chromium-CMA-en-unauthorised","2026-09-30","passed","2026-09-30","","cta/generated.cta.spec.js","",""
"","6914","GLOBAL | main page | footer | socialMediaBar | redditIcon","chromium-CySEC-ro-ro-authorised","2026-09-30","skipped","2026-09-30","","cta/generated.cta.spec.js","",""
"","7575","GLOBAL | main page | footer | socialMediaBar | twitterIcon","chromium-SCB-zh-hant-unregistered","2026-09-30","passed","2026-09-30","","cta/generated.cta.spec.js","",""
"","6703","GLOBAL | main page | footer | socialMediaBar | redditIcon","chromium-CySEC-en-eu-authorised","2026-09-30","skipped","2026-09-30","","cta/generated.cta.spec.js","",""
"","7388","GLOBAL | main page | footer | socialMediaBar | linkedinIcon","chromium-SCB-es-unregistered","2026-09-30","passed","2026-09-30","","cta/generated.cta.spec.js","",""
"","6747","GLOBAL | main page | footer | socialMediaBar | twitterIcon","chromium-CySEC-el-gr-unregistered","2026-09-30","skipped","2026-09-30","","cta/generated.cta.spec.js","",""
"","7902","GLOBAL | main page | footer | riskWarningBlock | termsAndPoliciesLink","chromium-CySEC-nl-nl-unregistered","2026-09-30","passed","2026-09-30","","cta/generated.cta.spec.js","",""
"","6921","GLOBAL | main page | footer | socialMediaBar | redditIcon","chromium-SCB-mn-authorised","2026-09-30","passed","2026-09-30","","cta/generated.cta.spec.js","",""
"","11214","GLOBAL | main page | footer | socialMediaBar | exploreAppGalleryBtn","chromium-CySEC-de-at-unauthorised","2026-09-30","passed","2026-09-30","","cta/generated.cta.spec.js","",""
"","7097","GLOBAL | main page | footer | riskWarningBlock | licenseText","chromium-CySEC-de-de-authorised","2026-09-30","passed","2026-09-30","","cta/generated.cta.spec.js","",""
"","7648","GLOBAL | main page | footer | socialMediaBar | getGooglePlayBtn","chromium-SCB-zh-hant-unregistered","2026-09-30","passed","2026-09-30","","cta/generated.cta.spec.js","",""
"","7204","GLOBAL | main page | footer | socialMediaBar | downloadAppStoreBtn","chromium-FCA-en-unauthorised","2026-09-30","passed","2026-09-30","","cta/generated.cta.spec.js","",""
"","4082","GLOBAL | main page | footer | riskWarningBlock | sitemapLink","chromium-SCB-zh-hans-unregistered","2026-09-30","passed","2026-09-30","","cta/generated.cta.spec.js","",""
"","8018","GLOBAL | main page | footer | socialMediaBar | exploreAppGalleryBtn","chromium-SCB-fr-unregistered","2026-09-30","passed","2026-09-30","","cta/generated.cta.spec.js","",""
"","7190","GLOBAL | main page | footer | riskWarningBlock | complaintsProcedureLink","chromium-CySEC-en-eu-unauthorised","2026-09-30","passed","2026-09-30","","cta/generated.cta.spec.js","",""
"","6718","GLOBAL | main page | footer | socialMediaBar | twitterIcon","chromium-CySEC-fr-fr-authorised","2026-09-30","skipped","2026-09-30","","cta/generated.cta.spec.js","",""
"","7583","GLOBAL | main page | footer | socialMediaBar | instagramIcon","chromium-SCB-en-unauthorised","2026-09-30","passed","2026-09-30","","cta/generated.cta.spec.js","",""
"","7133","GLOBAL | main page | footer | socialMediaBar | linkedinIcon","chromium-CySEC-ro-ro-authorised","2026-09-30","skipped","2026-09-30","","cta/generated.cta.spec.js","",""
"","7374","GLOBAL | main page | footer | regionalSettingsModalWindow | countrySwitcherBtn","chromium-CySEC-de-de-authorised","2026-09-30","passed","2026-09-30","","cta/generated.cta.spec.js","",""
"","8045","GLOBAL | main page | footer | socialMediaBar | getGooglePlayBtn","chromium-CMA-en-authorised","2026-09-30","passed","2026-09-30","","cta/generated.cta.spec.js","",""
"","6668","GLOBAL | main page | footer | socialMediaBar | facebookIcon","chromium-CySEC-pl-pl-unauthorised","2026-09-30","skipped","2026-09-30","","cta/generated.cta.spec.js","",""
"","6968","GLOBAL | main page | footer | regionalSettingsModalWindow | langSwitcherBtn","chromium-SCB-de-authorised","2026-09-30","passed","2026-09-30","","cta/generated.cta.spec.js","",""
"","6491","GLOBAL | main page | footer | socialMediaBar | instagramIcon","chromium-CySEC-fr-fr-unregistered","2026-09-30","skipped","2026-09-30","","cta/generated.cta.spec.js","",""
"","3547","GLOBAL | main page | footer | riskWarningBlock | termsAndPoliciesLink","chromium-SCB-zh-hans-unregistered","2026-09-30","passed","2026-09-30","","cta/generated.cta.spec.js","",""
"","7500","GLOBAL | main page | footer | socialMediaBar | linkedinIcon","chromium-CMA-en-unauthorised","2026-09-30","passed","2026-09-30","","cta/generated.cta.spec.js","",""
"","7234","GLOBAL | main page | footer | riskWarningBlock | cookieSettingsLink","chromium-CySEC-it-it-unauthorised","2026-09-30","passed","2026-09-30","","cta/generated.cta.spec.js","",""
"","7056","GLOBAL | main page | footer | socialMediaBar | getGooglePlayBtn","chromium-SCB-vi-unauthorised","2026-09-30","passed","2026-09-30","","cta/generated.cta.spec.js","",""
"","6721","GLOBAL | main page | footer | riskWarningBlock | sitemapLink","chromium-SCB-fr-unauthorised","2026-09-30","passed","2026-09-30","","cta/generated.cta.spec.js","",""
"","8154","GLOBAL | main page | footer | regionalSettingsModalWindow | countrySwitcherBtn","chromium-CySEC-en-eu-authorised","2026-09-30","passed","2026-09-30","","cta/generated.cta.spec.js","",""
"","7210","GLOBAL | main page | footer | riskWarningBlock | licenseText","chromium-CySEC-it-it-unregistered","2026-09-30","passed","2026-09-30","","cta/generated.cta.spec.js","",""
"","8365","GLOBAL | main page | footer | socialMediaBar | downloadAppStoreBtn","chromium-CySEC-hu-hu-unregistered","2026-09-30","passed","2026-09-30","","cta/generated.cta.spec.js","",""
"","7398","GLOBAL | main page | footer | riskWarningBlock | sitemapLink","chromium-CMA-en-unauthorised","2026-09-30","passed","2026-09-30","","cta/generated.cta.spec.js","",""
"","7990","GLOBAL | main page | footer | riskWarningBlock | complaintsProcedureLink","chromium-CySEC-it-it-unregistered","2026-09-30","passed","2026-09-30","","cta/generated.cta.spec.js","",""
"","7237","GLOBAL | main page | footer | socialMediaBar | twitterIcon","chromium-CySEC-el-gr-authorised","2026-09-30","skipped","2026-09-30","","cta/generated.cta.spec.js","",""
"","9061","GLOBAL | main page | footer | socialMediaBar | youtubeIcon","chromium-CySEC-pl-pl-authorised","2026-09-30","passed","2026-09-30","","cta/generated.cta.spec.js","",""
"","6205","GLOBAL | main page | footer | socialMediaBar | youtubeIcon","chromium-SCB-vi-unregistered","2026-09-30","skipped","2026-09-30","","cta/generated.cta.spec.js","",""
"","7425","GLOBAL | main page | footer | riskWarningBlock | termsAndPoliciesLink","chromium-CySEC-de-de-authorised","2026-09-30","passed","2026-09-30","","cta/generated.cta.spec.js","",""
"","6574","GLOBAL | main page | footer | riskWarningBlock | riskDisclosureStatementLink","chromium-CySEC-it-it-authorised","2026-09-30","skipped","2026-09-30","","cta/generated.cta.spec.js","",""
"","7578","GLOBAL | main page | footer | socialMediaBar | linkedinIcon","chromium-SCB-ar-authorised","2026-09-30","passed","2026-09-30","","cta/generated.cta.spec.js","",""
"","7353","GLOBAL | main page | footer | regionalSettingsModalWindow | countrySwitcherBtn","chromium-CySEC-hu-hu-authorised","2026-09-30","passed","2026-09-30","","cta/generated.cta.spec.js","",""
"","6909","GLOBAL | main page | footer | riskWarningBlock | licenseText","chromium-CMA-en-unauthorised","2026-09-30","passed","2026-09-30","","cta/generated.cta.spec.js","",""
"","7395","GLOBAL | main page | footer | socialMediaBar | linkedinIcon","chromium-CySEC-hu-hu-unauthorised","2026-09-30","passed","2026-09-30","","cta/generated.cta.spec.js","",""
"","7280","GLOBAL | main page | footer | socialMediaBar | downloadAppStoreBtn","chromium-SCB-ru-unregistered","2026-09-30","passed","2026-09-30","","cta/generated.cta.spec.js","",""
"","7221","GLOBAL | main page | footer | riskWarningBlock | complaintsProcedureLink","chromium-CySEC-it-it-unauthorised","2026-09-30","passed","2026-09-30","","cta/generated.cta.spec.js","",""
"","6819","GLOBAL | main page | footer | regionalSettingsModalWindow | countrySwitcherBtn","chromium-SCB-zh-hant-unregistered","2026-09-30","passed","2026-09-30","","cta/generated.cta.spec.js","",""
"","7533","GLOBAL | main page | footer | riskWarningBlock | sitemapLink","chromium-CySEC-hu-hu-unregistered","2026-09-30","passed","2026-09-30","","cta/generated.cta.spec.js","",""
"","7382","GLOBAL | main page | footer | socialMediaBar | getGooglePlayBtn","chromium-SCB-en-unregistered","2026-09-30","passed","2026-09-30","","cta/generated.cta.spec.js","",""
"","7537","GLOBAL | main page | footer | socialMediaBar | logo","chromium-SCB-ru-authorised","2026-09-30","passed","2026-09-30","","cta/generated.cta.spec.js","",""
"","6807","GLOBAL | main page | footer | riskWarningBlock | termsAndPoliciesLink","chromium-SCB-zh-hant-unauthorised","2026-09-30","passed","2026-09-30","","cta/generated.cta.spec.js","",""
"","7028","GLOBAL | main page | footer | riskWarningBlock | termsAndPoliciesLink","chromium-SCB-ru-unregistered","2026-09-30","passed","2026-09-30","","cta/generated.cta.spec.js","",""
"","7281","GLOBAL | main page | footer | riskWarningBlock | termsAndPoliciesLink","chromium-ASIC-en-unauthorised","2026-09-30","passed","2026-09-30","","cta/generated.cta.spec.js","",""
"","7078","GLOBAL | main page | footer | regionalSettingsModalWindow | langSwitcherBtn","chromium-CySEC-hu-hu-unregistered","2026-09-30","passed","2026-09-30","","cta/generated.cta.spec.js","",""
"","7734","GLOBAL | main page | footer | socialMediaBar | getGooglePlayBtn","chromium-CySEC-it-it-authorised","2026-09-30","passed","2026-09-30","","cta/generated.cta.spec.js","",""
"","7572","GLOBAL | main page | footer | riskWarningBlock | termsAndPoliciesLink","chromium-CySEC-hu-hu-authorised","2026-09-30","passed","2026-09-30","","cta/generated.cta.spec.js","",""
"","7051","GLOBAL | main page | footer | regionalSettingsModalWindow | langSwitcherBtn","chromium-CySEC-pl-pl-unregistered","2026-09-30","passed","2026-09-30","","cta/generated.cta.spec.js","",""
"","8197","GLOBAL | main page | footer | socialMediaBar | facebookIcon","chromium-SCB-mn-unregistered","2026-09-30","passed","2026-09-30","","cta/generated.cta.spec.js","",""
"","8250","GLOBAL | main page | footer | socialMediaBar | exploreAppGalleryBtn","chromium-SCB-es-authorised","2026-09-30","passed","2026-09-30","","cta/generated.cta.spec.js","",""
"","6159","GLOBAL | main page | footer | socialMediaBar | youtubeIcon","chromium-SCB-es-unregistered","2026-09-30","skipped","2026-09-30","","cta/generated.cta.spec.js","",""
"","2932","GLOBAL | main page | footer | riskWarningBlock | riskDisclosureStatementLink","chromium-SCB-zh-hans-unregistered","2026-09-30","skipped","2026-09-30","","cta/generated.cta.spec.js","",""
"","7477","GLOBAL | main page | footer | socialMediaBar | downloadAppStoreBtn","chromium-SCB-en-authorised","2026-09-30","passed","2026-09-30","","cta/generated.cta.spec.js","",""
"","6433","GLOBAL | main page | footer | socialMediaBar | tiktokIcon","chromium-CySEC-de-de-unregistered","2026-09-30","skipped","2026-09-30","","cta/generated.cta.spec.js","",""
"","7301","GLOBAL | main page | footer | socialMediaBar | linkedinIcon","chromium-SCB-vi-authorised","2026-09-30","passed","2026-09-30","","cta/generated.cta.spec.js","",""
"","8167","GLOBAL | main page | footer | socialMediaBar | exploreAppGalleryBtn","chromium-FCA-en-authorised","2026-09-30","passed","2026-09-30","","cta/generated.cta.spec.js","",""
"","6563","GLOBAL | main page | footer | regionalSettingsModalWindow | langSwitcherBtn","chromium-SCB-vi-unauthorised","2026-09-30","passed","2026-09-30","","cta/generated.cta.spec.js","",""
"","6879","GLOBAL | main page | footer | riskWarningBlock | cookieSettingsLink","chromium-SCB-de-unregistered","2026-09-30","passed","2026-09-30","","cta/generated.cta.spec.js","",""
"","6810","GLOBAL | main page | footer | socialMediaBar | redditIcon","chromium-SCB-en-unregistered","2026-09-30","passed","2026-09-30","","cta/generated.cta.spec.js","",""
"","7572","GLOBAL | main page | footer | socialMediaBar | linkedinIcon","chromium-CySEC-en-eu-unregistered","2026-09-30","passed","2026-09-30","","cta/generated.cta.spec.js","",""
"","7600","GLOBAL | main page | footer | socialMediaBar | twitterIcon","chromium-SCB-fr-unauthorised","2026-09-30","passed","2026-09-30","","cta/generated.cta.spec.js","",""
"","8565","GLOBAL | main page | footer | socialMediaBar | downloadAppStoreBtn","chromium-CySEC-el-gr-unregistered","2026-09-30","passed","2026-09-30","","cta/generated.cta.spec.js","",""
"","2953","GLOBAL | main page | footer | riskWarningBlock | complaintsProcedureLink","chromium-SCB-zh-hans-unauthorised","2026-09-30","passed","2026-09-30","","cta/generated.cta.spec.js","",""
"","6547","GLOBAL | main page | footer | socialMediaBar | facebookIcon","chromium-CySEC-nl-nl-unregistered","2026-09-30","skipped","2026-09-30","","cta/generated.cta.spec.js","",""
"","7523","GLOBAL | main page | footer | socialMediaBar | logo","chromium-CySEC-de-de-authorised","2026-09-30","passed","2026-09-30","","cta/generated.cta.spec.js","",""
"","3469","GLOBAL | main page | footer | socialMediaBar | twitterIcon","chromium-SCB-zh-hans-unauthorised","2026-09-30","passed","2026-09-30","","cta/generated.cta.spec.js","",""
"","7766","GLOBAL | main page | footer | socialMediaBar | getGooglePlayBtn","chromium-CMA-ar-authorised","2026-09-30","passed","2026-09-30","","cta/generated.cta.spec.js","",""
"","6821","GLOBAL | main page | footer | socialMediaBar | tiktokIcon","chromium-CySEC-el-gr-authorised","2026-09-30","skipped","2026-09-30","","cta/generated.cta.spec.js","",""
"","7907","GLOBAL | main page | footer | socialMediaBar | downloadAppStoreBtn","chromium-SCB-es-authorised","2026-09-30","passed","2026-09-30","","cta/generated.cta.spec.js","",""
"","6775","GLOBAL | main page | footer | regionalSettingsModalWindow | langSwitcherBtn","chromium-SCB-de-unauthorised","2026-09-30","passed","2026-09-30","","cta/generated.cta.spec.js","",""
"","7668","GLOBAL | main page | footer | socialMediaBar | twitterIcon","chromium-CMA-en-authorised","2026-09-30","passed","2026-09-30","","cta/generated.cta.spec.js","",""
"","6826","GLOBAL | main page | footer | regionalSettingsModalWindow | countrySwitcherBtn","chromium-SCB-zh-hant-unauthorised","2026-09-30","passed","2026-09-30","","cta/generated.cta.spec.js","",""
"","7660","GLOBAL | main page | footer | socialMediaBar | twitterIcon","chromium-SCB-zh-hant-authorised","2026-09-30","passed","2026-09-30","","cta/generated.cta.spec.js","",""
"","6250","GLOBAL | main page | footer | socialMediaBar | youtubeIcon","chromium-SCB-fr-unregistered","2026-09-30","skipped","2026-09-30","","cta/generated.cta.spec.js","",""
"","6952","GLOBAL | main page | footer | socialMediaBar | tiktokIcon","chromium-CySEC-en-eu-authorised","2026-09-30","skipped","2026-09-30","","cta/generated.cta.spec.js","",""
"","7539","GLOBAL | main page | footer | socialMediaBar | linkedinIcon","chromium-CySEC-en-eu-authorised","2026-09-30","passed","2026-09-30","","cta/generated.cta.spec.js","",""
"","6166","GLOBAL | main page | footer | riskWarningBlock | sitemapLink","chromium-SCB-vi-unregistered","2026-09-30","skipped","2026-09-30","","cta/generated.cta.spec.js","",""
"","7330","GLOBAL | main page | footer | riskWarningBlock | sitemapLink","chromium-CySEC-pl-pl-unauthorised","2026-09-30","passed","2026-09-30","","cta/generated.cta.spec.js","",""
"","7580","GLOBAL | main page | footer | riskWarningBlock | complaintsProcedureLink","chromium-CySEC-en-eu-unregistered","2026-09-30","passed","2026-09-30","","cta/generated.cta.spec.js","",""
"","8112","GLOBAL | main page | footer | socialMediaBar | exploreAppGalleryBtn","chromium-SCB-ru-authorised","2026-09-30","passed","2026-09-30","","cta/generated.cta.spec.js","",""
"","6685","GLOBAL | main page | footer | socialMediaBar | tiktokIcon","chromium-CySEC-it-it-unauthorised","2026-09-30","skipped","2026-09-30","","cta/generated.cta.spec.js","",""
"","7232","GLOBAL | main page | footer | riskWarningBlock | cookieSettingsLink","chromium-CySEC-de-at-authorised","2026-09-30","passed","2026-09-30","","cta/generated.cta.spec.js","",""
"","6809","GLOBAL | main page | footer | regionalSettingsModalWindow | countrySwitcherBtn","chromium-SCB-mn-authorised","2026-09-30","passed","2026-09-30","","cta/generated.cta.spec.js","",""
"","6964","GLOBAL | main page | footer | riskWarningBlock | complaintsProcedureLink","chromium-SCB-es-unauthorised","2026-09-30","passed","2026-09-30","","cta/generated.cta.spec.js","",""
"","6793","GLOBAL | main page | footer | socialMediaBar | tiktokIcon","chromium-CySEC-it-it-authorised","2026-09-30","skipped","2026-09-30","","cta/generated.cta.spec.js","",""
"","8332","GLOBAL | main page | footer | socialMediaBar | linkedinIcon","chromium-CySEC-de-at-authorised","2026-09-30","passed","2026-09-30","","cta/generated.cta.spec.js","",""
"","8807","GLOBAL | main page | footer | socialMediaBar | youtubeIcon","chromium-CySEC-de-de-authorised","2026-09-30","passed","2026-09-30","","cta/generated.cta.spec.js","",""
"","6773","GLOBAL | main page | footer | socialMediaBar | facebookIcon","chromium-CMA-ar-authorised","2026-09-30","skipped","2026-09-30","","cta/generated.cta.spec.js","",""
"","7178","GLOBAL | main page | footer | socialMediaBar | getGooglePlayBtn","chromium-SCB-de-unauthorised","2026-09-30","passed","2026-09-30","","cta/generated.cta.spec.js","",""
"","6663","GLOBAL | main page | footer | riskWarningBlock | cookieSettingsLink","chromium-SCB-de-unauthorised","2026-09-30","passed","2026-09-30","","cta/generated.cta.spec.js","",""
"","6510","GLOBAL | main page | footer | socialMediaBar | facebookIcon","chromium-CySEC-de-at-unauthorised","2026-09-30","skipped","2026-09-30","","cta/generated.cta.spec.js","",""
"","7505","GLOBAL | main page | footer | socialMediaBar | twitterIcon","chromium-CMA-en-unregistered","2026-09-30","passed","2026-09-30","","cta/generated.cta.spec.js","",""
"","7360","GLOBAL | main page | footer | socialMediaBar | twitterIcon","chromium-CySEC-nl-nl-authorised","2026-09-30","skipped","2026-09-30","","cta/generated.cta.spec.js","",""
"","7122","GLOBAL | main page | footer | regionalSettingsModalWindow | countrySwitcherBtn","chromium-CySEC-fr-fr-unregistered","2026-09-30","passed","2026-09-30","","cta/generated.cta.spec.js","",""
"","7251","GLOBAL | main page | footer | riskWarningBlock | termsAndPoliciesLink","chromium-CySEC-nl-nl-unauthorised","2026-09-30","passed","2026-09-30","","cta/generated.cta.spec.js","",""
"","7841","GLOBAL | main page | footer | socialMediaBar | getGooglePlayBtn","chromium-CySEC-de-at-authorised","2026-09-30","passed","2026-09-30","","cta/generated.cta.spec.js","",""
"","7130","GLOBAL | main page | footer | socialMediaBar | twitterIcon","chromium-SCB-es-authorised","2026-09-30","passed","2026-09-30","","cta/generated.cta.spec.js","",""
"","7342","GLOBAL | main page | footer | riskWarningBlock | complaintsProcedureLink","chromium-CySEC-ro-ro-unauthorised","2026-09-30","passed","2026-09-30","","cta/generated.cta.spec.js","",""
"","7420","GLOBAL | main page | footer | socialMediaBar | instagramIcon","chromium-SCB-ru-unregistered","2026-09-30","passed","2026-09-30","","cta/generated.cta.spec.js","",""
"","6639","GLOBAL | main page | footer | regionalSettingsModalWindow | langSwitcherBtn","chromium-FCA-en-unauthorised","2026-09-30","passed","2026-09-30","","cta/generated.cta.spec.js","",""
"","7491","GLOBAL | main page | footer | riskWarningBlock | complaintsProcedureLink","chromium-SCB-vi-unregistered","2026-09-30","passed","2026-09-30","","cta/generated.cta.spec.js","",""
"","6561","GLOBAL | main page | footer | socialMediaBar | instagramIcon","chromium-CySEC-nl-nl-unauthorised","2026-09-30","skipped","2026-09-30","","cta/generated.cta.spec.js","",""
"","6753","GLOBAL | main page | footer | riskWarningBlock | complaintsProcedureLink","chromium-SCB-en-unauthorised","2026-09-30","passed","2026-09-30","","cta/generated.cta.spec.js","",""
"","7518","GLOBAL | main page | footer | riskWarningBlock | sitemapLink","chromium-SCB-zh-hans-authorised","2026-09-30","passed","2026-09-30","","cta/generated.cta.spec.js","",""
"","7682","GLOBAL | main page | footer | socialMediaBar | getGooglePlayBtn","chromium-CySEC-de-de-authorised","2026-09-30","passed","2026-09-30","","cta/generated.cta.spec.js","",""
"","6305","GLOBAL | main page | footer | socialMediaBar | youtubeIcon","chromium-SCB-de-unregistered","2026-09-30","skipped","2026-09-30","","cta/generated.cta.spec.js","",""
"","7236","GLOBAL | main page | footer | socialMediaBar | twitterIcon","chromium-CySEC-pl-pl-authorised","2026-09-30","skipped","2026-09-30","","cta/generated.cta.spec.js","",""
"","6403","GLOBAL | main page | footer | socialMediaBar | linkedinIcon","chromium-FCA-en-unregistered","2026-09-30","skipped","2026-09-30","","cta/generated.cta.spec.js","",""
"","7576","GLOBAL | main page | footer | socialMediaBar | downloadAppStoreBtn","chromium-SCB-en-unauthorised","2026-09-30","passed","2026-09-30","","cta/generated.cta.spec.js","",""
"","7557","GLOBAL | main page | footer | socialMediaBar | logo","chromium-CySEC-en-eu-unregistered","2026-09-30","passed","2026-09-30","","cta/generated.cta.spec.js","",""
"","6557","GLOBAL | main page | footer | socialMediaBar | redditIcon","chromium-SCB-zh-hant-unauthorised","2026-09-30","passed","2026-09-30","","cta/generated.cta.spec.js","",""
"","7972","GLOBAL | main page | footer | socialMediaBar | linkedinIcon","chromium-SCB-zh-hant-unregistered","2026-09-30","passed","2026-09-30","","cta/generated.cta.spec.js","",""
"","7306","GLOBAL | main page | footer | riskWarningBlock | complaintsProcedureLink","chromium-CMA-ar-unauthorised","2026-09-30","passed","2026-09-30","","cta/generated.cta.spec.js","",""
"","6996","GLOBAL | main page | footer | riskWarningBlock | termsAndPoliciesLink","chromium-CySEC-el-gr-unauthorised","2026-09-30","passed","2026-09-30","","cta/generated.cta.spec.js","",""
"","2868","GLOBAL | main page | footer | regionalSettingsModalWindow | countrySwitcherBtn","chromium-SCB-zh-hans-unregistered","2026-09-30","passed","2026-09-30","","cta/generated.cta.spec.js","",""
"","7955","GLOBAL | main page | footer | socialMediaBar | downloadAppStoreBtn","chromium-CMA-en-unregistered","2026-09-30","passed","2026-09-30","","cta/generated.cta.spec.js","",""
"","8353","GLOBAL | main page | footer | socialMediaBar | facebookIcon","chromium-ASIC-en-authorised","2026-09-30","passed","2026-09-30","","cta/generated.cta.spec.js","",""
"","6683","GLOBAL | main page | footer | regionalSettingsModalWindow | langSwitcherBtn","chromium-SCB-vi-unregistered","2026-09-30","passed","2026-09-30","","cta/generated.cta.spec.js","",""
"","7324","GLOBAL | main page | footer | socialMediaBar | downloadAppStoreBtn","chromium-SCB-fr-unregistered","2026-09-30","passed","2026-09-30","","cta/generated.cta.spec.js","",""
"","6776","GLOBAL | main page | footer | riskWarningBlock | riskDisclosureStatementLink","chromium-CySEC-ro-ro-authorised","2026-09-30","skipped","2026-09-30","","cta/generated.cta.spec.js","",""
"","7059","GLOBAL | main page | footer | riskWarningBlock | complaintsProcedureLink","chromium-SCB-ar-authorised","2026-09-30","passed","2026-09-30","","cta/generated.cta.spec.js","",""
"","6726","GLOBAL | main page | footer | riskWarningBlock | termsAndPoliciesLink","chromium-SCB-es-unregistered","2026-09-30","passed","2026-09-30","","cta/generated.cta.spec.js","",""
"","7636","GLOBAL | main page | footer | socialMediaBar | tiktokIcon","chromium-SCB-en-unauthorised","2026-09-30","passed","2026-09-30","","cta/generated.cta.spec.js","",""
"","7006","GLOBAL | main page | footer | regionalSettingsModalWindow | langSwitcherBtn","chromium-CySEC-pl-pl-unauthorised","2026-09-30","passed","2026-09-30","","cta/generated.cta.spec.js","",""
"","7957","GLOBAL | main page | footer | riskWarningBlock | termsAndPoliciesLink","chromium-CySEC-fr-fr-unregistered","2026-09-30","passed","2026-09-30","","cta/generated.cta.spec.js","",""
"","6533","GLOBAL | main page | footer | socialMediaBar | youtubeIcon","chromium-CySEC-ro-ro-unregistered","2026-09-30","skipped","2026-09-30","","cta/generated.cta.spec.js","",""
"","6869","GLOBAL | main page | footer | riskWarningBlock | complaintsProcedureLink","chromium-SCB-ru-unregistered","2026-09-30","passed","2026-09-30","","cta/generated.cta.spec.js","",""
"","7099","GLOBAL | main page | footer | socialMediaBar | logo","chromium-CySEC-hu-hu-unauthorised","2026-09-30","passed","2026-09-30","","cta/generated.cta.spec.js","",""
"","6647","GLOBAL | main page | footer | socialMediaBar | facebookIcon","chromium-CySEC-en-eu-authorised","2026-09-30","skipped","2026-09-30","","cta/generated.cta.spec.js","",""
"","7468","GLOBAL | main page | footer | socialMediaBar | tiktokIcon","chromium-SCB-de-unauthorised","2026-09-30","passed","2026-09-30","","cta/generated.cta.spec.js","",""
"","6808","GLOBAL | main page | footer | regionalSettingsModalWindow | langSwitcherBtn","chromium-SCB-es-unauthorised","2026-09-30","passed","2026-09-30","","cta/generated.cta.spec.js","",""
"","7079","GLOBAL | main page | footer | regionalSettingsModalWindow | langSwitcherBtn","chromium-CySEC-en-eu-unauthorised","2026-09-30","passed","2026-09-30","","cta/generated.cta.spec.js","",""
"","7228","GLOBAL | main page | footer | regionalSettingsModalWindow | langSwitcherBtn","chromium-CySEC-de-at-unauthorised","2026-09-30","passed","2026-09-30","","cta/generated.cta.spec.js","",""
"","12763","GLOBAL | main page | footer | socialMediaBar | youtubeIcon","chromium-ASIC-en-authorised","2026-09-30","failed","2026-09-30","","cta/generated.cta.spec.js","",""
"","7657","GLOBAL | main page | footer | riskWarningBlock | complaintsProcedureLink","chromium-CySEC-fr-fr-unregistered","2026-09-30","passed","2026-09-30","","cta/generated.cta.spec.js","",""
"","8359","GLOBAL | main page | footer | socialMediaBar | exploreAppGalleryBtn","chromium-SCB-en-unauthorised","2026-09-30","passed","2026-09-30","","cta/generated.cta.spec.js","",""
"","7178","GLOBAL | main page | footer | riskWarningBlock | licenseText","chromium-CySEC-pl-pl-unauthorised","2026-09-30","passed","2026-09-30","","cta/generated.cta.spec.js","",""
"","7244","GLOBAL | main page | footer | socialMediaBar | tiktokIcon","chromium-SCB-ar-unauthorised","2026-09-30","passed","2026-09-30","","cta/generated.cta.spec.js","",""
"","7646","GLOBAL | main page | footer | socialMediaBar | instagramIcon","chromium-CySEC-de-de-authorised","2026-09-30","passed","2026-09-30","","cta/generated.cta.spec.js","",""
"","2963","GLOBAL | main page | footer | socialMediaBar | exploreAppGalleryBtn","chromium-SCB-zh-hans-unregistered","2026-09-30","passed","2026-09-30","","cta/generated.cta.spec.js","",""
"","6930","GLOBAL | main page | footer | regionalSettingsModalWindow | langSwitcherBtn","chromium-SCB-mn-unregistered","2026-09-30","passed","2026-09-30","","cta/generated.cta.spec.js","",""
"","7636","GLOBAL | main page | footer | socialMediaBar | instagramIcon","chromium-SCB-en-unregistered","2026-09-30","passed","2026-09-30","","cta/generated.cta.spec.js","",""
"","7744","GLOBAL | main page | footer | socialMediaBar | downloadAppStoreBtn","chromium-CMA-ar-unregistered","2026-09-30","passed","2026-09-30","","cta/generated.cta.spec.js","",""
"","7463","GLOBAL | main page | footer | riskWarningBlock | sitemapLink","chromium-SCB-ru-unregistered","2026-09-30","passed","2026-09-30","","cta/generated.cta.spec.js","",""
"","6519","GLOBAL | main page | footer | riskWarningBlock | cookieSettingsLink","chromium-SCB-vi-unregistered","2026-09-30","passed","2026-09-30","","cta/generated.cta.spec.js","",""
"","7443","GLOBAL | main page | footer | socialMediaBar | linkedinIcon","chromium-SCB-fr-authorised","2026-09-30","passed","2026-09-30","","cta/generated.cta.spec.js","",""
"","6455","GLOBAL | main page | footer | socialMediaBar | youtubeIcon","chromium-SCB-ru-authorised","2026-09-30","skipped","2026-09-30","","cta/generated.cta.spec.js","",""
"","7202","GLOBAL | main page | footer | riskWarningBlock | sitemapLink","chromium-SCB-de-authorised","2026-09-30","passed","2026-09-30","","cta/generated.cta.spec.js","",""
"","8589","GLOBAL | main page | footer | socialMediaBar | youtubeIcon","chromium-CySEC-de-de-unauthorised","2026-09-30","passed","2026-09-30","","cta/generated.cta.spec.js","",""
"","7196","GLOBAL | main page | footer | riskWarningBlock | cookieSettingsLink","chromium-CySEC-pl-pl-authorised","2026-09-30","passed","2026-09-30","","cta/generated.cta.spec.js","",""
"","8410","GLOBAL | main page | footer | socialMediaBar | exploreAppGalleryBtn","chromium-SCB-zh-hant-unregistered","2026-09-30","passed","2026-09-30","","cta/generated.cta.spec.js","",""
"","7559","GLOBAL | main page | footer | socialMediaBar | downloadAppStoreBtn","chromium-SCB-fr-authorised","2026-09-30","passed","2026-09-30","","cta/generated.cta.spec.js","",""
"","7777","GLOBAL | main page | footer | socialMediaBar | logo","chromium-CySEC-de-at-authorised","2026-09-30","passed","2026-09-30","","cta/generated.cta.spec.js","",""
"","6746","GLOBAL | main page | footer | socialMediaBar | redditIcon","chromium-ASIC-en-unauthorised","2026-09-30","skipped","2026-09-30","","cta/generated.cta.spec.js","",""
"","2948","GLOBAL | main page | footer | socialMediaBar | downloadAppStoreBtn","chromium-SCB-zh-hans-unregistered","2026-09-30","passed","2026-09-30","","cta/generated.cta.spec.js","",""
"","7901","GLOBAL | main page | footer | socialMediaBar | downloadAppStoreBtn","chromium-CySEC-pl-pl-unauthorised","2026-09-30","passed","2026-09-30","","cta/generated.cta.spec.js","",""
"","7294","GLOBAL | main page | footer | riskWarningBlock | cookieSettingsLink","chromium-CySEC-fr-fr-authorised","2026-09-30","passed","2026-09-30","","cta/generated.cta.spec.js","",""
"","7588","GLOBAL | main page | footer | socialMediaBar | logo","chromium-CySEC-nl-nl-authorised","2026-09-30","passed","2026-09-30","","cta/generated.cta.spec.js","",""
"","6677","GLOBAL | main page | footer | riskWarningBlock | cookieSettingsLink","chromium-SCB-en-unauthorised","2026-09-30","passed","2026-09-30","","cta/generated.cta.spec.js","",""
"","7281","GLOBAL | main page | footer | socialMediaBar | getGooglePlayBtn","chromium-SCB-ar-unregistered","2026-09-30","passed","2026-09-30","","cta/generated.cta.spec.js","",""
"","7473","GLOBAL | main page | footer | riskWarningBlock | termsAndPoliciesLink","chromium-CySEC-hu-hu-unregistered","2026-09-30","passed","2026-09-30","","cta/generated.cta.spec.js","",""
"","7045","GLOBAL | main page | footer | riskWarningBlock | termsAndPoliciesLink","chromium-SCB-de-unauthorised","2026-09-30","passed","2026-09-30","","cta/generated.cta.spec.js","",""
"","7083","GLOBAL | main page | footer | riskWarningBlock | licenseText","chromium-CySEC-it-it-authorised","2026-09-30","passed","2026-09-30","","cta/generated.cta.spec.js","",""
"","6581","GLOBAL | main page | footer | socialMediaBar | tiktokIcon","chromium-CySEC-en-eu-unregistered","2026-09-30","skipped","2026-09-30","","cta/generated.cta.spec.js","",""
"","7338","GLOBAL | main page | footer | regionalSettingsModalWindow | countrySwitcherBtn","chromium-CySEC-ro-ro-authorised","2026-09-30","passed","2026-09-30","","cta/generated.cta.spec.js","",""
"","10343","GLOBAL | main page | footer | socialMediaBar | linkedinIcon","chromium-CySEC-hu-hu-authorised","2026-09-30","passed","2026-09-30","","cta/generated.cta.spec.js","",""
"","8414","GLOBAL | main page | footer | socialMediaBar | downloadAppStoreBtn","chromium-CySEC-ro-ro-authorised","2026-09-30","passed","2026-09-30","","cta/generated.cta.spec.js","",""
"","7956","GLOBAL | main page | footer | riskWarningBlock | cookieSettingsLink","chromium-CySEC-fr-fr-unregistered","2026-09-30","passed","2026-09-30","","cta/generated.cta.spec.js","",""
"","7421","GLOBAL | main page | footer | riskWarningBlock | complaintsProcedureLink","chromium-CySEC-nl-nl-unauthorised","2026-09-30","passed","2026-09-30","","cta/generated.cta.spec.js","",""
"","8076","GLOBAL | main page | footer | socialMediaBar | downloadAppStoreBtn","chromium-SCB-zh-hant-unregistered","2026-09-30","passed","2026-09-30","","cta/generated.cta.spec.js","",""
"","7399","GLOBAL | main page | footer | riskWarningBlock | sitemapLink","chromium-CySEC-fr-fr-unregistered","2026-09-30","passed","2026-09-30","","cta/generated.cta.spec.js","",""
"","6718","GLOBAL | main page | footer | socialMediaBar | redditIcon","chromium-CySEC-it-it-unauthorised","2026-09-30","skipped","2026-09-30","","cta/generated.cta.spec.js","",""
"","6736","GLOBAL | main page | footer | riskWarningBlock | licenseText","chromium-SCB-es-unauthorised","2026-09-30","passed","2026-09-30","","cta/generated.cta.spec.js","",""
"","4600","GLOBAL | main page | footer | socialMediaBar | linkedinIcon","chromium-SCB-zh-hans-unauthorised","2026-09-30","passed","2026-09-30","","cta/generated.cta.spec.js","",""
"","7414","GLOBAL | main page | footer | socialMediaBar | linkedinIcon","chromium-CySEC-de-de-unauthorised","2026-09-30","passed","2026-09-30","","cta/generated.cta.spec.js","",""
"","6604","GLOBAL | main page | footer | socialMediaBar | redditIcon","chromium-CySEC-fr-fr-authorised","2026-09-30","skipped","2026-09-30","","cta/generated.cta.spec.js","",""
"","7205","GLOBAL | main page | footer | socialMediaBar | redditIcon","chromium-SCB-en-authorised","2026-09-30","passed","2026-09-30","","cta/generated.cta.spec.js","",""
"","8154","GLOBAL | main page | footer | riskWarningBlock | complaintsProcedureLink","chromium-SCB-mn-authorised","2026-09-30","passed","2026-09-30","","cta/generated.cta.spec.js","",""
"","7335","GLOBAL | main page | footer | socialMediaBar | instagramIcon","chromium-SCB-zh-hant-unauthorised","2026-09-30","passed","2026-09-30","","cta/generated.cta.spec.js","",""
"","7208","GLOBAL | main page | footer | socialMediaBar | instagramIcon","chromium-SCB-zh-hans-authorised","2026-09-30","passed","2026-09-30","","cta/generated.cta.spec.js","",""
"","8213","GLOBAL | main page | footer | socialMediaBar | tiktokIcon","chromium-CMA-en-authorised","2026-09-30","passed","2026-09-30","","cta/generated.cta.spec.js","",""
"","8039","GLOBAL | main page | footer | socialMediaBar | instagramIcon","chromium-CMA-en-authorised","2026-09-30","passed","2026-09-30","","cta/generated.cta.spec.js","",""
"","7191","GLOBAL | main page | footer | socialMediaBar | redditIcon","chromium-SCB-de-authorised","2026-09-30","passed","2026-09-30","","cta/generated.cta.spec.js","",""
"","6855","GLOBAL | main page | footer | regionalSettingsModalWindow | countrySwitcherBtn","chromium-SCB-fr-unregistered","2026-09-30","passed","2026-09-30","","cta/generated.cta.spec.js","",""
"","7180","GLOBAL | main page | footer | regionalSettingsModalWindow | countrySwitcherBtn","chromium-CySEC-it-it-unregistered","2026-09-30","passed","2026-09-30","","cta/generated.cta.spec.js","",""
"","7094","GLOBAL | main page | footer | socialMediaBar | logo","chromium-SCB-en-authorised","2026-09-30","passed","2026-09-30","","cta/generated.cta.spec.js","",""
"","7903","GLOBAL | main page | footer | socialMediaBar | downloadAppStoreBtn","chromium-CySEC-de-de-unregistered","2026-09-30","passed","2026-09-30","","cta/generated.cta.spec.js","",""
"","6481","GLOBAL | main page | footer | socialMediaBar | youtubeIcon","chromium-FCA-en-unauthorised","2026-09-30","skipped","2026-09-30","","cta/generated.cta.spec.js","",""
"","7100","GLOBAL | main page | footer | regionalSettingsModalWindow | langSwitcherBtn","chromium-CySEC-pl-pl-authorised","2026-09-30","passed","2026-09-30","","cta/generated.cta.spec.js","",""
"","7045","GLOBAL | main page | footer | riskWarningBlock | licenseText","chromium-CySEC-en-eu-unregistered","2026-09-30","passed","2026-09-30","","cta/generated.cta.spec.js","",""
"","10382","GLOBAL | main page | footer | socialMediaBar | youtubeIcon","chromium-CySEC-nl-nl-unregistered","2026-09-30","passed","2026-09-30","","cta/generated.cta.spec.js","",""
"","8594","GLOBAL | main page | footer | socialMediaBar | exploreAppGalleryBtn","chromium-CySEC-it-it-unregistered","2026-09-30","passed","2026-09-30","","cta/generated.cta.spec.js","",""
"","7198","GLOBAL | main page | footer | riskWarningBlock | cookieSettingsLink","chromium-SCB-mn-authorised","2026-09-30","passed","2026-09-30","","cta/generated.cta.spec.js","",""
"","7115","GLOBAL | main page | footer | regionalSettingsModalWindow | countrySwitcherBtn","chromium-CySEC-en-eu-unauthorised","2026-09-30","passed","2026-09-30","","cta/generated.cta.spec.js","",""
"","9431","GLOBAL | main page | footer | socialMediaBar | exploreAppGalleryBtn","chromium-ASIC-en-authorised","2026-09-30","passed","2026-09-30","","cta/generated.cta.spec.js","",""
"","7067","GLOBAL | main page | footer | socialMediaBar | linkedinIcon","chromium-SCB-ar-unauthorised","2026-09-30","passed","2026-09-30","","cta/generated.cta.spec.js","",""
"","6183","GLOBAL | main page | footer | riskWarningBlock | riskDisclosureStatementLink","chromium-SCB-fr-unauthorised","2026-09-30","skipped","2026-09-30","","cta/generated.cta.spec.js","",""
"","7820","GLOBAL | main page | footer | socialMediaBar | twitterIcon","chromium-ASIC-en-unregistered","2026-09-30","passed","2026-09-30","","cta/generated.cta.spec.js","",""
"","7804","GLOBAL | main page | footer | socialMediaBar | getGooglePlayBtn","chromium-CMA-ar-unregistered","2026-09-30","passed","2026-09-30","","cta/generated.cta.spec.js","",""
"","6502","GLOBAL | main page | footer | riskWarningBlock | riskDisclosureStatementLink","chromium-CySEC-hu-hu-unauthorised","2026-09-30","skipped","2026-09-30","","cta/generated.cta.spec.js","",""
"","8643","GLOBAL | main page | footer | socialMediaBar | exploreAppGalleryBtn","chromium-CySEC-de-de-authorised","2026-09-30","passed","2026-09-30","","cta/generated.cta.spec.js","",""
"","2633","GLOBAL | main page | footer | socialMediaBar | youtubeIcon","chromium-SCB-zh-hans-unregistered","2026-09-30","skipped","2026-09-30","","cta/generated.cta.spec.js","",""
"","6955","GLOBAL | main page | footer | riskWarningBlock | licenseText","chromium-SCB-ru-authorised","2026-09-30","passed","2026-09-30","","cta/generated.cta.spec.js","",""
"","6824","GLOBAL | main page | footer | socialMediaBar | facebookIcon","chromium-CySEC-fr-fr-unregistered","2026-09-30","skipped","2026-09-30","","cta/generated.cta.spec.js","",""
"","6452","GLOBAL | main page | footer | socialMediaBar | redditIcon","chromium-CySEC-hu-hu-unregistered","2026-09-30","skipped","2026-09-30","","cta/generated.cta.spec.js","",""
"","7582","GLOBAL | main page | footer | riskWarningBlock | complaintsProcedureLink","chromium-CySEC-de-at-authorised","2026-09-30","passed","2026-09-30","","cta/generated.cta.spec.js","",""
"","6742","GLOBAL | main page | footer | riskWarningBlock | termsAndPoliciesLink","chromium-FCA-en-unregistered","2026-09-30","passed","2026-09-30","","cta/generated.cta.spec.js","",""
"","8178","GLOBAL | main page | footer | socialMediaBar | exploreAppGalleryBtn","chromium-SCB-en-unregistered","2026-09-30","passed","2026-09-30","","cta/generated.cta.spec.js","",""
"","7334","GLOBAL | main page | footer | regionalSettingsModalWindow | langSwitcherBtn","chromium-ASIC-en-unauthorised","2026-09-30","passed","2026-09-30","","cta/generated.cta.spec.js","",""
"","8516","GLOBAL | main page | footer | socialMediaBar | exploreAppGalleryBtn","chromium-CySEC-ro-ro-unauthorised","2026-09-30","passed","2026-09-30","","cta/generated.cta.spec.js","",""
"","6285","GLOBAL | main page | footer | riskWarningBlock | licenseText","chromium-SCB-vi-unauthorised","2026-09-30","passed","2026-09-30","","cta/generated.cta.spec.js","",""
"","6727","GLOBAL | main page | footer | socialMediaBar | facebookIcon","chromium-FCA-en-authorised","2026-09-30","skipped","2026-09-30","","cta/generated.cta.spec.js","",""
"","7034","GLOBAL | main page | footer | socialMediaBar | redditIcon","chromium-SCB-de-unauthorised","2026-09-30","passed","2026-09-30","","cta/generated.cta.spec.js","",""
"","8766","GLOBAL | main page | footer | socialMediaBar | youtubeIcon","chromium-CySEC-pl-pl-unauthorised","2026-09-30","passed","2026-09-30","","cta/generated.cta.spec.js","",""
"","7106","GLOBAL | main page | footer | regionalSettingsModalWindow | countrySwitcherBtn","chromium-CMA-ar-unregistered","2026-09-30","passed","2026-09-30","","cta/generated.cta.spec.js","",""
"","7417","GLOBAL | main page | footer | riskWarningBlock | complaintsProcedureLink","chromium-CySEC-pl-pl-unregistered","2026-09-30","passed","2026-09-30","","cta/generated.cta.spec.js","",""
"","6449","GLOBAL | main page | footer | socialMediaBar | youtubeIcon","chromium-SCB-fr-unauthorised","2026-09-30","skipped","2026-09-30","","cta/generated.cta.spec.js","",""
"","2763","GLOBAL | main page | footer | regionalSettingsModalWindow | langSwitcherBtn","chromium-SCB-zh-hans-unregistered","2026-09-30","passed","2026-09-30","","cta/generated.cta.spec.js","",""
"","6408","GLOBAL | main page | footer | regionalSettingsModalWindow | langSwitcherBtn","chromium-SCB-en-unregistered","2026-09-30","passed","2026-09-30","","cta/generated.cta.spec.js","",""
"","7258","GLOBAL | main page | footer | socialMediaBar | linkedinIcon","chromium-SCB-en-unregistered","2026-09-30","passed","2026-09-30","","cta/generated.cta.spec.js","",""
"","7092","GLOBAL | main page | footer | riskWarningBlock | cookieSettingsLink","chromium-CySEC-fr-fr-unauthorised","2026-09-30","passed","2026-09-30","","cta/generated.cta.spec.js","",""
"","6653","GLOBAL | main page | footer | riskWarningBlock | riskDisclosureStatementLink","chromium-CMA-ar-unauthorised","2026-09-30","skipped","2026-09-30","","cta/generated.cta.spec.js","",""
"","7133","GLOBAL | main page | footer | riskWarningBlock | complaintsProcedureLink","chromium-CySEC-de-de-unauthorised","2026-09-30","passed","2026-09-30","","cta/generated.cta.spec.js","",""
"","7081","GLOBAL | main page | footer | riskWarningBlock | licenseText","chromium-CySEC-el-gr-authorised","2026-09-30","passed","2026-09-30","","cta/generated.cta.spec.js","",""
"","7213","GLOBAL | main page | footer | socialMediaBar | logo","chromium-SCB-ar-unregistered","2026-09-30","passed","2026-09-30","","cta/generated.cta.spec.js","",""
"","10828","GLOBAL | main page | footer | socialMediaBar | getGooglePlayBtn","chromium-CySEC-de-de-unauthorised","2026-09-30","passed","2026-09-30","","cta/generated.cta.spec.js","",""
"","7262","GLOBAL | main page | footer | socialMediaBar | tiktokIcon","chromium-SCB-ar-authorised","2026-09-30","passed","2026-09-30","","cta/generated.cta.spec.js","",""
"","6519","GLOBAL | main page | footer | riskWarningBlock | licenseText","chromium-SCB-vi-authorised","2026-09-30","passed","2026-09-30","","cta/generated.cta.spec.js","",""
"","4194","GLOBAL | main page | footer | socialMediaBar | facebookIcon","chromium-SCB-zh-hans-unregistered","2026-09-30","passed","2026-09-30","","cta/generated.cta.spec.js","",""
"","6350","GLOBAL | main page | footer | riskWarningBlock | sitemapLink","chromium-SCB-vi-authorised","2026-09-30","skipped","2026-09-30","","cta/generated.cta.spec.js","",""
"","8647","GLOBAL | main page | footer | socialMediaBar | exploreAppGalleryBtn","chromium-CySEC-el-gr-unregistered","2026-09-30","passed","2026-09-30","","cta/generated.cta.spec.js","",""
"","7306","GLOBAL | main page | footer | socialMediaBar | logo","chromium-CySEC-it-it-unregistered","2026-09-30","passed","2026-09-30","","cta/generated.cta.spec.js","",""
"","6576","GLOBAL | main page | footer | regionalSettingsModalWindow | countrySwitcherBtn","chromium-SCB-vi-unregistered","2026-09-30","passed","2026-09-30","","cta/generated.cta.spec.js","",""
"","7382","GLOBAL | main page | footer | socialMediaBar | getGooglePlayBtn","chromium-SCB-en-unauthorised","2026-09-30","passed","2026-09-30","","cta/generated.cta.spec.js","",""
"","3142","GLOBAL | main page | footer | socialMediaBar | getGooglePlayBtn","chromium-SCB-zh-hans-unauthorised","2026-09-30","passed","2026-09-30","","cta/generated.cta.spec.js","",""
"","7240","GLOBAL | main page | footer | riskWarningBlock | termsAndPoliciesLink","chromium-SCB-ar-authorised","2026-09-30","passed","2026-09-30","","cta/generated.cta.spec.js","",""
"","6598","GLOBAL | main page | footer | riskWarningBlock | riskDisclosureStatementLink","chromium-CySEC-ro-ro-unregistered","2026-09-30","skipped","2026-09-30","","cta/generated.cta.spec.js","",""
"","6965","GLOBAL | main page | footer | riskWarningBlock | complaintsProcedureLink","chromium-SCB-fr-unregistered","2026-09-30","passed","2026-09-30","","cta/generated.cta.spec.js","",""
"","7439","GLOBAL | main page | footer | riskWarningBlock | termsAndPoliciesLink","chromium-ASIC-en-authorised","2026-09-30","passed","2026-09-30","","cta/generated.cta.spec.js","",""
"","6772","GLOBAL | main page | footer | socialMediaBar | redditIcon","chromium-SCB-zh-hant-unregistered","2026-09-30","passed","2026-09-30","","cta/generated.cta.spec.js","",""
"","6705","GLOBAL | main page | footer | riskWarningBlock | riskDisclosureStatementLink","chromium-CMA-ar-authorised","2026-09-30","skipped","2026-09-30","","cta/generated.cta.spec.js","",""
"","6643","GLOBAL | main page | footer | riskWarningBlock | cookieSettingsLink","chromium-SCB-fr-unauthorised","2026-09-30","passed","2026-09-30","","cta/generated.cta.spec.js","",""
"","7187","GLOBAL | main page | footer | socialMediaBar | logo","chromium-CySEC-nl-nl-unauthorised","2026-09-30","passed","2026-09-30","","cta/generated.cta.spec.js","",""
"","7421","GLOBAL | main page | footer | riskWarningBlock | termsAndPoliciesLink","chromium-CySEC-pl-pl-authorised","2026-09-30","passed","2026-09-30","","cta/generated.cta.spec.js","",""
"","8156","GLOBAL | main page | footer | socialMediaBar | exploreAppGalleryBtn","chromium-SCB-ru-unregistered","2026-09-30","passed","2026-09-30","","cta/generated.cta.spec.js","",""
"","7004","GLOBAL | main page | footer | riskWarningBlock | cookieSettingsLink","chromium-CMA-ar-unregistered","2026-09-30","passed","2026-09-30","","cta/generated.cta.spec.js","",""
"","6650","GLOBAL | main page | footer | riskWarningBlock | riskDisclosureStatementLink","chromium-CySEC-de-at-unauthorised","2026-09-30","skipped","2026-09-30","","cta/generated.cta.spec.js","",""
"","7051","GLOBAL | main page | footer | riskWarningBlock | licenseText","chromium-CySEC-de-de-unregistered","2026-09-30","passed","2026-09-30","","cta/generated.cta.spec.js","",""
"","7460","GLOBAL | main page | footer | socialMediaBar | instagramIcon","chromium-SCB-fr-unregistered","2026-09-30","passed","2026-09-30","","cta/generated.cta.spec.js","",""
"","7230","GLOBAL | main page | footer | riskWarningBlock | licenseText","chromium-CySEC-de-at-authorised","2026-09-30","passed","2026-09-30","","cta/generated.cta.spec.js","",""
"","6922","GLOBAL | main page | footer | socialMediaBar | twitterIcon","chromium-CySEC-ro-ro-authorised","2026-09-30","skipped","2026-09-30","","cta/generated.cta.spec.js","",""
"","7244","GLOBAL | main page | footer | socialMediaBar | logo","chromium-ASIC-en-unauthorised","2026-09-30","passed","2026-09-30","","cta/generated.cta.spec.js","",""
"","7344","GLOBAL | main page | footer | riskWarningBlock | sitemapLink","chromium-SCB-fr-unregistered","2026-09-30","passed","2026-09-30","","cta/generated.cta.spec.js","",""
"","12426","GLOBAL | main page | footer | socialMediaBar | youtubeIcon","chromium-CMA-en-unauthorised","2026-09-30","failed","2026-09-30","","cta/generated.cta.spec.js","",""
"","7494","GLOBAL | main page | footer | socialMediaBar | instagramIcon","chromium-SCB-mn-authorised","2026-09-30","passed","2026-09-30","","cta/generated.cta.spec.js","",""
"","7493","GLOBAL | main page | footer | socialMediaBar | downloadAppStoreBtn","chromium-SCB-ru-unauthorised","2026-09-30","passed","2026-09-30","","cta/generated.cta.spec.js","",""
"","8653","GLOBAL | main page | footer | socialMediaBar | youtubeIcon","chromium-CySEC-de-at-authorised","2026-09-30","passed","2026-09-30","","cta/generated.cta.spec.js","",""
"","6583","GLOBAL | main page | footer | socialMediaBar | tiktokIcon","chromium-ASIC-en-unauthorised","2026-09-30","skipped","2026-09-30","","cta/generated.cta.spec.js","",""
"","6871","GLOBAL | main page | footer | riskWarningBlock | termsAndPoliciesLink","chromium-SCB-en-unauthorised","2026-09-30","passed","2026-09-30","","cta/generated.cta.spec.js","",""
"","6668","GLOBAL | main page | footer | riskWarningBlock | riskDisclosureStatementLink","chromium-CySEC-fr-fr-unregistered","2026-09-30","skipped","2026-09-30","","cta/generated.cta.spec.js","",""
"","6801","GLOBAL | main page | footer | socialMediaBar | instagramIcon","chromium-CySEC-pl-pl-authorised","2026-09-30","skipped","2026-09-30","","cta/generated.cta.spec.js","",""
"","7106","GLOBAL | main page | footer | socialMediaBar | instagramIcon","chromium-SCB-de-unregistered","2026-09-30","passed","2026-09-30","","cta/generated.cta.spec.js","",""
"","7442","GLOBAL | main page | footer | socialMediaBar | downloadAppStoreBtn","chromium-SCB-zh-hans-authorised","2026-09-30","passed","2026-09-30","","cta/generated.cta.spec.js","",""
"","7107","GLOBAL | main page | footer | regionalSettingsModalWindow | countrySwitcherBtn","chromium-CySEC-it-it-unauthorised","2026-09-30","passed","2026-09-30","","cta/generated.cta.spec.js","",""
"","8700","GLOBAL | main page | footer | socialMediaBar | exploreAppGalleryBtn","chromium-CySEC-it-it-unauthorised","2026-09-30","passed","2026-09-30","","cta/generated.cta.spec.js","",""
"","6957","GLOBAL | main page | footer | riskWarningBlock | riskDisclosureStatementLink","chromium-CySEC-el-gr-unregistered","2026-09-30","skipped","2026-09-30","","cta/generated.cta.spec.js","",""
"","6558","GLOBAL | main page | footer | socialMediaBar | youtubeIcon","chromium-SCB-zh-hans-authorised","2026-09-30","skipped","2026-09-30","","cta/generated.cta.spec.js","",""
"","8090","GLOBAL | main page | footer | socialMediaBar | linkedinIcon","chromium-ASIC-en-unauthorised","2026-09-30","passed","2026-09-30","","cta/generated.cta.spec.js","",""
"","7353","GLOBAL | main page | footer | regionalSettingsModalWindow | langSwitcherBtn","chromium-CySEC-de-at-authorised","2026-09-30","passed","2026-09-30","","cta/generated.cta.spec.js","",""
"","6901","GLOBAL | main page | footer | riskWarningBlock | cookieSettingsLink","chromium-FCA-en-unauthorised","2026-09-30","passed","2026-09-30","","cta/generated.cta.spec.js","",""
"","6582","GLOBAL | main page | footer | regionalSettingsModalWindow | countrySwitcherBtn","chromium-SCB-de-unauthorised","2026-09-30","passed","2026-09-30","","cta/generated.cta.spec.js","",""
"","8850","GLOBAL | main page | footer | socialMediaBar | exploreAppGalleryBtn","chromium-CySEC-de-at-authorised","2026-09-30","passed","2026-09-30","","cta/generated.cta.spec.js","",""
"","6250","GLOBAL | main page | footer | riskWarningBlock | riskDisclosureStatementLink","chromium-SCB-zh-hant-unregistered","2026-09-30","skipped","2026-09-30","","cta/generated.cta.spec.js","",""
"","6998","GLOBAL | main page | footer | riskWarningBlock | licenseText","chromium-CySEC-hu-hu-unauthorised","2026-09-30","passed","2026-09-30","","cta/generated.cta.spec.js","",""
"","8863","GLOBAL | main page | footer | socialMediaBar | exploreAppGalleryBtn","chromium-CySEC-fr-fr-authorised","2026-09-30","passed","2026-09-30","","cta/generated.cta.spec.js","",""
"","7576","GLOBAL | main page | footer | riskWarningBlock | complaintsProcedureLink","chromium-CySEC-pl-pl-authorised","2026-09-30","passed","2026-09-30","","cta/generated.cta.spec.js","",""
"","7266","GLOBAL | main page | footer | regionalSettingsModalWindow | langSwitcherBtn","chromium-CySEC-hu-hu-unauthorised","2026-09-30","passed","2026-09-30","","cta/generated.cta.spec.js","",""
"","12292","GLOBAL | main page | footer | socialMediaBar | youtubeIcon","chromium-CMA-ar-unauthorised","2026-09-30","failed","2026-09-30","","cta/generated.cta.spec.js","",""
"","6579","GLOBAL | main page | footer | socialMediaBar | twitterIcon","chromium-CySEC-fr-fr-unregistered","2026-09-30","skipped","2026-09-30","","cta/generated.cta.spec.js","",""
"","7735","GLOBAL | main page | footer | socialMediaBar | getGooglePlayBtn","chromium-CySEC-de-at-unauthorised","2026-09-30","passed","2026-09-30","","cta/generated.cta.spec.js","",""
"","7231","GLOBAL | main page | footer | riskWarningBlock | complaintsProcedureLink","chromium-CySEC-nl-nl-unregistered","2026-09-30","passed","2026-09-30","","cta/generated.cta.spec.js","",""
"","6700","GLOBAL | main page | footer | riskWarningBlock | licenseText","chromium-FCA-en-unauthorised","2026-09-30","passed","2026-09-30","","cta/generated.cta.spec.js","",""
"","6529","GLOBAL | main page | footer | socialMediaBar | twitterIcon","chromium-CySEC-en-eu-unauthorised","2026-09-30","skipped","2026-09-30","","cta/generated.cta.spec.js","",""
"","7540","GLOBAL | main page | footer | riskWarningBlock | termsAndPoliciesLink","chromium-SCB-mn-authorised","2026-09-30","passed","2026-09-30","","cta/generated.cta.spec.js","",""
"","6804","GLOBAL | main page | footer | riskWarningBlock | complaintsProcedureLink","chromium-SCB-ru-unauthorised","2026-09-30","passed","2026-09-30","","cta/generated.cta.spec.js","",""
"","7024","GLOBAL | main page | footer | riskWarningBlock | termsAndPoliciesLink","chromium-SCB-ar-unregistered","2026-09-30","passed","2026-09-30","","cta/generated.cta.spec.js","",""
"","7192","GLOBAL | main page | footer | regionalSettingsModalWindow | countrySwitcherBtn","chromium-CySEC-el-gr-unregistered","2026-09-30","passed","2026-09-30","","cta/generated.cta.spec.js","",""
"","7484","GLOBAL | main page | footer | riskWarningBlock | sitemapLink","chromium-CySEC-nl-nl-unregistered","2026-09-30","passed","2026-09-30","","cta/generated.cta.spec.js","",""
"","2705","GLOBAL | main page | footer | riskWarningBlock | licenseText","chromium-SCB-zh-hans-unregistered","2026-09-30","passed","2026-09-30","","cta/generated.cta.spec.js","",""
"","7343","GLOBAL | main page | footer | riskWarningBlock | complaintsProcedureLink","chromium-CySEC-de-de-authorised","2026-09-30","passed","2026-09-30","","cta/generated.cta.spec.js","",""
"","12366","GLOBAL | main page | footer | socialMediaBar | youtubeIcon","chromium-ASIC-en-unregistered","2026-09-30","failed","2026-09-30","","cta/generated.cta.spec.js","",""
"","9266","GLOBAL | main page | footer | socialMediaBar | exploreAppGalleryBtn","chromium-FCA-en-unauthorised","2026-09-30","passed","2026-09-30","","cta/generated.cta.spec.js","",""
"","7498","GLOBAL | main page | footer | riskWarningBlock | sitemapLink","chromium-CySEC-de-de-authorised","2026-09-30","passed","2026-09-30","","cta/generated.cta.spec.js","",""
"","6573","GLOBAL | main page | footer | riskWarningBlock | riskDisclosureStatementLink","chromium-CySEC-it-it-unregistered","2026-09-30","skipped","2026-09-30","","cta/generated.cta.spec.js","",""
"","7386","GLOBAL | main page | footer | riskWarningBlock | cookieSettingsLink","chromium-CMA-ar-unauthorised","2026-09-30","passed","2026-09-30","","cta/generated.cta.spec.js","",""
"","6950","GLOBAL | main page | footer | riskWarningBlock | cookieSettingsLink","chromium-SCB-vi-unauthorised","2026-09-30","passed","2026-09-30","","cta/generated.cta.spec.js","",""
"","7721","GLOBAL | main page | footer | socialMediaBar | logo","chromium-CMA-ar-authorised","2026-09-30","passed","2026-09-30","","cta/generated.cta.spec.js","",""
"","7078","GLOBAL | main page | footer | riskWarningBlock | termsAndPoliciesLink","chromium-SCB-zh-hant-unregistered","2026-09-30","passed","2026-09-30","","cta/generated.cta.spec.js","",""
"","2707","GLOBAL | main page | footer | riskWarningBlock | licenseText","chromium-SCB-zh-hans-unauthorised","2026-09-30","passed","2026-09-30","","cta/generated.cta.spec.js","",""
"","7994","GLOBAL | main page | footer | socialMediaBar | linkedinIcon","chromium-ASIC-en-unregistered","2026-09-30","passed","2026-09-30","","cta/generated.cta.spec.js","",""
"","7816","GLOBAL | main page | footer | socialMediaBar | facebookIcon","chromium-SCB-zh-hans-authorised","2026-09-30","passed","2026-09-30","","cta/generated.cta.spec.js","",""
"","7158","GLOBAL | main page | footer | riskWarningBlock | cookieSettingsLink","chromium-CySEC-ro-ro-unauthorised","2026-09-30","passed","2026-09-30","","cta/generated.cta.spec.js","",""
"","7356","GLOBAL | main page | footer | riskWarningBlock | complaintsProcedureLink","chromium-CySEC-hu-hu-authorised","2026-09-30","passed","2026-09-30","","cta/generated.cta.spec.js","",""
"","6541","GLOBAL | main page | footer | socialMediaBar | tiktokIcon","chromium-CySEC-de-at-unregistered","2026-09-30","skipped","2026-09-30","","cta/generated.cta.spec.js","",""
"","9302","GLOBAL | main page | footer | socialMediaBar | youtubeIcon","chromium-CySEC-it-it-authorised","2026-09-30","passed","2026-09-30","","cta/generated.cta.spec.js","",""
"","7121","GLOBAL | main page | footer | riskWarningBlock | cookieSettingsLink","chromium-CySEC-ro-ro-unregistered","2026-09-30","passed","2026-09-30","","cta/generated.cta.spec.js","",""
"","7888","GLOBAL | main page | footer | socialMediaBar | getGooglePlayBtn","chromium-CySEC-ro-ro-unregistered","2026-09-30","passed","2026-09-30","","cta/generated.cta.spec.js","",""
"","7732","GLOBAL | main page | footer | socialMediaBar | getGooglePlayBtn","chromium-CySEC-hu-hu-unregistered","2026-09-30","passed","2026-09-30","","cta/generated.cta.spec.js","",""
"","8099","GLOBAL | main page | footer | riskWarningBlock | sitemapLink","chromium-CySEC-de-de-unregistered","2026-09-30","passed","2026-09-30","","cta/generated.cta.spec.js","",""
"","6209","GLOBAL | main page | footer | riskWarningBlock | riskDisclosureStatementLink","chromium-SCB-zh-hant-authorised","2026-09-30","skipped","2026-09-30","","cta/generated.cta.spec.js","",""
"","7803","GLOBAL | main page | footer | socialMediaBar | downloadAppStoreBtn","chromium-CySEC-de-de-authorised","2026-09-30","passed","2026-09-30","","cta/generated.cta.spec.js","",""
"","7460","GLOBAL | main page | footer | socialMediaBar | linkedinIcon","chromium-SCB-zh-hant-unauthorised","2026-09-30","passed","2026-09-30","","cta/generated.cta.spec.js","",""
"","8559","GLOBAL | main page | footer | socialMediaBar | exploreAppGalleryBtn","chromium-CySEC-en-eu-authorised","2026-09-30","passed","2026-09-30","","cta/generated.cta.spec.js","",""
"","7365","GLOBAL | main page | footer | riskWarningBlock | cookieSettingsLink","chromium-CySEC-el-gr-unauthorised","2026-09-30","passed","2026-09-30","","cta/generated.cta.spec.js","",""
"","6677","GLOBAL | main page | footer | socialMediaBar | youtubeIcon","chromium-SCB-ru-unauthorised","2026-09-30","skipped","2026-09-30","","cta/generated.cta.spec.js","",""
"","6631","GLOBAL | main page | footer | regionalSettingsModalWindow | langSwitcherBtn","chromium-SCB-ar-unauthorised","2026-09-30","passed","2026-09-30","","cta/generated.cta.spec.js","",""
"","6155","GLOBAL | main page | footer | riskWarningBlock | licenseText","chromium-SCB-de-unregistered","2026-09-30","passed","2026-09-30","","cta/generated.cta.spec.js","",""
"","7821","GLOBAL | main page | footer | riskWarningBlock | termsAndPoliciesLink","chromium-CySEC-it-it-unauthorised","2026-09-30","passed","2026-09-30","","cta/generated.cta.spec.js","",""
"","6978","GLOBAL | main page | footer | regionalSettingsModalWindow | langSwitcherBtn","chromium-CySEC-fr-fr-unregistered","2026-09-30","passed","2026-09-30","","cta/generated.cta.spec.js","",""
"","7131","GLOBAL | main page | footer | socialMediaBar | logo","chromium-SCB-fr-unregistered","2026-09-30","passed","2026-09-30","","cta/generated.cta.spec.js","",""
"","6461","GLOBAL | main page | footer | socialMediaBar | instagramIcon","chromium-CySEC-hu-hu-unauthorised","2026-09-30","skipped","2026-09-30","","cta/generated.cta.spec.js","",""
"","7179","GLOBAL | main page | footer | regionalSettingsModalWindow | countrySwitcherBtn","chromium-FCA-en-authorised","2026-09-30","passed","2026-09-30","","cta/generated.cta.spec.js","",""
"","7362","GLOBAL | main page | footer | socialMediaBar | linkedinIcon","chromium-CySEC-pl-pl-unregistered","2026-09-30","passed","2026-09-30","","cta/generated.cta.spec.js","",""
"","8076","GLOBAL | main page | footer | socialMediaBar | facebookIcon","chromium-CySEC-de-de-unauthorised","2026-09-30","passed","2026-09-30","","cta/generated.cta.spec.js","",""
"","6395","GLOBAL | main page | footer | riskWarningBlock | licenseText","chromium-SCB-en-unauthorised","2026-09-30","passed","2026-09-30","","cta/generated.cta.spec.js","",""
"","7385","GLOBAL | main page | footer | riskWarningBlock | sitemapLink","chromium-CySEC-ro-ro-unregistered","2026-09-30","passed","2026-09-30","","cta/generated.cta.spec.js","",""
"","7284","GLOBAL | main page | footer | riskWarningBlock | complaintsProcedureLink","chromium-CMA-ar-unregistered","2026-09-30","passed","2026-09-30","","cta/generated.cta.spec.js","",""
"","7570","GLOBAL | main page | footer | socialMediaBar | instagramIcon","chromium-SCB-zh-hant-unregistered","2026-09-30","passed","2026-09-30","","cta/generated.cta.spec.js","",""
"","6268","GLOBAL | main page | footer | riskWarningBlock | riskDisclosureStatementLink","chromium-SCB-fr-authorised","2026-09-30","skipped","2026-09-30","","cta/generated.cta.spec.js","",""
"","6668","GLOBAL | main page | footer | regionalSettingsModalWindow | langSwitcherBtn","chromium-SCB-ru-unauthorised","2026-09-30","passed","2026-09-30","","cta/generated.cta.spec.js","",""
"","7236","GLOBAL | main page | footer | riskWarningBlock | sitemapLink","chromium-ASIC-en-unauthorised","2026-09-30","passed","2026-09-30","","cta/generated.cta.spec.js","",""
"","7165","GLOBAL | main page | footer | riskWarningBlock | sitemapLink","chromium-CySEC-fr-fr-unauthorised","2026-09-30","passed","2026-09-30","","cta/generated.cta.spec.js","",""
"","8926","GLOBAL | main page | footer | socialMediaBar | exploreAppGalleryBtn","chromium-CySEC-pl-pl-authorised","2026-09-30","passed","2026-09-30","","cta/generated.cta.spec.js","",""
"","6859","GLOBAL | main page | footer | socialMediaBar | redditIcon","chromium-CySEC-de-de-authorised","2026-09-30","skipped","2026-09-30","","cta/generated.cta.spec.js","",""
"","7523","GLOBAL | main page | footer | regionalSettingsModalWindow | countrySwitcherBtn","chromium-CySEC-de-at-authorised","2026-09-30","passed","2026-09-30","","cta/generated.cta.spec.js","",""
"","8645","GLOBAL | main page | footer | socialMediaBar | youtubeIcon","chromium-CySEC-el-gr-unauthorised","2026-09-30","passed","2026-09-30","","cta/generated.cta.spec.js","",""
"","6332","GLOBAL | main page | footer | riskWarningBlock | riskDisclosureStatementLink","chromium-SCB-ru-unauthorised","2026-09-30","skipped","2026-09-30","","cta/generated.cta.spec.js","",""
"","7138","GLOBAL | main page | footer | socialMediaBar | logo","chromium-CMA-en-unauthorised","2026-09-30","passed","2026-09-30","","cta/generated.cta.spec.js","",""
"","8120","GLOBAL | main page | footer | socialMediaBar | logo","chromium-CySEC-de-de-unauthorised","2026-09-30","passed","2026-09-30","","cta/generated.cta.spec.js","",""
"","6871","GLOBAL | main page | footer | riskWarningBlock | complaintsProcedureLink","chromium-SCB-vi-unauthorised","2026-09-30","passed","2026-09-30","","cta/generated.cta.spec.js","",""
"","7245","GLOBAL | main page | footer | riskWarningBlock | complaintsProcedureLink","chromium-CMA-en-unauthorised","2026-09-30","passed","2026-09-30","","cta/generated.cta.spec.js","",""
"","6880","GLOBAL | main page | footer | socialMediaBar | logo","chromium-SCB-en-unauthorised","2026-09-30","passed","2026-09-30","","cta/generated.cta.spec.js","",""
"","8009","GLOBAL | main page | footer | socialMediaBar | downloadAppStoreBtn","chromium-SCB-ar-authorised","2026-09-30","passed","2026-09-30","","cta/generated.cta.spec.js","",""
"","7047","GLOBAL | main page | footer | riskWarningBlock | licenseText","chromium-CySEC-de-de-unauthorised","2026-09-30","passed","2026-09-30","","cta/generated.cta.spec.js","",""
"","8508","GLOBAL | main page | footer | socialMediaBar | exploreAppGalleryBtn","chromium-CySEC-de-de-unregistered","2026-09-30","passed","2026-09-30","","cta/generated.cta.spec.js","",""
"","6749","GLOBAL | main page | footer | riskWarningBlock | complaintsProcedureLink","chromium-SCB-de-unregistered","2026-09-30","passed","2026-09-30","","cta/generated.cta.spec.js","",""
"","7759","GLOBAL | main page | footer | socialMediaBar | linkedinIcon","chromium-SCB-zh-hans-authorised","2026-09-30","passed","2026-09-30","","cta/generated.cta.spec.js","",""
"","7212","GLOBAL | main page | footer | socialMediaBar | downloadAppStoreBtn","chromium-SCB-ar-unauthorised","2026-09-30","passed","2026-09-30","","cta/generated.cta.spec.js","",""
"","8404","GLOBAL | main page | footer | socialMediaBar | facebookIcon","chromium-ASIC-en-unauthorised","2026-09-30","passed","2026-09-30","","cta/generated.cta.spec.js","",""
"","7694","GLOBAL | main page | footer | socialMediaBar | instagramIcon","chromium-CMA-ar-unauthorised","2026-09-30","passed","2026-09-30","","cta/generated.cta.spec.js","",""
"","7148","GLOBAL | main page | footer | riskWarningBlock | termsAndPoliciesLink","chromium-CySEC-hu-hu-unauthorised","2026-09-30","passed","2026-09-30","","cta/generated.cta.spec.js","",""
"","6459","GLOBAL | main page | footer | socialMediaBar | redditIcon","chromium-CySEC-hu-hu-unauthorised","2026-09-30","skipped","2026-09-30","","cta/generated.cta.spec.js","",""
"","7314","GLOBAL | main page | footer | riskWarningBlock | termsAndPoliciesLink","chromium-CMA-ar-unregistered","2026-09-30","passed","2026-09-30","","cta/generated.cta.spec.js","",""
"","6627","GLOBAL | main page | footer | socialMediaBar | redditIcon","chromium-CMA-ar-unregistered","2026-09-30","skipped","2026-09-30","","cta/generated.cta.spec.js","",""
"","6756","GLOBAL | main page | footer | socialMediaBar | facebookIcon","chromium-CySEC-nl-nl-authorised","2026-09-30","skipped","2026-09-30","","cta/generated.cta.spec.js","",""
"","7018","GLOBAL | main page | footer | riskWarningBlock | riskDisclosureStatementLink","chromium-CySEC-nl-nl-unauthorised","2026-09-30","skipped","2026-09-30","","cta/generated.cta.spec.js","",""
"","7603","GLOBAL | main page | footer | socialMediaBar | logo","chromium-CySEC-pl-pl-authorised","2026-09-30","passed","2026-09-30","","cta/generated.cta.spec.js","",""
"","6144","GLOBAL | main page | footer | riskWarningBlock | sitemapLink","chromium-SCB-mn-unauthorised","2026-09-30","skipped","2026-09-30","","cta/generated.cta.spec.js","",""
"","6288","GLOBAL | main page | footer | socialMediaBar | youtubeIcon","chromium-SCB-vi-authorised","2026-09-30","skipped","2026-09-30","","cta/generated.cta.spec.js","",""
"","7090","GLOBAL | main page | footer | riskWarningBlock | sitemapLink","chromium-FCA-en-unregistered","2026-09-30","passed","2026-09-30","","cta/generated.cta.spec.js","",""
"","6903","GLOBAL | main page | footer | riskWarningBlock | licenseText","chromium-CySEC-ro-ro-unauthorised","2026-09-30","passed","2026-09-30","","cta/generated.cta.spec.js","",""
"","7117","GLOBAL | main page | footer | regionalSettingsModalWindow | langSwitcherBtn","chromium-SCB-mn-unauthorised","2026-09-30","passed","2026-09-30","","cta/generated.cta.spec.js","",""
"","6858","GLOBAL | main page | footer | socialMediaBar | redditIcon","chromium-SCB-ru-unauthorised","2026-09-30","passed","2026-09-30","","cta/generated.cta.spec.js","",""
"","7543","GLOBAL | main page | footer | socialMediaBar | instagramIcon","chromium-CySEC-de-de-unauthorised","2026-09-30","passed","2026-09-30","","cta/generated.cta.spec.js","",""
"","7210","GLOBAL | main page | footer | riskWarningBlock | licenseText","chromium-ASIC-en-authorised","2026-09-30","passed","2026-09-30","","cta/generated.cta.spec.js","",""
"","7186","GLOBAL | main page | footer | socialMediaBar | logo","chromium-SCB-zh-hant-authorised","2026-09-30","passed","2026-09-30","","cta/generated.cta.spec.js","",""
"","6863","GLOBAL | main page | footer | riskWarningBlock | termsAndPoliciesLink","chromium-SCB-ar-unauthorised","2026-09-30","passed","2026-09-30","","cta/generated.cta.spec.js","",""
"","8828","GLOBAL | main page | footer | socialMediaBar | linkedinIcon","chromium-CySEC-it-it-unauthorised","2026-09-30","passed","2026-09-30","","cta/generated.cta.spec.js","",""
"","6636","GLOBAL | main page | footer | riskWarningBlock | cookieSettingsLink","chromium-SCB-es-unregistered","2026-09-30","passed","2026-09-30","","cta/generated.cta.spec.js","",""
"","6436","GLOBAL | main page | footer | socialMediaBar | redditIcon","chromium-CySEC-de-de-unregistered","2026-09-30","skipped","2026-09-30","","cta/generated.cta.spec.js","",""
"","7535","GLOBAL | main page | footer | socialMediaBar | linkedinIcon","chromium-CySEC-fr-fr-authorised","2026-09-30","passed","2026-09-30","","cta/generated.cta.spec.js","",""
"","12365","GLOBAL | main page | footer | socialMediaBar | getGooglePlayBtn","chromium-CySEC-en-eu-unauthorised","2026-09-30","passed","2026-09-30","","cta/generated.cta.spec.js","",""
"","7602","GLOBAL | main page | footer | socialMediaBar | getGooglePlayBtn","chromium-CySEC-ro-ro-unauthorised","2026-09-30","passed","2026-09-30","","cta/generated.cta.spec.js","",""
"","8820","GLOBAL | main page | footer | socialMediaBar | exploreAppGalleryBtn","chromium-CySEC-de-de-unauthorised","2026-09-30","passed","2026-09-30","","cta/generated.cta.spec.js","",""
"","6224","GLOBAL | main page | footer | riskWarningBlock | licenseText","chromium-SCB-es-unregistered","2026-09-30","passed","2026-09-30","","cta/generated.cta.spec.js","",""
"","6811","GLOBAL | main page | footer | regionalSettingsModalWindow | langSwitcherBtn","chromium-SCB-fr-unauthorised","2026-09-30","passed","2026-09-30","","cta/generated.cta.spec.js","",""
"","6527","GLOBAL | main page | footer | riskWarningBlock | licenseText","chromium-SCB-mn-unregistered","2026-09-30","passed","2026-09-30","","cta/generated.cta.spec.js","",""
"","7150","GLOBAL | main page | footer | riskWarningBlock | cookieSettingsLink","chromium-CySEC-nl-nl-authorised","2026-09-30","passed","2026-09-30","","cta/generated.cta.spec.js","",""
"","7001","GLOBAL | main page | footer | socialMediaBar | tiktokIcon","chromium-SCB-zh-hant-unregistered","2026-09-30","passed","2026-09-30","","cta/generated.cta.spec.js","",""
"","6492","GLOBAL | main page | footer | socialMediaBar | redditIcon","chromium-CySEC-ro-ro-unauthorised","2026-09-30","skipped","2026-09-30","","cta/generated.cta.spec.js","",""
"","6687","GLOBAL | main page | footer | riskWarningBlock | riskDisclosureStatementLink","chromium-CySEC-en-eu-unauthorised","2026-09-30","skipped","2026-09-30","","cta/generated.cta.spec.js","",""
"","6879","GLOBAL | main page | footer | regionalSettingsModalWindow | countrySwitcherBtn","chromium-SCB-zh-hans-authorised","2026-09-30","passed","2026-09-30","","cta/generated.cta.spec.js","",""
"","7303","GLOBAL | main page | footer | socialMediaBar | logo","chromium-SCB-vi-unregistered","2026-09-30","passed","2026-09-30","","cta/generated.cta.spec.js","",""
"","8054","GLOBAL | main page | footer | socialMediaBar | downloadAppStoreBtn","chromium-CySEC-de-at-authorised","2026-09-30","passed","2026-09-30","","cta/generated.cta.spec.js","",""
"","2913","GLOBAL | main page | footer | socialMediaBar | logo","chromium-SCB-zh-hans-unauthorised","2026-09-30","passed","2026-09-30","","cta/generated.cta.spec.js","",""
"","6837","GLOBAL | main page | footer | riskWarningBlock | cookieSettingsLink","chromium-SCB-zh-hant-authorised","2026-09-30","passed","2026-09-30","","cta/generated.cta.spec.js","",""
"","6495","GLOBAL | main page | footer | socialMediaBar | twitterIcon","chromium-CySEC-hu-hu-unauthorised","2026-09-30","skipped","2026-09-30","","cta/generated.cta.spec.js","",""
"","9074","GLOBAL | main page | footer | socialMediaBar | logo","chromium-CySEC-nl-nl-unregistered","2026-09-30","passed","2026-09-30","","cta/generated.cta.spec.js","",""
"","6666","GLOBAL | main page | footer | socialMediaBar | instagramIcon","chromium-CySEC-fr-fr-authorised","2026-09-30","skipped","2026-09-30","","cta/generated.cta.spec.js","",""
"","6660","GLOBAL | main page | footer | regionalSettingsModalWindow | countrySwitcherBtn","chromium-SCB-vi-unauthorised","2026-09-30","passed","2026-09-30","","cta/generated.cta.spec.js","",""
"","7354","GLOBAL | main page | footer | riskWarningBlock | termsAndPoliciesLink","chromium-CySEC-ro-ro-unregistered","2026-09-30","passed","2026-09-30","","cta/generated.cta.spec.js","",""
"","6598","GLOBAL | main page | footer | riskWarningBlock | riskDisclosureStatementLink","chromium-CySEC-hu-hu-authorised","2026-09-30","skipped","2026-09-30","","cta/generated.cta.spec.js","",""
"","6614","GLOBAL | main page | footer | socialMediaBar | twitterIcon","chromium-CySEC-en-eu-unregistered","2026-09-30","skipped","2026-09-30","","cta/generated.cta.spec.js","",""
"","7153","GLOBAL | main page | footer | socialMediaBar | twitterIcon","chromium-SCB-zh-hans-authorised","2026-09-30","passed","2026-09-30","","cta/generated.cta.spec.js","",""
"","11959","GLOBAL | main page | footer | socialMediaBar | getGooglePlayBtn","chromium-CySEC-nl-nl-authorised","2026-09-30","passed","2026-09-30","","cta/generated.cta.spec.js","",""
"","2869","GLOBAL | main page | footer | riskWarningBlock | riskDisclosureStatementLink","chromium-SCB-zh-hans-unauthorised","2026-09-30","skipped","2026-09-30","","cta/generated.cta.spec.js","",""
