"DESCRIPTION","DURATION IN MS","NAME","PARENT SUITE","START TIME","STATUS","STOP TIME","SUB SUITE","SUITE","TEST CLASS","TEST METHOD"
"","7775","shares page | tradingInstrument | addToFavouriteBtn","chromium-CySEC-fr-fr-unauthorised","2026-09-30","passed","2026-09-30","","cta/generated.cta.spec.js","",""
"","6787","forex page | tradingInstrument | viewDetailedChartBtn","chromium-FCA-en-unauthorised","2026-09-30","passed","2026-09-30","","cta/generated.cta.spec.js","",""
"","7297","commodities page | heroBanner | signupBtn","chromium-SCB-zh-hant-unregistered","2026-09-30","passed","2026-09-30","","cta/generated.cta.spec.js","",""
"","7769","forex page | tradingInstrument | shortPositionGoToPlatformBtn","chromium-SCB-mn-unauthorised","2026-09-30","passed","2026-09-30","","cta/generated.cta.spec.js","",""
"","6715","interestRates page | tradingInstrument | readyToJoinSignUpBtn","chromium-FCA-en-unregistered","2026-09-30","passed","2026-09-30","","cta/generated.cta.spec.js","",""
"","7801","markets page | tradingInstrument | shortPositionGoToPlatformBtn","chromium-SCB-zh-hant-unauthorised","2026-09-30","passed","2026-09-30","","cta/generated.cta.spec.js","",""
"","7528","commodities page | tradingInstrument | sellBtn","chromium-SCB-ru-unauthorised","2026-09-30","passed","2026-09-30","","cta/generated.cta.spec.js","",""
"","7726","indices page | tradingInstrument | viewDetailedChartBtn","chromium-CySEC-it-it-unauthorised","2026-09-30","passed","2026-09-30","","cta/generated.cta.spec.js","",""
"","7574","cryptocurrencies page | tradingInstrument | viewDetailedChartBtn","chromium-CySEC-pl-pl-unauthorised","2026-09-30","passed","2026-09-30","","cta/generated.cta.spec.js","",""
"","9771","commodities page | tradingInstrument | tradedBtn","chromium-CySEC-pl-pl-unauthorised","2026-09-30","passed","2026-09-30","","cta/generated.cta.spec.js","",""
"","7931","markets page | tradingInstrument | shortPositionGoToPlatformBtn","chromium-CySEC-hu-hu-unauthorised","2026-09-30","passed","2026-09-30","","cta/generated.cta.spec.js","",""
"","7684","interestRates page | tradingInstrument | sellBtn","chromium-SCB-ar-unauthorised","2026-09-30","passed","2026-09-30","","cta/generated.cta.spec.js","",""
"","7800","forex page | tradingInstrument | buyBtn","chromium-SCB-ar-unauthorised","2026-09-30","passed","2026-09-30","","cta/generated.cta.spec.js","",""
"","7134","cryptocurrencies page | heroBanner | signupBtn","chromium-SCB-fr-unregistered","2026-09-30","passed","2026-09-30","","cta/generated.cta.spec.js","",""
"","7786","bonds page | tradingInstrument | shortPositionGoToPlatformBtn","chromium-CySEC-it-it-unauthorised","2026-09-30","passed","2026-09-30","","cta/generated.cta.spec.js","",""
"","6838","commodities page | tradingInstrument | viewDetailedChartBtn","chromium-FCA-en-unauthorised","2026-09-30","passed","2026-09-30","","cta/generated.cta.spec.js","",""
"","6946","indices page | tradingInstrument | sellBtn","chromium-CMA-ar-unauthorised","2026-09-30","passed","2026-09-30","","cta/generated.cta.spec.js","",""
"","7564","markets page | tradingInstrument | viewDetailedChartBtn","chromium-CySEC-en-eu-unauthorised","2026-09-30","passed","2026-09-30","","cta/generated.cta.spec.js","",""
"","7304","markets page | tradingInstrument | alertBtn","chromium-SCB-de-unregistered","2026-09-30","passed","2026-09-30","","cta/generated.cta.spec.js","",""
"","8206","markets page | tradingInstrument | sellBtn","chromium-CySEC-en-eu-unauthorised","2026-09-30","passed","2026-09-30","","cta/generated.cta.spec.js","",""
"","7345","interestRates page | tradingInstrument | sellBtn","chromium-CySEC-it-it-unregistered","2026-09-30","passed","2026-09-30","","cta/generated.cta.spec.js","",""
"","7526","commodities page | tradingInstrument | longPositionGoToPlatformBtn","chromium-SCB-ru-unregistered","2026-09-30","passed","2026-09-30","","cta/generated.cta.spec.js","",""
"","9520","markets page | tradingInstrument | tradedBtn","chromium-SCB-de-unregistered","2026-09-30","passed","2026-09-30","","cta/generated.cta.spec.js","",""
"","7888","forex page | tradingInstrument | shortPositionGoToPlatformBtn","chromium-CySEC-it-it-unauthorised","2026-09-30","passed","2026-09-30","","cta/generated.cta.spec.js","",""
"","7534","commodities page | tradingInstrument | readyToJoinSignUpBtn","chromium-CySEC-de-de-unauthorised","2026-09-30","passed","2026-09-30","","cta/generated.cta.spec.js","",""
"","7022","bonds page | heroBanner | signupBtn","chromium-CySEC-pl-pl-unauthorised","2026-09-30","passed","2026-09-30","","cta/generated.cta.spec.js","",""
"","12079","indices page | tradingInstrument | tradedBtn","chromium-SCB-ru-unregistered","2026-09-30","failed","2026-09-30","","cta/generated.cta.spec.js","",""
"","6805","indices page | tradingInstrument | readyToJoinSignUpBtn","chromium-CMA-ar-unregistered","2026-09-30","passed","2026-09-30","","cta/generated.cta.spec.js","",""
"","7613","indices page | tradingInstrument | sellBtn","chromium-SCB-es-unregistered","2026-09-30","passed","2026-09-30","","cta/generated.cta.spec.js","",""
"","7869","indices page | tradingInstrument | sellBtn","chromium-CySEC-fr-fr-unregistered","2026-09-30","passed","2026-09-30","","cta/generated.cta.spec.js","",""
"","7855","forex page | tradingInstrument | addToFavouriteBtn","chromium-CySEC-pl-pl-unregistered","2026-09-30","passed","2026-09-30","","cta/generated.cta.spec.js","",""
"","8053","indices page | tradingInstrument | longPositionGoToPlatformBtn","chromium-CySEC-nl-nl-unauthorised","2026-09-30","passed","2026-09-30","","cta/generated.cta.spec.js","",""
"","7278","markets page | heroBanner | signupBtn","chromium-SCB-ar-unregistered","2026-09-30","passed","2026-09-30","","cta/generated.cta.spec.js","",""
"","7068","markets page | tradingInstrument | readyToJoinSignUpBtn","chromium-CMA-ar-unauthorised","2026-09-30","passed","2026-09-30","","cta/generated.cta.spec.js","",""
"","7135","interestRates page | tradingInstrument | viewDetailedChartBtn","chromium-SCB-mn-unregistered","2026-09-30","passed","2026-09-30","","cta/generated.cta.spec.js","",""
"","7473","commodities page | tradingInstrument | buyBtn","chromium-SCB-zh-hant-unauthorised","2026-09-30","passed","2026-09-30","","cta/generated.cta.spec.js","",""
"","7287","cryptocurrencies page | tradingInstrument | readyToJoinSignUpBtn","chromium-CySEC-it-it-unregistered","2026-09-30","passed","2026-09-30","","cta/generated.cta.spec.js","",""
"","8213","forex page | tradingInstrument | sellBtn","chromium-CySEC-nl-nl-unauthorised","2026-09-30","passed","2026-09-30","","cta/generated.cta.spec.js","",""
"","7277","bonds page | tradingInstrument | buyBtn","chromium-FCA-en-unauthorised","2026-09-30","passed","2026-09-30","","cta/generated.cta.spec.js","",""
"","7071","shares page | tradingInstrument | longPositionGoToPlatformBtn","chromium-CMA-ar-unregistered","2026-09-30","passed","2026-09-30","","cta/generated.cta.spec.js","",""
"","6766","bonds page | tradingInstrument | alertBtn","chromium-FCA-en-unregistered","2026-09-30","passed","2026-09-30","","cta/generated.cta.spec.js","",""
"","7103","bonds page | tradingInstrument | viewDetailedChartBtn","chromium-CySEC-fr-fr-unregistered","2026-09-30","passed","2026-09-30","","cta/generated.cta.spec.js","",""
"","7437","interestRates page | tradingInstrument | viewDetailedChartBtn","chromium-SCB-ar-unauthorised","2026-09-30","passed","2026-09-30","","cta/generated.cta.spec.js","",""
"","6768","forex page | tradingInstrument | alertBtn","chromium-FCA-en-unauthorised","2026-09-30","passed","2026-09-30","","cta/generated.cta.spec.js","",""
"","7772","commodities page | tradingInstrument | longPositionGoToPlatformBtn","chromium-CySEC-de-de-unauthorised","2026-09-30","passed","2026-09-30","","cta/generated.cta.spec.js","",""
"","7269","forex page | tradingInstrument | alertBtn","chromium-CySEC-de-de-unregistered","2026-09-30","passed","2026-09-30","","cta/generated.cta.spec.js","",""
"","7224","shares page | tradingInstrument | readyToJoinSignUpBtn","chromium-CySEC-en-eu-unregistered","2026-09-30","passed","2026-09-30","","cta/generated.cta.spec.js","",""
"","7231","indices page | tradingInstrument | viewDetailedChartBtn","chromium-CySEC-de-at-unauthorised","2026-09-30","passed","2026-09-30","","cta/generated.cta.spec.js","",""
"","7829","indices page | tradingInstrument | addToFavouriteBtn","chromium-CySEC-el-gr-unauthorised","2026-09-30","passed","2026-09-30","","cta/generated.cta.spec.js","",""
"","9184","interestRates page | tradingInstrument | readyToJoinSignUpBtn","chromium-SCB-ar-unauthorised","2026-09-30","passed","2026-09-30","","cta/generated.cta.spec.js","",""
"","7492","bonds page | tradingInstrument | sellBtn","chromium-SCB-ar-unauthorised","2026-09-30","passed","2026-09-30","","cta/generated.cta.spec.js","",""
"","7188","interestRates page | tradingInstrument | sellBtn","chromium-CMA-en-unregistered","2026-09-30","passed","2026-09-30","","cta/generated.cta.spec.js","",""
"","7307","markets page | tradingInstrument | viewDetailedChartBtn","chromium-CySEC-en-eu-unregistered","2026-09-30","passed","2026-09-30","","cta/generated.cta.spec.js","",""
"","7362","forex page | tradingInstrument | readyToJoinSignUpBtn","chromium-SCB-ar-unregistered","2026-09-30","passed","2026-09-30","","cta/generated.cta.spec.js","",""
"","7259","interestRates page | tradingInstrument | sellBtn","chromium-SCB-en-unregistered","2026-09-30","passed","2026-09-30","","cta/generated.cta.spec.js","",""
"","10606","markets page | tradingInstrument | tradedBtn","chromium-CySEC-ro-ro-unauthorised","2026-09-30","passed","2026-09-30","","cta/generated.cta.spec.js","",""
"","9090","bonds page | tradingInstrument | tradedBtn","chromium-SCB-en-unregistered","2026-09-30","passed","2026-09-30","","cta/generated.cta.spec.js","",""
"","7420","shares page | tradingInstrument | sellBtn","chromium-CySEC-fr-fr-unregistered","2026-09-30","passed","2026-09-30","","cta/generated.cta.spec.js","",""
"","8060","cryptocurrencies page | tradingInstrument | buyBtn","chromium-CySEC-fr-fr-unauthorised","2026-09-30","passed","2026-09-30","","cta/generated.cta.spec.js","",""
"","7328","shares page | tradingInstrument | viewDetailedChartBtn","chromium-SCB-de-unregistered","2026-09-30","passed","2026-09-30","","cta/generated.cta.spec.js","",""
"","7076","bonds page | tradingInstrument | viewDetailedChartBtn","chromium-CySEC-en-eu-unregistered","2026-09-30","passed","2026-09-30","","cta/generated.cta.spec.js","",""
"","6776","marketAnalysis page | readyToJoinBlock | signupBtn","chromium-SCB-fr-unregistered","2026-09-30","passed","2026-09-30","","cta/generated.cta.spec.js","",""
"","7595","shares page | tradingInstrument | sellBtn","chromium-SCB-de-unauthorised","2026-09-30","passed","2026-09-30","","cta/generated.cta.spec.js","",""
"","12295","commodities page | tradingInstrument | tradedBtn","chromium-SCB-zh-hant-unauthorised","2026-09-30","failed","2026-09-30","","cta/generated.cta.spec.js","",""
"","7231","cryptocurrencies page | tradingInstrument | addToFavouriteBtn","chromium-CySEC-de-at-unauthorised","2026-09-30","passed","2026-09-30","","cta/generated.cta.spec.js","",""
"","7668","markets page | tradingInstrument | buyBtn","chromium-CySEC-hu-hu-unregistered","2026-09-30","passed","2026-09-30","","cta/generated.cta.spec.js","",""
"","6676","commodities page | heroBanner | signupBtn","chromium-SCB-en-unauthorised","2026-09-30","passed","2026-09-30","","cta/generated.cta.spec.js","",""
"","7960","cryptocurrencies page | tradingInstrument | sellBtn","chromium-CySEC-nl-nl-unregistered","2026-09-30","passed","2026-09-30","","cta/generated.cta.spec.js","",""
"","7596","markets page | tradingInstrument | addToFavouriteBtn","chromium-SCB-mn-unauthorised","2026-09-30","passed","2026-09-30","","cta/generated.cta.spec.js","",""
"","7182","indices page | tradingInstrument | viewDetailedChartBtn","chromium-SCB-en-unregistered","2026-09-30","passed","2026-09-30","","cta/generated.cta.spec.js","",""
"","6371","bonds page | heroBanner | signupBtn","chromium-CMA-en-unauthorised","2026-09-30","passed","2026-09-30","","cta/generated.cta.spec.js","",""
"","9115","interestRates page | tradingInstrument | tradedBtn","chromium-SCB-fr-unregistered","2026-09-30","passed","2026-09-30","","cta/generated.cta.spec.js","",""
"","11761","commodities page | tradingInstrument | tradedBtn","chromium-CMA-ar-unregistered","2026-09-30","failed","2026-09-30","","cta/generated.cta.spec.js","",""
"","6955","commodities page | tradingInstrument | readyToJoinSignUpBtn","chromium-CMA-ar-unauthorised","2026-09-30","passed","2026-09-30","","cta/generated.cta.spec.js","",""
"","7332","forex page | heroBanner | signupBtn","chromium-SCB-vi-unauthorised","2026-09-30","passed","2026-09-30","","cta/generated.cta.spec.js","",""
"","7908","bonds page | tradingInstrument | readyToJoinSignUpBtn","chromium-CySEC-hu-hu-unauthorised","2026-09-30","passed","2026-09-30","","cta/generated.cta.spec.js","",""
"","7546","commodities page | tradingInstrument | sellBtn","chromium-SCB-es-unregistered","2026-09-30","passed","2026-09-30","","cta/generated.cta.spec.js","",""
"","7609","shares page | tradingInstrument | addToFavouriteBtn","chromium-SCB-en-unregistered","2026-09-30","passed","2026-09-30","","cta/generated.cta.spec.js","",""
"","7408","forex page | tradingInstrument | longPositionGoToPlatformBtn","chromium-CySEC-el-gr-unregistered","2026-09-30","passed","2026-09-30","","cta/generated.cta.spec.js","",""
"","7618","indices page | tradingInstrument | buyBtn","chromium-ASIC-en-unregistered","2026-09-30","passed","2026-09-30","","cta/generated.cta.spec.js","",""
"","7320","cryptocurrencies page | tradingInstrument | viewDetailedChartBtn","chromium-CySEC-ro-ro-unregistered","2026-09-30","passed","2026-09-30","","cta/generated.cta.spec.js","",""
"","7039","bonds page | tradingInstrument | alertBtn","chromium-CySEC-pl-pl-unregistered","2026-09-30","passed","2026-09-30","","cta/generated.cta.spec.js","",""
"","7412","indices page | tradingInstrument | buyBtn","chromium-CySEC-de-at-unauthorised","2026-09-30","passed","2026-09-30","","cta/generated.cta.spec.js","",""
"","9285","bonds page | tradingInstrument | tradedBtn","chromium-SCB-en-unauthorised","2026-09-30","passed","2026-09-30","","cta/generated.cta.spec.js","",""
"","7243","cryptocurrencies page | tradingInstrument | viewDetailedChartBtn","chromium-SCB-en-unregistered","2026-09-30","passed","2026-09-30","","cta/generated.cta.spec.js","",""
"","9203","commodities page | tradingInstrument | tradedBtn","chromium-CySEC-hu-hu-unregistered","2026-09-30","passed","2026-09-30","","cta/generated.cta.spec.js","",""
"","7481","commodities page | tradingInstrument | alertBtn","chromium-SCB-vi-unauthorised","2026-09-30","passed","2026-09-30","","cta/generated.cta.spec.js","",""
"","7588","commodities page | tradingInstrument | readyToJoinSignUpBtn","chromium-CySEC-ro-ro-unauthorised","2026-09-30","passed","2026-09-30","","cta/generated.cta.spec.js","",""
"","7381","forex page | tradingInstrument | shortPositionGoToPlatformBtn","chromium-SCB-es-unregistered","2026-09-30","passed","2026-09-30","","cta/generated.cta.spec.js","",""
"","4965","bonds page | tradingInstrument | shortPositionGoToPlatformBtn","chromium-SCB-zh-hans-unauthorised","2026-09-30","passed","2026-09-30","","cta/generated.cta.spec.js","",""
"","7858","commodities page | tradingInstrument | alertBtn","chromium-CySEC-it-it-unauthorised","2026-09-30","passed","2026-09-30","","cta/generated.cta.spec.js","",""
"","7495","cryptocurrencies page | tradingInstrument | sellBtn","chromium-CySEC-de-de-unregistered","2026-09-30","passed","2026-09-30","","cta/generated.cta.spec.js","",""
"","7087","commodities page | heroBanner | signupBtn","chromium-CySEC-fr-fr-unregistered","2026-09-30","passed","2026-09-30","","cta/generated.cta.spec.js","",""
"","7487","shares page | tradingInstrument | sellBtn","chromium-CySEC-de-de-unregistered","2026-09-30","passed","2026-09-30","","cta/generated.cta.spec.js","",""
"","7293","forex page | tradingInstrument | shortPositionGoToPlatformBtn","chromium-CySEC-ro-ro-unregistered","2026-09-30","passed","2026-09-30","","cta/generated.cta.spec.js","",""
"","9794","markets page | tradingInstrument | tradedBtn","chromium-SCB-vi-unregistered","2026-09-30","passed","2026-09-30","","cta/generated.cta.spec.js","",""
"","7829","markets page | tradingInstrument | sellBtn","chromium-CySEC-pl-pl-unregistered","2026-09-30","passed","2026-09-30","","cta/generated.cta.spec.js","",""
"","7229","bonds page | tradingInstrument | longPositionGoToPlatformBtn","chromium-SCB-mn-unregistered","2026-09-30","passed","2026-09-30","","cta/generated.cta.spec.js","",""
"","7197","commodities page | tradingInstrument | viewDetailedChartBtn","chromium-SCB-mn-unregistered","2026-09-30","passed","2026-09-30","","cta/generated.cta.spec.js","",""
"","4685","markets page | tradingInstrument | viewDetailedChartBtn","chromium-SCB-zh-hans-unauthorised","2026-09-30","passed","2026-09-30","","cta/generated.cta.spec.js","",""
"","7512","interestRates page | tradingInstrument | addToFavouriteBtn","chromium-SCB-de-unregistered","2026-09-30","passed","2026-09-30","","cta/generated.cta.spec.js","",""
"","7053","commodities page | heroBanner | signupBtn","chromium-CySEC-fr-fr-unauthorised","2026-09-30","passed","2026-09-30","","cta/generated.cta.spec.js","",""
"","7776","shares page | tradingInstrument | viewDetailedChartBtn","chromium-CySEC-ro-ro-unauthorised","2026-09-30","passed","2026-09-30","","cta/generated.cta.spec.js","",""
"","7492","shares page | tradingInstrument | sellBtn","chromium-SCB-de-unregistered","2026-09-30","passed","2026-09-30","","cta/generated.cta.spec.js","",""
"","7238","indices page | tradingInstrument | alertBtn","chromium-CySEC-it-it-unregistered","2026-09-30","passed","2026-09-30","","cta/generated.cta.spec.js","",""
"","6270","marketPricing page | readyToJoinBlock | signupBtn","chromium-FCA-en-unauthorised","2026-09-30","passed","2026-09-30","","cta/generated.cta.spec.js","",""
"","7191","bonds page | tradingInstrument | addToFavouriteBtn","chromium-FCA-en-unregistered","2026-09-30","passed","2026-09-30","","cta/generated.cta.spec.js","",""
"","9556","interestRates page | tradingInstrument | tradedBtn","chromium-CySEC-en-eu-unauthorised","2026-09-30","passed","2026-09-30","","cta/generated.cta.spec.js","",""
"","7475","forex page | heroBanner | signupBtn","chromium-CySEC-de-at-unregistered","2026-09-30","passed","2026-09-30","","cta/generated.cta.spec.js","",""
"","7427","cryptocurrencies page | tradingInstrument | shortPositionGoToPlatformBtn","chromium-CySEC-de-at-unregistered","2026-09-30","passed","2026-09-30","","cta/generated.cta.spec.js","",""
"","7437","indices page | tradingInstrument | viewDetailedChartBtn","chromium-SCB-ru-unregistered","2026-09-30","passed","2026-09-30","","cta/generated.cta.spec.js","",""
"","7479","cryptocurrencies page | tradingInstrument | addToFavouriteBtn","chromium-SCB-vi-unauthorised","2026-09-30","passed","2026-09-30","","cta/generated.cta.spec.js","",""
"","3222","cryptocurrencies page | tradingInstrument | sellBtn","chromium-SCB-zh-hans-unregistered","2026-09-30","passed","2026-09-30","","cta/generated.cta.spec.js","",""
"","7333","bonds page | tradingInstrument | readyToJoinSignUpBtn","chromium-SCB-de-unregistered","2026-09-30","passed","2026-09-30","","cta/generated.cta.spec.js","",""
"","7388","bonds page | tradingInstrument | shortPositionGoToPlatformBtn","chromium-SCB-de-unregistered","2026-09-30","passed","2026-09-30","","cta/generated.cta.spec.js","",""
"","7685","interestRates page | tradingInstrument | addToFavouriteBtn","chromium-CySEC-de-de-unauthorised","2026-09-30","passed","2026-09-30","","cta/generated.cta.spec.js","",""
"","7882","commodities page | tradingInstrument | shortPositionGoToPlatformBtn","chromium-CySEC-fr-fr-unauthorised","2026-09-30","passed","2026-09-30","","cta/generated.cta.spec.js","",""
"","7546","forex page | tradingInstrument | alertBtn","chromium-SCB-ar-unauthorised","2026-09-30","passed","2026-09-30","","cta/generated.cta.spec.js","",""
"","7318","indices page | tradingInstrument | addToFavouriteBtn","chromium-CySEC-nl-nl-unregistered","2026-09-30","passed","2026-09-30","","cta/generated.cta.spec.js","",""
"","7335","marketPricing page | readyToJoinBlock | signupBtn","chromium-CySEC-ro-ro-unregistered","2026-09-30","passed","2026-09-30","","cta/generated.cta.spec.js","",""
"","7542","commodities page | tradingInstrument | sellBtn","chromium-SCB-vi-unauthorised","2026-09-30","passed","2026-09-30","","cta/generated.cta.spec.js","",""
"","7607","commodities page | tradingInstrument | shortPositionGoToPlatformBtn","chromium-CySEC-hu-hu-unauthorised","2026-09-30","passed","2026-09-30","","cta/generated.cta.spec.js","",""
"","7316","markets page | tradingInstrument | readyToJoinSignUpBtn","chromium-SCB-ar-unregistered","2026-09-30","passed","2026-09-30","","cta/generated.cta.spec.js","",""
"","7224","cryptocurrencies page | tradingInstrument | alertBtn","chromium-CySEC-hu-hu-unregistered","2026-09-30","passed","2026-09-30","","cta/generated.cta.spec.js","",""
"","7900","shares page | tradingInstrument | addToFavouriteBtn","chromium-SCB-de-unregistered","2026-09-30","passed","2026-09-30","","cta/generated.cta.spec.js","",""
"","10315","shares page | tradingInstrument | tradedBtn","chromium-SCB-fr-unauthorised","2026-09-30","passed","2026-09-30","","cta/generated.cta.spec.js","",""
"","7493","markets page | tradingInstrument | addToFavouriteBtn","chromium-SCB-fr-unregistered","2026-09-30","passed","2026-09-30","","cta/generated.cta.spec.js","",""
"","3391","commodities page | tradingInstrument | sellBtn","chromium-SCB-zh-hans-unauthorised","2026-09-30","passed","2026-09-30","","cta/generated.cta.spec.js","",""
"","8226","shares page | tradingInstrument | shortPositionGoToPlatformBtn","chromium-CySEC-ro-ro-unauthorised","2026-09-30","passed","2026-09-30","","cta/generated.cta.spec.js","",""
"","7282","bonds page | tradingInstrument | longPositionGoToPlatformBtn","chromium-CySEC-de-de-unregistered","2026-09-30","passed","2026-09-30","","cta/generated.cta.spec.js","",""
"","7003","interestRates page | tradingInstrument | buyBtn","chromium-FCA-en-unregistered","2026-09-30","passed","2026-09-30","","cta/generated.cta.spec.js","",""
"","12105","commodities page | tradingInstrument | tradedBtn","chromium-SCB-ru-unregistered","2026-09-30","failed","2026-09-30","","cta/generated.cta.spec.js","",""
"","7233","indices page | tradingInstrument | sellBtn","chromium-CMA-en-unregistered","2026-09-30","passed","2026-09-30","","cta/generated.cta.spec.js","",""
"","7153","forex page | heroBanner | signupBtn","chromium-CySEC-fr-fr-unregistered","2026-09-30","passed","2026-09-30","","cta/generated.cta.spec.js","",""
"","7344","interestRates page | tradingInstrument | alertBtn","chromium-SCB-ru-unauthorised","2026-09-30","passed","2026-09-30","","cta/generated.cta.spec.js","",""
"","8162","interestRates page | tradingInstrument | shortPositionGoToPlatformBtn","chromium-CySEC-it-it-unauthorised","2026-09-30","passed","2026-09-30","","cta/generated.cta.spec.js","",""
"","8238","forex page | tradingInstrument | tradedBtn","chromium-SCB-zh-hans-unauthorised","2026-09-30","failed","2026-09-30","","cta/generated.cta.spec.js","",""
"","12119","commodities page | tradingInstrument | tradedBtn","chromium-SCB-ar-unregistered","2026-09-30","failed","2026-09-30","","cta/generated.cta.spec.js","",""
"","7685","markets page | tradingInstrument | sellBtn","chromium-SCB-mn-unauthorised","2026-09-30","passed","2026-09-30","","cta/generated.cta.spec.js","",""
"","7046","commodities page | tradingInstrument | buyBtn","chromium-CMA-ar-unauthorised","2026-09-30","passed","2026-09-30","","cta/generated.cta.spec.js","",""
"","8200","shares page | tradingInstrument | longPositionGoToPlatformBtn","chromium-CySEC-nl-nl-unauthorised","2026-09-30","passed","2026-09-30","","cta/generated.cta.spec.js","",""
"","8173","interestRates page | tradingInstrument | buyBtn","chromium-CySEC-el-gr-unauthorised","2026-09-30","passed","2026-09-30","","cta/generated.cta.spec.js","",""
"","7123","interestRates page | tradingInstrument | alertBtn","chromium-SCB-zh-hant-unregistered","2026-09-30","passed","2026-09-30","","cta/generated.cta.spec.js","",""
"","7232","markets page | heroBanner | signupBtn","chromium-SCB-zh-hant-unauthorised","2026-09-30","passed","2026-09-30","","cta/generated.cta.spec.js","",""
"","7515","interestRates page | tradingInstrument | addToFavouriteBtn","chromium-CySEC-fr-fr-unauthorised","2026-09-30","passed","2026-09-30","","cta/generated.cta.spec.js","",""
"","7117","bonds page | heroBanner | signupBtn","chromium-SCB-es-unregistered","2026-09-30","passed","2026-09-30","","cta/generated.cta.spec.js","",""
"","8030","forex page | tradingInstrument | sellBtn","chromium-CySEC-pl-pl-unauthorised","2026-09-30","passed","2026-09-30","","cta/generated.cta.spec.js","",""
"","8273","markets page | tradingInstrument | addToFavouriteBtn","chromium-CySEC-de-at-unregistered","2026-09-30","passed","2026-09-30","","cta/generated.cta.spec.js","",""
"","7380","cryptocurrencies page | tradingInstrument | readyToJoinSignUpBtn","chromium-SCB-de-unregistered","2026-09-30","passed","2026-09-30","","cta/generated.cta.spec.js","",""
"","5065","forex page | tradingInstrument | shortPositionGoToPlatformBtn","chromium-SCB-zh-hans-unauthorised","2026-09-30","passed","2026-09-30","","cta/generated.cta.spec.js","",""
"","7020","forex page | heroBanner | signupBtn","chromium-SCB-ar-unauthorised","2026-09-30","passed","2026-09-30","","cta/generated.cta.spec.js","",""
"","7039","interestRates page | tradingInstrument | viewDetailedChartBtn","chromium-ASIC-en-unauthorised","2026-09-30","passed","2026-09-30","","cta/generated.cta.spec.js","",""
"","7639","interestRates page | tradingInstrument | addToFavouriteBtn","chromium-CySEC-pl-pl-unauthorised","2026-09-30","passed","2026-09-30","","cta/generated.cta.spec.js","",""
"","7922","markets page | tradingInstrument | sellBtn","chromium-SCB-fr-unregistered","2026-09-30","passed","2026-09-30","","cta/generated.cta.spec.js","",""
"","7466","forex page | tradingInstrument | addToFavouriteBtn","chromium-SCB-zh-hant-unauthorised","2026-09-30","passed","2026-09-30","","cta/generated.cta.spec.js","",""
"","8397","marketAnalysis page | mostTradedMarketsBlock | tradedBtn","chromium-CySEC-fr-fr-unregistered","2026-09-30","passed","2026-09-30","","cta/generated.cta.spec.js","",""
"","7453","bonds page | tradingInstrument | sellBtn","chromium-SCB-vi-unauthorised","2026-09-30","passed","2026-09-30","","cta/generated.cta.spec.js","",""
"","7925","markets page | tradingInstrument | addToFavouriteBtn","chromium-SCB-vi-unregistered","2026-09-30","passed","2026-09-30","","cta/generated.cta.spec.js","",""
"","7367","commodities page | tradingInstrument | viewDetailedChartBtn","chromium-SCB-mn-unauthorised","2026-09-30","passed","2026-09-30","","cta/generated.cta.spec.js","",""
"","7613","commodities page | tradingInstrument | addToFavouriteBtn","chromium-CySEC-fr-fr-unauthorised","2026-09-30","passed","2026-09-30","","cta/generated.cta.spec.js","",""
"","9740","forex page | tradingInstrument | tradedBtn","chromium-CySEC-fr-fr-unauthorised","2026-09-30","passed","2026-09-30","","cta/generated.cta.spec.js","",""
"","8811","indices page | tradingInstrument | buyBtn","chromium-CySEC-it-it-unauthorised","2026-09-30","passed","2026-09-30","","cta/generated.cta.spec.js","",""
"","7587","forex page | tradingInstrument | viewDetailedChartBtn","chromium-CySEC-pl-pl-unauthorised","2026-09-30","passed","2026-09-30","","cta/generated.cta.spec.js","",""
"","7612","markets page | tradingInstrument | buyBtn","chromium-ASIC-en-unregistered","2026-09-30","passed","2026-09-30","","cta/generated.cta.spec.js","",""
"","7448","markets page | tradingInstrument | longPositionGoToPlatformBtn","chromium-SCB-zh-hant-unregistered","2026-09-30","passed","2026-09-30","","cta/generated.cta.spec.js","",""
"","7702","markets page | tradingInstrument | sellBtn","chromium-CySEC-el-gr-unauthorised","2026-09-30","passed","2026-09-30","","cta/generated.cta.spec.js","",""
"","7969","markets page | tradingInstrument | buyBtn","chromium-CySEC-el-gr-unauthorised","2026-09-30","passed","2026-09-30","","cta/generated.cta.spec.js","",""
"","7188","bonds page | tradingInstrument | sellBtn","chromium-CMA-en-unregistered","2026-09-30","passed","2026-09-30","","cta/generated.cta.spec.js","",""
"","7613","interestRates page | tradingInstrument | addToFavouriteBtn","chromium-SCB-zh-hant-unauthorised","2026-09-30","passed","2026-09-30","","cta/generated.cta.spec.js","",""
"","7264","indices page | tradingInstrument | readyToJoinSignUpBtn","chromium-CySEC-it-it-unregistered","2026-09-30","passed","2026-09-30","","cta/generated.cta.spec.js","",""
"","7622","shares page | tradingInstrument | readyToJoinSignUpBtn","chromium-CySEC-it-it-unauthorised","2026-09-30","passed","2026-09-30","","cta/generated.cta.spec.js","",""
"","7424","shares page | tradingInstrument | viewDetailedChartBtn","chromium-SCB-zh-hant-unauthorised","2026-09-30","passed","2026-09-30","","cta/generated.cta.spec.js","",""
"","7355","markets page | tradingInstrument | readyToJoinSignUpBtn","chromium-SCB-en-unauthorised","2026-09-30","passed","2026-09-30","","cta/generated.cta.spec.js","",""
"","6762","bonds page | tradingInstrument | readyToJoinSignUpBtn","chromium-CMA-en-unauthorised","2026-09-30","passed","2026-09-30","","cta/generated.cta.spec.js","",""
"","7417","markets page | tradingInstrument | sellBtn","chromium-SCB-ru-unregistered","2026-09-30","passed","2026-09-30","","cta/generated.cta.spec.js","",""
"","8059","cryptocurrencies page | tradingInstrument | addToFavouriteBtn","chromium-CySEC-el-gr-unauthorised","2026-09-30","passed","2026-09-30","","cta/generated.cta.spec.js","",""
"","7610","markets page | tradingInstrument | sellBtn","chromium-SCB-vi-unregistered","2026-09-30","passed","2026-09-30","","cta/generated.cta.spec.js","",""
"","7958","cryptocurrencies page | tradingInstrument | sellBtn","chromium-CySEC-it-it-unauthorised","2026-09-30","passed","2026-09-30","","cta/generated.cta.spec.js","",""
"","7044","cryptocurrencies page | tradingInstrument | buyBtn","chromium-CMA-en-unauthorised","2026-09-30","passed","2026-09-30","","cta/generated.cta.spec.js","",""
"","7150","commodities page | tradingInstrument | buyBtn","chromium-CMA-ar-unregistered","2026-09-30","passed","2026-09-30","","cta/generated.cta.spec.js","",""
"","7178","shares page | tradingInstrument | addToFavouriteBtn","chromium-CySEC-de-at-unauthorised","2026-09-30","passed","2026-09-30","","cta/generated.cta.spec.js","",""
"","9638","markets page | tradingInstrument | tradedBtn","chromium-CySEC-en-eu-unauthorised","2026-09-30","passed","2026-09-30","","cta/generated.cta.spec.js","",""
"","7895","cryptocurrencies page | tradingInstrument | addToFavouriteBtn","chromium-ASIC-en-unregistered","2026-09-30","passed","2026-09-30","","cta/generated.cta.spec.js","",""
"","7333","indices page | tradingInstrument | sellBtn","chromium-SCB-en-unauthorised","2026-09-30","passed","2026-09-30","","cta/generated.cta.spec.js","",""
"","7244","bonds page | heroBanner | signupBtn","chromium-SCB-fr-unregistered","2026-09-30","passed","2026-09-30","","cta/generated.cta.spec.js","",""
"","7565","indices page | tradingInstrument | addToFavouriteBtn","chromium-CySEC-el-gr-unregistered","2026-09-30","passed","2026-09-30","","cta/generated.cta.spec.js","",""
"","6919","marketAnalysis page | mostTradedMarketsBlock | tradedBtn","chromium-CySEC-fr-fr-unauthorised","2026-09-30","passed","2026-09-30","","cta/generated.cta.spec.js","",""
"","7968","forex page | tradingInstrument | sellBtn","chromium-CySEC-el-gr-unregistered","2026-09-30","passed","2026-09-30","","cta/generated.cta.spec.js","",""
"","7682","interestRates page | tradingInstrument | addToFavouriteBtn","chromium-SCB-ar-unauthorised","2026-09-30","passed","2026-09-30","","cta/generated.cta.spec.js","",""
"","7590","cryptocurrencies page | tradingInstrument | buyBtn","chromium-SCB-ru-unauthorised","2026-09-30","passed","2026-09-30","","cta/generated.cta.spec.js","",""
"","8693","bonds page | tradingInstrument | buyBtn","chromium-CySEC-pl-pl-unauthorised","2026-09-30","passed","2026-09-30","","cta/generated.cta.spec.js","",""
"","8246","forex page | tradingInstrument | addToFavouriteBtn","chromium-SCB-ar-unauthorised","2026-09-30","passed","2026-09-30","","cta/generated.cta.spec.js","",""
"","6879","markets page | tradingInstrument | alertBtn","chromium-FCA-en-unauthorised","2026-09-30","passed","2026-09-30","","cta/generated.cta.spec.js","",""
"","7743","markets page | tradingInstrument | buyBtn","chromium-CySEC-en-eu-unauthorised","2026-09-30","passed","2026-09-30","","cta/generated.cta.spec.js","",""
"","7208","indices page | tradingInstrument | viewDetailedChartBtn","chromium-CySEC-it-it-unregistered","2026-09-30","passed","2026-09-30","","cta/generated.cta.spec.js","",""
"","7730","forex page | tradingInstrument | buyBtn","chromium-SCB-fr-unregistered","2026-09-30","passed","2026-09-30","","cta/generated.cta.spec.js","",""
"","6861","marketAnalysis page | readyToJoinBlock | signupBtn","chromium-SCB-zh-hant-unregistered","2026-09-30","passed","2026-09-30","","cta/generated.cta.spec.js","",""
"","7689","commodities page | tradingInstrument | shortPositionGoToPlatformBtn","chromium-SCB-de-unregistered","2026-09-30","passed","2026-09-30","","cta/generated.cta.spec.js","",""
"","9205","bonds page | tradingInstrument | tradedBtn","chromium-ASIC-en-unregistered","2026-09-30","passed","2026-09-30","","cta/generated.cta.spec.js","",""
"","7332","markets page | tradingInstrument | alertBtn","chromium-CySEC-fr-fr-unregistered","2026-09-30","passed","2026-09-30","","cta/generated.cta.spec.js","",""
"","6974","indices page | tradingInstrument | longPositionGoToPlatformBtn","chromium-CMA-ar-unauthorised","2026-09-30","passed","2026-09-30","","cta/generated.cta.spec.js","",""
"","8457","forex page | tradingInstrument | buyBtn","chromium-CySEC-it-it-unauthorised","2026-09-30","passed","2026-09-30","","cta/generated.cta.spec.js","",""
"","6853","bonds page | heroBanner | signupBtn","chromium-CMA-en-unregistered","2026-09-30","passed","2026-09-30","","cta/generated.cta.spec.js","",""
"","7362","bonds page | tradingInstrument | sellBtn","chromium-CySEC-de-at-unregistered","2026-09-30","passed","2026-09-30","","cta/generated.cta.spec.js","",""
"","6986","cryptocurrencies page | tradingInstrument | shortPositionGoToPlatformBtn","chromium-CMA-ar-unregistered","2026-09-30","passed","2026-09-30","","cta/generated.cta.spec.js","",""
"","8708","indices page | tradingInstrument | tradedBtn","chromium-CMA-en-unauthorised","2026-09-30","passed","2026-09-30","","cta/generated.cta.spec.js","",""
"","9260","indices page | tradingInstrument | tradedBtn","chromium-CySEC-fr-fr-unregistered","2026-09-30","passed","2026-09-30","","cta/generated.cta.spec.js","",""
"","6799","forex page | tradingInstrument | shortPositionGoToPlatformBtn","chromium-CMA-ar-unauthorised","2026-09-30","passed","2026-09-30","","cta/generated.cta.spec.js","",""
"","7652","shares page | tradingInstrument | longPositionGoToPlatformBtn","chromium-SCB-en-unregistered","2026-09-30","passed","2026-09-30","","cta/generated.cta.spec.js","",""
"","7408","bonds page | tradingInstrument | longPositionGoToPlatformBtn","chromium-SCB-es-unregistered","2026-09-30","passed","2026-09-30","","cta/generated.cta.spec.js","",""
"","7820","commodities page | tradingInstrument | buyBtn","chromium-CySEC-fr-fr-unauthorised","2026-09-30","passed","2026-09-30","","cta/generated.cta.spec.js","",""
"","7180","markets page | tradingInstrument | alertBtn","chromium-CySEC-pl-pl-unregistered","2026-09-30","passed","2026-09-30","","cta/generated.cta.spec.js","",""
"","7596","indices page | tradingInstrument | sellBtn","chromium-SCB-vi-unauthorised","2026-09-30","passed","2026-09-30","","cta/generated.cta.spec.js","",""
"","7850","markets page | tradingInstrument | sellBtn","chromium-CySEC-pl-pl-unauthorised","2026-09-30","passed","2026-09-30","","cta/generated.cta.spec.js","",""
"","5069","shares page | tradingInstrument | longPositionGoToPlatformBtn","chromium-SCB-zh-hans-unauthorised","2026-09-30","passed","2026-09-30","","cta/generated.cta.spec.js","",""
"","7473","bonds page | tradingInstrument | buyBtn","chromium-SCB-vi-unauthorised","2026-09-30","passed","2026-09-30","","cta/generated.cta.spec.js","",""
"","7704","markets page | tradingInstrument | longPositionGoToPlatformBtn","chromium-CySEC-de-at-unregistered","2026-09-30","passed","2026-09-30","","cta/generated.cta.spec.js","",""
"","7269","commodities page | tradingInstrument | alertBtn","chromium-CySEC-de-at-unregistered","2026-09-30","passed","2026-09-30","","cta/generated.cta.spec.js","",""
"","7833","indices page | tradingInstrument | buyBtn","chromium-CySEC-de-de-unauthorised","2026-09-30","passed","2026-09-30","","cta/generated.cta.spec.js","",""
"","6967","marketAnalysis page | mostTradedMarketsBlock | tradedBtn","chromium-CySEC-de-de-unauthorised","2026-09-30","passed","2026-09-30","","cta/generated.cta.spec.js","",""
"","7358","interestRates page | tradingInstrument | buyBtn","chromium-CySEC-pl-pl-unregistered","2026-09-30","passed","2026-09-30","","cta/generated.cta.spec.js","",""
"","7248","cryptocurrencies page | tradingInstrument | readyToJoinSignUpBtn","chromium-CySEC-fr-fr-unregistered","2026-09-30","passed","2026-09-30","","cta/generated.cta.spec.js","",""
"","4941","forex page | tradingInstrument | longPositionGoToPlatformBtn","chromium-SCB-zh-hans-unauthorised","2026-09-30","passed","2026-09-30","","cta/generated.cta.spec.js","",""
"","10036","cryptocurrencies page | tradingInstrument | tradedBtn","chromium-CySEC-fr-fr-unauthorised","2026-09-30","passed","2026-09-30","","cta/generated.cta.spec.js","",""
"","9797","forex page | tradingInstrument | tradedBtn","chromium-CySEC-hu-hu-unauthorised","2026-09-30","passed","2026-09-30","","cta/generated.cta.spec.js","",""
"","7646","bonds page | tradingInstrument | addToFavouriteBtn","chromium-CySEC-de-at-unregistered","2026-09-30","passed","2026-09-30","","cta/generated.cta.spec.js","",""
"","7435","indices page | tradingInstrument | longPositionGoToPlatformBtn","chromium-CySEC-en-eu-unregistered","2026-09-30","passed","2026-09-30","","cta/generated.cta.spec.js","",""
"","6742","bonds page | heroBanner | signupBtn","chromium-ASIC-en-unauthorised","2026-09-30","passed","2026-09-30","","cta/generated.cta.spec.js","",""
"","7759","cryptocurrencies page | tradingInstrument | viewDetailedChartBtn","chromium-SCB-vi-unauthorised","2026-09-30","passed","2026-09-30","","cta/generated.cta.spec.js","",""
"","7683","forex page | tradingInstrument | addToFavouriteBtn","chromium-CySEC-el-gr-unregistered","2026-09-30","passed","2026-09-30","","cta/generated.cta.spec.js","",""
"","7106","shares page | tradingInstrument | sellBtn","chromium-CMA-en-unauthorised","2026-09-30","passed","2026-09-30","","cta/generated.cta.spec.js","",""
"","7048","shares page | tradingInstrument | readyToJoinSignUpBtn","chromium-CMA-en-unauthorised","2026-09-30","passed","2026-09-30","","cta/generated.cta.spec.js","",""
"","7454","bonds page | tradingInstrument | shortPositionGoToPlatformBtn","chromium-CySEC-de-at-unauthorised","2026-09-30","passed","2026-09-30","","cta/generated.cta.spec.js","",""
"","4520","forex page | tradingInstrument | readyToJoinSignUpBtn","chromium-SCB-zh-hans-unregistered","2026-09-30","passed","2026-09-30","","cta/generated.cta.spec.js","",""
"","4961","commodities page | tradingInstrument | addToFavouriteBtn","chromium-SCB-zh-hans-unauthorised","2026-09-30","passed","2026-09-30","","cta/generated.cta.spec.js","",""
"","7284","forex page | tradingInstrument | viewDetailedChartBtn","chromium-ASIC-en-unregistered","2026-09-30","passed","2026-09-30","","cta/generated.cta.spec.js","",""
"","7397","bonds page | tradingInstrument | sellBtn","chromium-SCB-fr-unregistered","2026-09-30","passed","2026-09-30","","cta/generated.cta.spec.js","",""
"","9489","shares page | tradingInstrument | buyBtn","chromium-CySEC-ro-ro-unauthorised","2026-09-30","passed","2026-09-30","","cta/generated.cta.spec.js","",""
"","7818","forex page | tradingInstrument | buyBtn","chromium-CySEC-nl-nl-unregistered","2026-09-30","passed","2026-09-30","","cta/generated.cta.spec.js","",""
"","7850","bonds page | heroBanner | signupBtn","chromium-CySEC-de-de-unregistered","2026-09-30","passed","2026-09-30","","cta/generated.cta.spec.js","",""
"","7325","forex page | tradingInstrument | viewDetailedChartBtn","chromium-SCB-vi-unauthorised","2026-09-30","passed","2026-09-30","","cta/generated.cta.spec.js","",""
"","7277","forex page | tradingInstrument | readyToJoinSignUpBtn","chromium-SCB-vi-unregistered","2026-09-30","passed","2026-09-30","","cta/generated.cta.spec.js","",""
"","7258","indices page | tradingInstrument | viewDetailedChartBtn","chromium-CySEC-nl-nl-unregistered","2026-09-30","passed","2026-09-30","","cta/generated.cta.spec.js","",""
"","7406","indices page | tradingInstrument | sellBtn","chromium-CySEC-it-it-unregistered","2026-09-30","passed","2026-09-30","","cta/generated.cta.spec.js","",""
"","7727","interestRates page | tradingInstrument | buyBtn","chromium-CySEC-pl-pl-unauthorised","2026-09-30","passed","2026-09-30","","cta/generated.cta.spec.js","",""
"","7734","shares page | tradingInstrument | viewDetailedChartBtn","chromium-SCB-fr-unauthorised","2026-09-30","passed","2026-09-30","","cta/generated.cta.spec.js","",""
"","7166","indices page | tradingInstrument | readyToJoinSignUpBtn","chromium-CySEC-en-eu-unregistered","2026-09-30","passed","2026-09-30","","cta/generated.cta.spec.js","",""
"","7713","bonds page | tradingInstrument | viewDetailedChartBtn","chromium-CySEC-nl-nl-unauthorised","2026-09-30","passed","2026-09-30","","cta/generated.cta.spec.js","",""
"","7515","interestRates page | tradingInstrument | viewDetailedChartBtn","chromium-CySEC-hu-hu-unauthorised","2026-09-30","passed","2026-09-30","","cta/generated.cta.spec.js","",""
"","7208","cryptocurrencies page | tradingInstrument | sellBtn","chromium-CMA-ar-unregistered","2026-09-30","passed","2026-09-30","","cta/generated.cta.spec.js","",""
"","7684","shares page | tradingInstrument | viewDetailedChartBtn","chromium-CySEC-hu-hu-unauthorised","2026-09-30","passed","2026-09-30","","cta/generated.cta.spec.js","",""
"","7101","markets page | tradingInstrument | buyBtn","chromium-CMA-en-unregistered","2026-09-30","passed","2026-09-30","","cta/generated.cta.spec.js","",""
"","7251","commodities page | tradingInstrument | sellBtn","chromium-SCB-en-unauthorised","2026-09-30","passed","2026-09-30","","cta/generated.cta.spec.js","",""
"","7438","forex page | tradingInstrument | longPositionGoToPlatformBtn","chromium-SCB-fr-unregistered","2026-09-30","passed","2026-09-30","","cta/generated.cta.spec.js","",""
"","7511","commodities page | tradingInstrument | buyBtn","chromium-SCB-mn-unauthorised","2026-09-30","passed","2026-09-30","","cta/generated.cta.spec.js","",""
"","7331","commodities page | tradingInstrument | addToFavouriteBtn","chromium-SCB-mn-unauthorised","2026-09-30","passed","2026-09-30","","cta/generated.cta.spec.js","",""
"","7495","markets page | tradingInstrument | longPositionGoToPlatformBtn","chromium-CySEC-ro-ro-unregistered","2026-09-30","passed","2026-09-30","","cta/generated.cta.spec.js","",""
"","6976","cryptocurrencies page | tradingInstrument | viewDetailedChartBtn","chromium-CMA-en-unregistered","2026-09-30","passed","2026-09-30","","cta/generated.cta.spec.js","",""
"","7628","shares page | tradingInstrument | addToFavouriteBtn","chromium-SCB-mn-unauthorised","2026-09-30","passed","2026-09-30","","cta/generated.cta.spec.js","",""
"","7536","markets page | tradingInstrument | sellBtn","chromium-SCB-ru-unauthorised","2026-09-30","passed","2026-09-30","","cta/generated.cta.spec.js","",""
"","7158","bonds page | tradingInstrument | readyToJoinSignUpBtn","chromium-CySEC-de-at-unauthorised","2026-09-30","passed","2026-09-30","","cta/generated.cta.spec.js","",""
"","7667","interestRates page | tradingInstrument | longPositionGoToPlatformBtn","chromium-CySEC-hu-hu-unauthorised","2026-09-30","passed","2026-09-30","","cta/generated.cta.spec.js","",""
"","6838","forex page | tradingInstrument | alertBtn","chromium-CMA-en-unregistered","2026-09-30","passed","2026-09-30","","cta/generated.cta.spec.js","",""
"","7343","indices page | tradingInstrument | longPositionGoToPlatformBtn","chromium-CySEC-fr-fr-unregistered","2026-09-30","passed","2026-09-30","","cta/generated.cta.spec.js","",""
"","7157","indices page | heroBanner | signupBtn","chromium-SCB-mn-unregistered","2026-09-30","passed","2026-09-30","","cta/generated.cta.spec.js","",""
"","7334","commodities page | tradingInstrument | shortPositionGoToPlatformBtn","chromium-CySEC-de-at-unauthorised","2026-09-30","passed","2026-09-30","","cta/generated.cta.spec.js","",""
"","7508","markets page | tradingInstrument | readyToJoinSignUpBtn","chromium-SCB-ar-unauthorised","2026-09-30","passed","2026-09-30","","cta/generated.cta.spec.js","",""
"","7838","commodities page | tradingInstrument | sellBtn","chromium-CySEC-de-at-unregistered","2026-09-30","passed","2026-09-30","","cta/generated.cta.spec.js","",""
"","4887","markets page | tradingInstrument | alertBtn","chromium-SCB-zh-hans-unauthorised","2026-09-30","passed","2026-09-30","","cta/generated.cta.spec.js","",""
"","7400","interestRates page | tradingInstrument | shortPositionGoToPlatformBtn","chromium-ASIC-en-unregistered","2026-09-30","passed","2026-09-30","","cta/generated.cta.spec.js","",""
"","7505","markets page | heroBanner | signupBtn","chromium-CySEC-ro-ro-unregistered","2026-09-30","passed","2026-09-30","","cta/generated.cta.spec.js","",""
"","7168","interestRates page | tradingInstrument | longPositionGoToPlatformBtn","chromium-CySEC-hu-hu-unregistered","2026-09-30","passed","2026-09-30","","cta/generated.cta.spec.js","",""
"","7302","interestRates page | tradingInstrument | longPositionGoToPlatformBtn","chromium-SCB-ar-unregistered","2026-09-30","passed","2026-09-30","","cta/generated.cta.spec.js","",""
"","8644","interestRates page | tradingInstrument | tradedBtn","chromium-CMA-en-unauthorised","2026-09-30","passed","2026-09-30","","cta/generated.cta.spec.js","",""
"","8308","indices page | tradingInstrument | longPositionGoToPlatformBtn","chromium-SCB-es-unauthorised","2026-09-30","passed","2026-09-30","","cta/generated.cta.spec.js","",""
"","7900","indices page | tradingInstrument | addToFavouriteBtn","chromium-SCB-es-unauthorised","2026-09-30","passed","2026-09-30","","cta/generated.cta.spec.js","",""
"","7247","markets page | tradingInstrument | buyBtn","chromium-FCA-en-unauthorised","2026-09-30","passed","2026-09-30","","cta/generated.cta.spec.js","",""
"","7082","markets page | tradingInstrument | sellBtn","chromium-FCA-en-unauthorised","2026-09-30","passed","2026-09-30","","cta/generated.cta.spec.js","",""
"","8019","cryptocurrencies page | tradingInstrument | addToFavouriteBtn","chromium-SCB-vi-unregistered","2026-09-30","passed","2026-09-30","","cta/generated.cta.spec.js","",""
"","9461","cryptocurrencies page | tradingInstrument | tradedBtn","chromium-CySEC-hu-hu-unauthorised","2026-09-30","passed","2026-09-30","","cta/generated.cta.spec.js","",""
"","7200","indices page | tradingInstrument | buyBtn","chromium-CMA-en-unauthorised","2026-09-30","passed","2026-09-30","","cta/generated.cta.spec.js","",""
"","12431","bonds page | tradingInstrument | tradedBtn","chromium-SCB-ar-unauthorised","2026-09-30","failed","2026-09-30","","cta/generated.cta.spec.js","",""
"","7555","commodities page | heroBanner | signupBtn","chromium-SCB-ru-unregistered","2026-09-30","passed","2026-09-30","","cta/generated.cta.spec.js","",""
"","9968","commodities page | tradingInstrument | tradedBtn","chromium-SCB-es-unauthorised","2026-09-30","passed","2026-09-30","","cta/generated.cta.spec.js","",""
"","9498","indices page | tradingInstrument | tradedBtn","chromium-CySEC-pl-pl-unauthorised","2026-09-30","passed","2026-09-30","","cta/generated.cta.spec.js","",""
"","12581","markets page | tradingInstrument | tradedBtn","chromium-SCB-ru-unauthorised","2026-09-30","failed","2026-09-30","","cta/generated.cta.spec.js","",""
"","7571","shares page | tradingInstrument | addToFavouriteBtn","chromium-SCB-vi-unregistered","2026-09-30","passed","2026-09-30","","cta/generated.cta.spec.js","",""
"","7821","shares page | tradingInstrument | sellBtn","chromium-SCB-fr-unauthorised","2026-09-30","passed","2026-09-30","","cta/generated.cta.spec.js","",""
"","7772","cryptocurrencies page | tradingInstrument | addToFavouriteBtn","chromium-SCB-mn-unregistered","2026-09-30","passed","2026-09-30","","cta/generated.cta.spec.js","",""
"","7575","interestRates page | tradingInstrument | readyToJoinSignUpBtn","chromium-SCB-de-unauthorised","2026-09-30","passed","2026-09-30","","cta/generated.cta.spec.js","",""
"","7770","commodities page | tradingInstrument | buyBtn","chromium-SCB-fr-unauthorised","2026-09-30","passed","2026-09-30","","cta/generated.cta.spec.js","",""
"","7183","indices page | tradingInstrument | alertBtn","chromium-CySEC-hu-hu-unregistered","2026-09-30","passed","2026-09-30","","cta/generated.cta.spec.js","",""
"","6935","commodities page | tradingInstrument | readyToJoinSignUpBtn","chromium-CMA-ar-unregistered","2026-09-30","passed","2026-09-30","","cta/generated.cta.spec.js","",""
"","7538","indices page | tradingInstrument | shortPositionGoToPlatformBtn","chromium-SCB-mn-unauthorised","2026-09-30","passed","2026-09-30","","cta/generated.cta.spec.js","",""
"","7339","bonds page | tradingInstrument | addToFavouriteBtn","chromium-SCB-vi-unauthorised","2026-09-30","passed","2026-09-30","","cta/generated.cta.spec.js","",""
"","7359","forex page | tradingInstrument | alertBtn","chromium-SCB-mn-unauthorised","2026-09-30","passed","2026-09-30","","cta/generated.cta.spec.js","",""
"","6895","markets page | tradingInstrument | viewDetailedChartBtn","chromium-CMA-en-unauthorised","2026-09-30","passed","2026-09-30","","cta/generated.cta.spec.js","",""
"","6662","interestRates page | tradingInstrument | alertBtn","chromium-CMA-ar-unauthorised","2026-09-30","passed","2026-09-30","","cta/generated.cta.spec.js","",""
"","7201","interestRates page | tradingInstrument | sellBtn","chromium-SCB-ru-unregistered","2026-09-30","passed","2026-09-30","","cta/generated.cta.spec.js","",""
"","7441","cryptocurrencies page | tradingInstrument | alertBtn","chromium-SCB-de-unregistered","2026-09-30","passed","2026-09-30","","cta/generated.cta.spec.js","",""
"","9500","cryptocurrencies page | tradingInstrument | tradedBtn","chromium-SCB-ru-unauthorised","2026-09-30","passed","2026-09-30","","cta/generated.cta.spec.js","",""
"","7990","commodities page | tradingInstrument | viewDetailedChartBtn","chromium-CySEC-pl-pl-unauthorised","2026-09-30","passed","2026-09-30","","cta/generated.cta.spec.js","",""
"","7546","markets page | tradingInstrument | alertBtn","chromium-CySEC-fr-fr-unauthorised","2026-09-30","passed","2026-09-30","","cta/generated.cta.spec.js","",""
"","7902","bonds page | tradingInstrument | shortPositionGoToPlatformBtn","chromium-CySEC-hu-hu-unauthorised","2026-09-30","passed","2026-09-30","","cta/generated.cta.spec.js","",""
"","9112","shares page | tradingInstrument | tradedBtn","chromium-SCB-vi-unregistered","2026-09-30","passed","2026-09-30","","cta/generated.cta.spec.js","",""
"","7740","indices page | tradingInstrument | buyBtn","chromium-SCB-mn-unauthorised","2026-09-30","passed","2026-09-30","","cta/generated.cta.spec.js","",""
"","7174","bonds page | tradingInstrument | alertBtn","chromium-SCB-en-unregistered","2026-09-30","passed","2026-09-30","","cta/generated.cta.spec.js","",""
"","7804","shares page | tradingInstrument | alertBtn","chromium-SCB-es-unauthorised","2026-09-30","passed","2026-09-30","","cta/generated.cta.spec.js","",""
"","7752","indices page | tradingInstrument | sellBtn","chromium-SCB-de-unregistered","2026-09-30","passed","2026-09-30","","cta/generated.cta.spec.js","",""
"","7335","commodities page | tradingInstrument | shortPositionGoToPlatformBtn","chromium-CySEC-nl-nl-unregistered","2026-09-30","passed","2026-09-30","","cta/generated.cta.spec.js","",""
"","7187","indices page | tradingInstrument | viewDetailedChartBtn","chromium-SCB-vi-unregistered","2026-09-30","passed","2026-09-30","","cta/generated.cta.spec.js","",""
"","7280","markets page | tradingInstrument | viewDetailedChartBtn","chromium-SCB-ar-unregistered","2026-09-30","passed","2026-09-30","","cta/generated.cta.spec.js","",""
"","7932","interestRates page | tradingInstrument | shortPositionGoToPlatformBtn","chromium-SCB-ar-unauthorised","2026-09-30","passed","2026-09-30","","cta/generated.cta.spec.js","",""
"","7506","cryptocurrencies page | tradingInstrument | shortPositionGoToPlatformBtn","chromium-CySEC-en-eu-unregistered","2026-09-30","passed","2026-09-30","","cta/generated.cta.spec.js","",""
"","7791","shares page | tradingInstrument | buyBtn","chromium-CySEC-de-at-unauthorised","2026-09-30","passed","2026-09-30","","cta/generated.cta.spec.js","",""
"","9193","commodities page | tradingInstrument | tradedBtn","chromium-CySEC-de-de-unregistered","2026-09-30","passed","2026-09-30","","cta/generated.cta.spec.js","",""
"","7419","markets page | tradingInstrument | shortPositionGoToPlatformBtn","chromium-SCB-fr-unregistered","2026-09-30","passed","2026-09-30","","cta/generated.cta.spec.js","",""
"","8767","markets page | tradingInstrument | shortPositionGoToPlatformBtn","chromium-CySEC-de-de-unauthorised","2026-09-30","passed","2026-09-30","","cta/generated.cta.spec.js","",""
"","6879","marketAnalysis page | mostTradedMarketsBlock | tradedBtn","chromium-CMA-ar-unauthorised","2026-09-30","passed","2026-09-30","","cta/generated.cta.spec.js","",""
"","7041","interestRates page | tradingInstrument | buyBtn","chromium-CMA-en-unregistered","2026-09-30","passed","2026-09-30","","cta/generated.cta.spec.js","",""
"","6750","shares page | tradingInstrument | addToFavouriteBtn","chromium-CMA-ar-unauthorised","2026-09-30","passed","2026-09-30","","cta/generated.cta.spec.js","",""
"","7806","forex page | tradingInstrument | sellBtn","chromium-CySEC-de-de-unregistered","2026-09-30","passed","2026-09-30","","cta/generated.cta.spec.js","",""
"","7601","indices page | tradingInstrument | longPositionGoToPlatformBtn","chromium-SCB-en-unregistered","2026-09-30","passed","2026-09-30","","cta/generated.cta.spec.js","",""
"","7416","cryptocurrencies page | tradingInstrument | shortPositionGoToPlatformBtn","chromium-CySEC-pl-pl-unregistered","2026-09-30","passed","2026-09-30","","cta/generated.cta.spec.js","",""
"","8620","bonds page | tradingInstrument | buyBtn","chromium-CySEC-ro-ro-unauthorised","2026-09-30","passed","2026-09-30","","cta/generated.cta.spec.js","",""
"","9663","interestRates page | tradingInstrument | tradedBtn","chromium-CySEC-it-it-unauthorised","2026-09-30","passed","2026-09-30","","cta/generated.cta.spec.js","",""
"","6694","commodities page | tradingInstrument | addToFavouriteBtn","chromium-CMA-ar-unauthorised","2026-09-30","passed","2026-09-30","","cta/generated.cta.spec.js","",""
"","8378","cryptocurrencies page | tradingInstrument | alertBtn","chromium-CySEC-it-it-unauthorised","2026-09-30","passed","2026-09-30","","cta/generated.cta.spec.js","",""
"","6964","cryptocurrencies page | tradingInstrument | sellBtn","chromium-CMA-en-unregistered","2026-09-30","passed","2026-09-30","","cta/generated.cta.spec.js","",""
"","7842","cryptocurrencies page | tradingInstrument | addToFavouriteBtn","chromium-SCB-zh-hant-unregistered","2026-09-30","passed","2026-09-30","","cta/generated.cta.spec.js","",""
"","6823","commodities page | heroBanner | signupBtn","chromium-SCB-vi-unauthorised","2026-09-30","passed","2026-09-30","","cta/generated.cta.spec.js","",""
"","7412","shares page | tradingInstrument | sellBtn","chromium-CySEC-el-gr-unregistered","2026-09-30","passed","2026-09-30","","cta/generated.cta.spec.js","",""
"","6837","interestRates page | heroBanner | signupBtn","chromium-ASIC-en-unauthorised","2026-09-30","passed","2026-09-30","","cta/generated.cta.spec.js","",""
"","7639","bonds page | tradingInstrument | viewDetailedChartBtn","chromium-CySEC-el-gr-unauthorised","2026-09-30","passed","2026-09-30","","cta/generated.cta.spec.js","",""
"","6882","bonds page | tradingInstrument | viewDetailedChartBtn","chromium-CMA-en-unauthorised","2026-09-30","passed","2026-09-30","","cta/generated.cta.spec.js","",""
"","6727","interestRates page | tradingInstrument | alertBtn","chromium-FCA-en-unauthorised","2026-09-30","passed","2026-09-30","","cta/generated.cta.spec.js","",""
"","7245","indices page | tradingInstrument | buyBtn","chromium-SCB-zh-hant-unregistered","2026-09-30","passed","2026-09-30","","cta/generated.cta.spec.js","",""
"","7382","shares page | tradingInstrument | addToFavouriteBtn","chromium-CySEC-pl-pl-unregistered","2026-09-30","passed","2026-09-30","","cta/generated.cta.spec.js","",""
"","7146","interestRates page | heroBanner | signupBtn","chromium-SCB-ru-unregistered","2026-09-30","passed","2026-09-30","","cta/generated.cta.spec.js","",""
"","6880","forex page | tradingInstrument | shortPositionGoToPlatformBtn","chromium-CMA-en-unauthorised","2026-09-30","passed","2026-09-30","","cta/generated.cta.spec.js","",""
"","6935","markets page | tradingInstrument | longPositionGoToPlatformBtn","chromium-CMA-en-unregistered","2026-09-30","passed","2026-09-30","","cta/generated.cta.spec.js","",""
"","7566","interestRates page | tradingInstrument | readyToJoinSignUpBtn","chromium-SCB-fr-unauthorised","2026-09-30","passed","2026-09-30","","cta/generated.cta.spec.js","",""
"","7215","interestRates page | tradingInstrument | buyBtn","chromium-CMA-en-unauthorised","2026-09-30","passed","2026-09-30","","cta/generated.cta.spec.js","",""
"","9554","commodities page | tradingInstrument | tradedBtn","chromium-SCB-de-unauthorised","2026-09-30","passed","2026-09-30","","cta/generated.cta.spec.js","",""
"","7417","cryptocurrencies page | tradingInstrument | shortPositionGoToPlatformBtn","chromium-CySEC-hu-hu-unregistered","2026-09-30","passed","2026-09-30","","cta/generated.cta.spec.js","",""
"","7423","shares page | tradingInstrument | shortPositionGoToPlatformBtn","chromium-SCB-ar-unregistered","2026-09-30","passed","2026-09-30","","cta/generated.cta.spec.js","",""
"","7339","interestRates page | tradingInstrument | buyBtn","chromium-CySEC-de-de-unregistered","2026-09-30","passed","2026-09-30","","cta/generated.cta.spec.js","",""
"","7061","shares page | tradingInstrument | readyToJoinSignUpBtn","chromium-CySEC-pl-pl-unregistered","2026-09-30","passed","2026-09-30","","cta/generated.cta.spec.js","",""
"","6892","interestRates page | heroBanner | signupBtn","chromium-SCB-en-unauthorised","2026-09-30","passed","2026-09-30","","cta/generated.cta.spec.js","",""
"","7594","forex page | tradingInstrument | addToFavouriteBtn","chromium-CySEC-en-eu-unauthorised","2026-09-30","passed","2026-09-30","","cta/generated.cta.spec.js","",""
"","7009","markets page | tradingInstrument | addToFavouriteBtn","chromium-FCA-en-unregistered","2026-09-30","passed","2026-09-30","","cta/generated.cta.spec.js","",""
"","6885","cryptocurrencies page | heroBanner | signupBtn","chromium-CMA-en-unregistered","2026-09-30","passed","2026-09-30","","cta/generated.cta.spec.js","",""
"","7078","cryptocurrencies page | tradingInstrument | sellBtn","chromium-CMA-en-unauthorised","2026-09-30","passed","2026-09-30","","cta/generated.cta.spec.js","",""
"","7985","indices page | heroBanner | signupBtn","chromium-CySEC-nl-nl-unauthorised","2026-09-30","passed","2026-09-30","","cta/generated.cta.spec.js","",""
"","7259","shares page | tradingInstrument | readyToJoinSignUpBtn","chromium-CySEC-de-de-unregistered","2026-09-30","passed","2026-09-30","","cta/generated.cta.spec.js","",""
"","8317","shares page | tradingInstrument | viewDetailedChartBtn","chromium-CySEC-it-it-unauthorised","2026-09-30","passed","2026-09-30","","cta/generated.cta.spec.js","",""
"","8455","commodities page | tradingInstrument | buyBtn","chromium-CySEC-pl-pl-unauthorised","2026-09-30","passed","2026-09-30","","cta/generated.cta.spec.js","",""
"","7922","marketAnalysis page | mostTradedMarketsBlock | tradedBtn","chromium-CySEC-el-gr-unauthorised","2026-09-30","passed","2026-09-30","","cta/generated.cta.spec.js","",""
"","7538","bonds page | tradingInstrument | readyToJoinSignUpBtn","chromium-SCB-fr-unauthorised","2026-09-30","passed","2026-09-30","","cta/generated.cta.spec.js","",""
"","7987","markets page | tradingInstrument | sellBtn","chromium-CySEC-fr-fr-unauthorised","2026-09-30","passed","2026-09-30","","cta/generated.cta.spec.js","",""
"","7373","forex page | tradingInstrument | shortPositionGoToPlatformBtn","chromium-ASIC-en-unregistered","2026-09-30","passed","2026-09-30","","cta/generated.cta.spec.js","",""
"","47","marketAnalysis page | mostTradedMarketsBlock | tradedBtn","chromium-SCB-mn-unregistered","2026-09-30","skipped","2026-09-30","","cta/generated.cta.spec.js","",""
"","7551","forex page | tradingInstrument | longPositionGoToPlatformBtn","chromium-SCB-ru-unauthorised","2026-09-30","passed","2026-09-30","","cta/generated.cta.spec.js","",""
"","7550","cryptocurrencies page | tradingInstrument | longPositionGoToPlatformBtn","chromium-SCB-mn-unregistered","2026-09-30","passed","2026-09-30","","cta/generated.cta.spec.js","",""
"","6855","commodities page | tradingInstrument | addToFavouriteBtn","chromium-FCA-en-unauthorised","2026-09-30","passed","2026-09-30","","cta/generated.cta.spec.js","",""
"","7204","indices page | tradingInstrument | alertBtn","chromium-SCB-zh-hant-unregistered","2026-09-30","passed","2026-09-30","","cta/generated.cta.spec.js","",""
"","7276","forex page | tradingInstrument | longPositionGoToPlatformBtn","chromium-SCB-vi-unregistered","2026-09-30","passed","2026-09-30","","cta/generated.cta.spec.js","",""
"","7671","markets page | tradingInstrument | longPositionGoToPlatformBtn","chromium-SCB-en-unregistered","2026-09-30","passed","2026-09-30","","cta/generated.cta.spec.js","",""
"","6955","interestRates page | heroBanner | signupBtn","chromium-SCB-ru-unauthorised","2026-09-30","passed","2026-09-30","","cta/generated.cta.spec.js","",""
"","7566","shares page | tradingInstrument | buyBtn","chromium-SCB-mn-unauthorised","2026-09-30","passed","2026-09-30","","cta/generated.cta.spec.js","",""
"","9134","shares page | tradingInstrument | tradedBtn","chromium-SCB-mn-unregistered","2026-09-30","passed","2026-09-30","","cta/generated.cta.spec.js","",""
"","7178","interestRates page | tradingInstrument | shortPositionGoToPlatformBtn","chromium-CySEC-hu-hu-unregistered","2026-09-30","passed","2026-09-30","","cta/generated.cta.spec.js","",""
"","7685","indices page | tradingInstrument | readyToJoinSignUpBtn","chromium-CySEC-pl-pl-unauthorised","2026-09-30","passed","2026-09-30","","cta/generated.cta.spec.js","",""
"","7269","indices page | tradingInstrument | longPositionGoToPlatformBtn","chromium-CySEC-pl-pl-unregistered","2026-09-30","passed","2026-09-30","","cta/generated.cta.spec.js","",""
"","6799","markets page | tradingInstrument | viewDetailedChartBtn","chromium-CMA-ar-unauthorised","2026-09-30","passed","2026-09-30","","cta/generated.cta.spec.js","",""
"","8039","indices page | tradingInstrument | longPositionGoToPlatformBtn","chromium-CySEC-de-de-unauthorised","2026-09-30","passed","2026-09-30","","cta/generated.cta.spec.js","",""
"","7505","markets page | tradingInstrument | readyToJoinSignUpBtn","chromium-SCB-zh-hant-unregistered","2026-09-30","passed","2026-09-30","","cta/generated.cta.spec.js","",""
"","7521","commodities page | tradingInstrument | addToFavouriteBtn","chromium-CySEC-de-de-unauthorised","2026-09-30","passed","2026-09-30","","cta/generated.cta.spec.js","",""
"","8475","cryptocurrencies page | tradingInstrument | alertBtn","chromium-CySEC-nl-nl-unauthorised","2026-09-30","passed","2026-09-30","","cta/generated.cta.spec.js","",""
"","7567","cryptocurrencies page | tradingInstrument | buyBtn","chromium-CySEC-pl-pl-unregistered","2026-09-30","passed","2026-09-30","","cta/generated.cta.spec.js","",""
"","6985","markets page | tradingInstrument | viewDetailedChartBtn","chromium-CMA-ar-unregistered","2026-09-30","passed","2026-09-30","","cta/generated.cta.spec.js","",""
"","7049","indices page | heroBanner | signupBtn","chromium-CySEC-de-de-unregistered","2026-09-30","passed","2026-09-30","","cta/generated.cta.spec.js","",""
"","7176","interestRates page | tradingInstrument | shortPositionGoToPlatformBtn","chromium-CySEC-nl-nl-unregistered","2026-09-30","passed","2026-09-30","","cta/generated.cta.spec.js","",""
"","7951","forex page | tradingInstrument | addToFavouriteBtn","chromium-SCB-ru-unregistered","2026-09-30","passed","2026-09-30","","cta/generated.cta.spec.js","",""
"","4920","cryptocurrencies page | tradingInstrument | addToFavouriteBtn","chromium-SCB-zh-hans-unregistered","2026-09-30","passed","2026-09-30","","cta/generated.cta.spec.js","",""
"","9402","markets page | tradingInstrument | tradedBtn","chromium-CySEC-de-at-unregistered","2026-09-30","passed","2026-09-30","","cta/generated.cta.spec.js","",""
"","7258","indices page | tradingInstrument | viewDetailedChartBtn","chromium-CySEC-el-gr-unregistered","2026-09-30","passed","2026-09-30","","cta/generated.cta.spec.js","",""
"","7725","forex page | tradingInstrument | sellBtn","chromium-CySEC-pl-pl-unregistered","2026-09-30","passed","2026-09-30","","cta/generated.cta.spec.js","",""
"","7355","cryptocurrencies page | tradingInstrument | shortPositionGoToPlatformBtn","chromium-SCB-vi-unregistered","2026-09-30","passed","2026-09-30","","cta/generated.cta.spec.js","",""
"","7074","commodities page | tradingInstrument | sellBtn","chromium-FCA-en-unregistered","2026-09-30","passed","2026-09-30","","cta/generated.cta.spec.js","",""
"","7241","cryptocurrencies page | tradingInstrument | alertBtn","chromium-SCB-ru-unregistered","2026-09-30","passed","2026-09-30","","cta/generated.cta.spec.js","",""
"","7231","shares page | tradingInstrument | alertBtn","chromium-SCB-en-unauthorised","2026-09-30","passed","2026-09-30","","cta/generated.cta.spec.js","",""
"","7515","interestRates page | tradingInstrument | viewDetailedChartBtn","chromium-SCB-ru-unauthorised","2026-09-30","passed","2026-09-30","","cta/generated.cta.spec.js","",""
"","7109","indices page | tradingInstrument | readyToJoinSignUpBtn","chromium-CySEC-pl-pl-unregistered","2026-09-30","passed","2026-09-30","","cta/generated.cta.spec.js","",""
"","8472","cryptocurrencies page | heroBanner | signupBtn","chromium-CySEC-fr-fr-unauthorised","2026-09-30","passed","2026-09-30","","cta/generated.cta.spec.js","",""
"","7250","forex page | tradingInstrument | alertBtn","chromium-SCB-zh-hant-unregistered","2026-09-30","passed","2026-09-30","","cta/generated.cta.spec.js","",""
"","7295","shares page | tradingInstrument | viewDetailedChartBtn","chromium-SCB-en-unauthorised","2026-09-30","passed","2026-09-30","","cta/generated.cta.spec.js","",""
"","7288","cryptocurrencies page | heroBanner | signupBtn","chromium-SCB-vi-unauthorised","2026-09-30","passed","2026-09-30","","cta/generated.cta.spec.js","",""
"","7327","markets page | tradingInstrument | readyToJoinSignUpBtn","chromium-CySEC-pl-pl-unregistered","2026-09-30","passed","2026-09-30","","cta/generated.cta.spec.js","",""
"","8266","markets page | tradingInstrument | buyBtn","chromium-CySEC-it-it-unauthorised","2026-09-30","passed","2026-09-30","","cta/generated.cta.spec.js","",""
"","7346","marketPricing page | readyToJoinBlock | signupBtn","chromium-CySEC-pl-pl-unregistered","2026-09-30","passed","2026-09-30","","cta/generated.cta.spec.js","",""
"","6943","indices page | heroBanner | signupBtn","chromium-SCB-mn-unauthorised","2026-09-30","passed","2026-09-30","","cta/generated.cta.spec.js","",""
"","7254","bonds page | tradingInstrument | shortPositionGoToPlatformBtn","chromium-SCB-zh-hant-unregistered","2026-09-30","passed","2026-09-30","","cta/generated.cta.spec.js","",""
"","7090","forex page | heroBanner | signupBtn","chromium-SCB-en-unregistered","2026-09-30","passed","2026-09-30","","cta/generated.cta.spec.js","",""
"","7573","indices page | tradingInstrument | addToFavouriteBtn","chromium-CySEC-hu-hu-unauthorised","2026-09-30","passed","2026-09-30","","cta/generated.cta.spec.js","",""
"","8900","markets page | tradingInstrument | tradedBtn","chromium-CMA-en-unregistered","2026-09-30","passed","2026-09-30","","cta/generated.cta.spec.js","",""
"","8130","markets page | tradingInstrument | longPositionGoToPlatformBtn","chromium-CySEC-pl-pl-unauthorised","2026-09-30","passed","2026-09-30","","cta/generated.cta.spec.js","",""
"","4809","shares page | tradingInstrument | viewDetailedChartBtn","chromium-SCB-zh-hans-unauthorised","2026-09-30","passed","2026-09-30","","cta/generated.cta.spec.js","",""
"","7452","shares page | tradingInstrument | longPositionGoToPlatformBtn","chromium-CySEC-de-de-unregistered","2026-09-30","passed","2026-09-30","","cta/generated.cta.spec.js","",""
"","7072","interestRates page | tradingInstrument | readyToJoinSignUpBtn","chromium-SCB-es-unregistered","2026-09-30","passed","2026-09-30","","cta/generated.cta.spec.js","",""
"","6464","bonds page | heroBanner | signupBtn","chromium-FCA-en-unregistered","2026-09-30","passed","2026-09-30","","cta/generated.cta.spec.js","",""
"","7450","indices page | tradingInstrument | shortPositionGoToPlatformBtn","chromium-SCB-mn-unregistered","2026-09-30","passed","2026-09-30","","cta/generated.cta.spec.js","",""
"","7549","shares page | tradingInstrument | longPositionGoToPlatformBtn","chromium-SCB-fr-unregistered","2026-09-30","passed","2026-09-30","","cta/generated.cta.spec.js","",""
"","9251","commodities page | tradingInstrument | tradedBtn","chromium-ASIC-en-unauthorised","2026-09-30","passed","2026-09-30","","cta/generated.cta.spec.js","",""
"","7381","forex page | tradingInstrument | sellBtn","chromium-CMA-en-unauthorised","2026-09-30","passed","2026-09-30","","cta/generated.cta.spec.js","",""
"","9493","bonds page | tradingInstrument | tradedBtn","chromium-SCB-fr-unauthorised","2026-09-30","passed","2026-09-30","","cta/generated.cta.spec.js","",""
"","7340","interestRates page | tradingInstrument | sellBtn","chromium-CySEC-nl-nl-unregistered","2026-09-30","passed","2026-09-30","","cta/generated.cta.spec.js","",""
"","7663","forex page | tradingInstrument | longPositionGoToPlatformBtn","chromium-CySEC-ro-ro-unauthorised","2026-09-30","passed","2026-09-30","","cta/generated.cta.spec.js","",""
"","7787","markets page | tradingInstrument | buyBtn","chromium-CySEC-de-at-unauthorised","2026-09-30","passed","2026-09-30","","cta/generated.cta.spec.js","",""
"","6971","interestRates page | tradingInstrument | addToFavouriteBtn","chromium-FCA-en-unregistered","2026-09-30","passed","2026-09-30","","cta/generated.cta.spec.js","",""
"","7660","cryptocurrencies page | tradingInstrument | viewDetailedChartBtn","chromium-SCB-fr-unauthorised","2026-09-30","passed","2026-09-30","","cta/generated.cta.spec.js","",""
"","7940","cryptocurrencies page | tradingInstrument | shortPositionGoToPlatformBtn","chromium-CySEC-ro-ro-unauthorised","2026-09-30","passed","2026-09-30","","cta/generated.cta.spec.js","",""
"","7301","indices page | tradingInstrument | sellBtn","chromium-ASIC-en-unauthorised","2026-09-30","passed","2026-09-30","","cta/generated.cta.spec.js","",""
"","7365","shares page | tradingInstrument | alertBtn","chromium-ASIC-en-unauthorised","2026-09-30","passed","2026-09-30","","cta/generated.cta.spec.js","",""
"","10357","forex page | tradingInstrument | tradedBtn","chromium-SCB-de-unauthorised","2026-09-30","passed","2026-09-30","","cta/generated.cta.spec.js","",""
"","6935","forex page | tradingInstrument | addToFavouriteBtn","chromium-FCA-en-unauthorised","2026-09-30","passed","2026-09-30","","cta/generated.cta.spec.js","",""
"","7849","markets page | tradingInstrument | viewDetailedChartBtn","chromium-CySEC-fr-fr-unauthorised","2026-09-30","passed","2026-09-30","","cta/generated.cta.spec.js","",""
"","8053","bonds page | tradingInstrument | shortPositionGoToPlatformBtn","chromium-CySEC-el-gr-unauthorised","2026-09-30","passed","2026-09-30","","cta/generated.cta.spec.js","",""
"","6831","indices page | tradingInstrument | viewDetailedChartBtn","chromium-CMA-en-unregistered","2026-09-30","passed","2026-09-30","","cta/generated.cta.spec.js","",""
"","7256","bonds page | heroBanner | signupBtn","chromium-CySEC-el-gr-unauthorised","2026-09-30","passed","2026-09-30","","cta/generated.cta.spec.js","",""
"","8043","markets page | tradingInstrument | viewDetailedChartBtn","chromium-SCB-ar-unauthorised","2026-09-30","passed","2026-09-30","","cta/generated.cta.spec.js","",""
"","6922","marketPricing page | readyToJoinBlock | signupBtn","chromium-CySEC-hu-hu-unauthorised","2026-09-30","passed","2026-09-30","","cta/generated.cta.spec.js","",""
"","8268","cryptocurrencies page | tradingInstrument | longPositionGoToPlatformBtn","chromium-CySEC-hu-hu-unauthorised","2026-09-30","passed","2026-09-30","","cta/generated.cta.spec.js","",""
"","7258","markets page | heroBanner | signupBtn","chromium-SCB-mn-unauthorised","2026-09-30","passed","2026-09-30","","cta/generated.cta.spec.js","",""
"","8157","shares page | tradingInstrument | longPositionGoToPlatformBtn","chromium-CySEC-fr-fr-unauthorised","2026-09-30","passed","2026-09-30","","cta/generated.cta.spec.js","",""
"","7268","bonds page | tradingInstrument | buyBtn","chromium-SCB-ar-unregistered","2026-09-30","passed","2026-09-30","","cta/generated.cta.spec.js","",""
"","9416","markets page | tradingInstrument | tradedBtn","chromium-SCB-en-unregistered","2026-09-30","passed","2026-09-30","","cta/generated.cta.spec.js","",""
"","7868","bonds page | heroBanner | signupBtn","chromium-CySEC-nl-nl-unregistered","2026-09-30","passed","2026-09-30","","cta/generated.cta.spec.js","",""
"","7762","cryptocurrencies page | tradingInstrument | addToFavouriteBtn","chromium-CySEC-it-it-unauthorised","2026-09-30","passed","2026-09-30","","cta/generated.cta.spec.js","",""
"","7058","bonds page | heroBanner | signupBtn","chromium-SCB-ar-unregistered","2026-09-30","passed","2026-09-30","","cta/generated.cta.spec.js","",""
"","7394","shares page | tradingInstrument | buyBtn","chromium-SCB-es-unregistered","2026-09-30","passed","2026-09-30","","cta/generated.cta.spec.js","",""
"","7074","marketAnalysis page | mostTradedMarketsBlock | tradedBtn","chromium-CySEC-ro-ro-unregistered","2026-09-30","passed","2026-09-30","","cta/generated.cta.spec.js","",""
"","7854","forex page | tradingInstrument | buyBtn","chromium-SCB-ru-unauthorised","2026-09-30","passed","2026-09-30","","cta/generated.cta.spec.js","",""
"","7298","forex page | tradingInstrument | addToFavouriteBtn","chromium-CMA-ar-unregistered","2026-09-30","passed","2026-09-30","","cta/generated.cta.spec.js","",""
"","8363","interestRates page | tradingInstrument | shortPositionGoToPlatformBtn","chromium-CySEC-pl-pl-unauthorised","2026-09-30","passed","2026-09-30","","cta/generated.cta.spec.js","",""
"","7652","markets page | tradingInstrument | viewDetailedChartBtn","chromium-SCB-zh-hant-unauthorised","2026-09-30","passed","2026-09-30","","cta/generated.cta.spec.js","",""
"","7707","bonds page | tradingInstrument | addToFavouriteBtn","chromium-CySEC-nl-nl-unregistered","2026-09-30","passed","2026-09-30","","cta/generated.cta.spec.js","",""
"","7366","commodities page | tradingInstrument | sellBtn","chromium-ASIC-en-unauthorised","2026-09-30","passed","2026-09-30","","cta/generated.cta.spec.js","",""
"","7544","commodities page | heroBanner | signupBtn","chromium-CySEC-el-gr-unauthorised","2026-09-30","passed","2026-09-30","","cta/generated.cta.spec.js","",""
"","5313","indices page | tradingInstrument | buyBtn","chromium-SCB-zh-hans-unauthorised","2026-09-30","passed","2026-09-30","","cta/generated.cta.spec.js","",""
"","6914","forex page | heroBanner | signupBtn","chromium-SCB-zh-hant-unauthorised","2026-09-30","passed","2026-09-30","","cta/generated.cta.spec.js","",""
"","7667","shares page | tradingInstrument | sellBtn","chromium-CySEC-en-eu-unregistered","2026-09-30","passed","2026-09-30","","cta/generated.cta.spec.js","",""
"","7535","indices page | tradingInstrument | longPositionGoToPlatformBtn","chromium-ASIC-en-unregistered","2026-09-30","passed","2026-09-30","","cta/generated.cta.spec.js","",""
"","7589","commodities page | tradingInstrument | addToFavouriteBtn","chromium-SCB-zh-hant-unregistered","2026-09-30","passed","2026-09-30","","cta/generated.cta.spec.js","",""
"","7210","cryptocurrencies page | heroBanner | signupBtn","chromium-CySEC-de-de-unregistered","2026-09-30","passed","2026-09-30","","cta/generated.cta.spec.js","",""
"","7797","cryptocurrencies page | tradingInstrument | addToFavouriteBtn","chromium-CySEC-nl-nl-unregistered","2026-09-30","passed","2026-09-30","","cta/generated.cta.spec.js","",""
"","7567","commodities page | tradingInstrument | sellBtn","chromium-SCB-ru-unregistered","2026-09-30","passed","2026-09-30","","cta/generated.cta.spec.js","",""
"","7208","indices page | tradingInstrument | alertBtn","chromium-CySEC-ro-ro-unregistered","2026-09-30","passed","2026-09-30","","cta/generated.cta.spec.js","",""
"","8973","forex page | tradingInstrument | tradedBtn","chromium-CMA-en-unauthorised","2026-09-30","passed","2026-09-30","","cta/generated.cta.spec.js","",""
"","7136","forex page | heroBanner | signupBtn","chromium-SCB-es-unauthorised","2026-09-30","passed","2026-09-30","","cta/generated.cta.spec.js","",""
"","7258","markets page | tradingInstrument | readyToJoinSignUpBtn","chromium-CySEC-de-at-unauthorised","2026-09-30","passed","2026-09-30","","cta/generated.cta.spec.js","",""
"","7400","indices page | tradingInstrument | buyBtn","chromium-SCB-ru-unregistered","2026-09-30","passed","2026-09-30","","cta/generated.cta.spec.js","",""
"","7914","commodities page | tradingInstrument | sellBtn","chromium-CySEC-nl-nl-unregistered","2026-09-30","passed","2026-09-30","","cta/generated.cta.spec.js","",""
"","7885","interestRates page | tradingInstrument | viewDetailedChartBtn","chromium-CySEC-de-de-unauthorised","2026-09-30","passed","2026-09-30","","cta/generated.cta.spec.js","",""
"","7874","interestRates page | tradingInstrument | longPositionGoToPlatformBtn","chromium-SCB-vi-unregistered","2026-09-30","passed","2026-09-30","","cta/generated.cta.spec.js","",""
"","7959","shares page | tradingInstrument | addToFavouriteBtn","chromium-CySEC-hu-hu-unauthorised","2026-09-30","passed","2026-09-30","","cta/generated.cta.spec.js","",""
"","7787","shares page | tradingInstrument | addToFavouriteBtn","chromium-SCB-ar-unregistered","2026-09-30","passed","2026-09-30","","cta/generated.cta.spec.js","",""
"","7090","bonds page | tradingInstrument | alertBtn","chromium-CySEC-de-de-unregistered","2026-09-30","passed","2026-09-30","","cta/generated.cta.spec.js","",""
"","9161","commodities page | tradingInstrument | tradedBtn","chromium-CySEC-nl-nl-unregistered","2026-09-30","passed","2026-09-30","","cta/generated.cta.spec.js","",""
"","7608","indices page | tradingInstrument | shortPositionGoToPlatformBtn","chromium-SCB-es-unauthorised","2026-09-30","passed","2026-09-30","","cta/generated.cta.spec.js","",""
"","8366","shares page | tradingInstrument | addToFavouriteBtn","chromium-ASIC-en-unregistered","2026-09-30","passed","2026-09-30","","cta/generated.cta.spec.js","",""
"","2852","forex page | heroBanner | signupBtn","chromium-SCB-zh-hans-unauthorised","2026-09-30","passed","2026-09-30","","cta/generated.cta.spec.js","",""
"","7555","commodities page | tradingInstrument | shortPositionGoToPlatformBtn","chromium-SCB-fr-unauthorised","2026-09-30","passed","2026-09-30","","cta/generated.cta.spec.js","",""
"","7673","commodities page | tradingInstrument | addToFavouriteBtn","chromium-SCB-ar-unauthorised","2026-09-30","passed","2026-09-30","","cta/generated.cta.spec.js","",""
"","7736","forex page | tradingInstrument | alertBtn","chromium-SCB-es-unauthorised","2026-09-30","passed","2026-09-30","","cta/generated.cta.spec.js","",""
"","4125","indices page | tradingInstrument | longPositionGoToPlatformBtn","chromium-SCB-zh-hans-unregistered","2026-09-30","passed","2026-09-30","","cta/generated.cta.spec.js","",""
"","7227","commodities page | tradingInstrument | addToFavouriteBtn","chromium-CySEC-de-at-unauthorised","2026-09-30","passed","2026-09-30","","cta/generated.cta.spec.js","",""
"","8619","cryptocurrencies page | tradingInstrument | viewDetailedChartBtn","chromium-CySEC-fr-fr-unauthorised","2026-09-30","passed","2026-09-30","","cta/generated.cta.spec.js","",""
"","7434","shares page | tradingInstrument | sellBtn","chromium-CySEC-it-it-unregistered","2026-09-30","passed","2026-09-30","","cta/generated.cta.spec.js","",""
"","2978","forex page | tradingInstrument | viewDetailedChartBtn","chromium-SCB-zh-hans-unregistered","2026-09-30","passed","2026-09-30","","cta/generated.cta.spec.js","",""
"","9317","markets page | tradingInstrument | tradedBtn","chromium-CySEC-de-de-unregistered","2026-09-30","passed","2026-09-30","","cta/generated.cta.spec.js","",""
"","6675","bonds page | tradingInstrument | alertBtn","chromium-FCA-en-unauthorised","2026-09-30","passed","2026-09-30","","cta/generated.cta.spec.js","",""
"","7149","markets page | heroBanner | signupBtn","chromium-SCB-zh-hant-unregistered","2026-09-30","passed","2026-09-30","","cta/generated.cta.spec.js","",""
"","6813","bonds page | tradingInstrument | viewDetailedChartBtn","chromium-CMA-en-unregistered","2026-09-30","passed","2026-09-30","","cta/generated.cta.spec.js","",""
"","7652","cryptocurrencies page | tradingInstrument | readyToJoinSignUpBtn","chromium-SCB-mn-unauthorised","2026-09-30","passed","2026-09-30","","cta/generated.cta.spec.js","",""
"","9102","interestRates page | tradingInstrument | readyToJoinSignUpBtn","chromium-CySEC-el-gr-unauthorised","2026-09-30","passed","2026-09-30","","cta/generated.cta.spec.js","",""
"","7583","cryptocurrencies page | tradingInstrument | sellBtn","chromium-SCB-de-unregistered","2026-09-30","passed","2026-09-30","","cta/generated.cta.spec.js","",""
"","7381","forex page | tradingInstrument | longPositionGoToPlatformBtn","chromium-CySEC-de-at-unauthorised","2026-09-30","passed","2026-09-30","","cta/generated.cta.spec.js","",""
"","7482","forex page | tradingInstrument | addToFavouriteBtn","chromium-SCB-vi-unauthorised","2026-09-30","passed","2026-09-30","","cta/generated.cta.spec.js","",""
"","7662","shares page | tradingInstrument | alertBtn","chromium-SCB-fr-unauthorised","2026-09-30","passed","2026-09-30","","cta/generated.cta.spec.js","",""
"","6868","interestRates page | tradingInstrument | sellBtn","chromium-CMA-en-unauthorised","2026-09-30","passed","2026-09-30","","cta/generated.cta.spec.js","",""
"","7570","commodities page | tradingInstrument | alertBtn","chromium-CySEC-en-eu-unauthorised","2026-09-30","passed","2026-09-30","","cta/generated.cta.spec.js","",""
"","7404","forex page | tradingInstrument | readyToJoinSignUpBtn","chromium-SCB-mn-unauthorised","2026-09-30","passed","2026-09-30","","cta/generated.cta.spec.js","",""
"","7078","forex page | heroBanner | signupBtn","chromium-CySEC-en-eu-unregistered","2026-09-30","passed","2026-09-30","","cta/generated.cta.spec.js","",""
"","6960","interestRates page | heroBanner | signupBtn","chromium-CySEC-ro-ro-unauthorised","2026-09-30","passed","2026-09-30","","cta/generated.cta.spec.js","",""
"","7330","commodities page | tradingInstrument | buyBtn","chromium-SCB-en-unauthorised","2026-09-30","passed","2026-09-30","","cta/generated.cta.spec.js","",""
"","7293","indices page | tradingInstrument | readyToJoinSignUpBtn","chromium-SCB-vi-unauthorised","2026-09-30","passed","2026-09-30","","cta/generated.cta.spec.js","",""
"","6949","indices page | heroBanner | signupBtn","chromium-SCB-ru-unregistered","2026-09-30","passed","2026-09-30","","cta/generated.cta.spec.js","",""
"","7846","commodities page | tradingInstrument | readyToJoinSignUpBtn","chromium-SCB-ru-unauthorised","2026-09-30","passed","2026-09-30","","cta/generated.cta.spec.js","",""
"","7794","commodities page | tradingInstrument | viewDetailedChartBtn","chromium-CySEC-en-eu-unauthorised","2026-09-30","passed","2026-09-30","","cta/generated.cta.spec.js","",""
"","8020","forex page | tradingInstrument | readyToJoinSignUpBtn","chromium-CySEC-el-gr-unauthorised","2026-09-30","passed","2026-09-30","","cta/generated.cta.spec.js","",""
"","7433","markets page | tradingInstrument | buyBtn","chromium-SCB-de-unregistered","2026-09-30","passed","2026-09-30","","cta/generated.cta.spec.js","",""
"","7454","bonds page | tradingInstrument | addToFavouriteBtn","chromium-CySEC-pl-pl-unauthorised","2026-09-30","passed","2026-09-30","","cta/generated.cta.spec.js","",""
"","6747","shares page | tradingInstrument | viewDetailedChartBtn","chromium-CMA-en-unauthorised","2026-09-30","passed","2026-09-30","","cta/generated.cta.spec.js","",""
"","7535","markets page | tradingInstrument | longPositionGoToPlatformBtn","chromium-CySEC-pl-pl-unregistered","2026-09-30","passed","2026-09-30","","cta/generated.cta.spec.js","",""
"","7766","commodities page | tradingInstrument | shortPositionGoToPlatformBtn","chromium-CySEC-pl-pl-unauthorised","2026-09-30","passed","2026-09-30","","cta/generated.cta.spec.js","",""
"","7956","shares page | tradingInstrument | shortPositionGoToPlatformBtn","chromium-CySEC-el-gr-unauthorised","2026-09-30","passed","2026-09-30","","cta/generated.cta.spec.js","",""
"","7424","shares page | tradingInstrument | buyBtn","chromium-SCB-en-unauthorised","2026-09-30","passed","2026-09-30","","cta/generated.cta.spec.js","",""
"","4996","cryptocurrencies page | tradingInstrument | buyBtn","chromium-SCB-zh-hans-unauthorised","2026-09-30","passed","2026-09-30","","cta/generated.cta.spec.js","",""
"","6972","forex page | tradingInstrument | buyBtn","chromium-FCA-en-unauthorised","2026-09-30","passed","2026-09-30","","cta/generated.cta.spec.js","",""
"","7671","indices page | tradingInstrument | alertBtn","chromium-SCB-fr-unauthorised","2026-09-30","passed","2026-09-30","","cta/generated.cta.spec.js","",""
"","7465","interestRates page | heroBanner | signupBtn","chromium-ASIC-en-unregistered","2026-09-30","passed","2026-09-30","","cta/generated.cta.spec.js","",""
"","7122","interestRates page | tradingInstrument | viewDetailedChartBtn","chromium-CySEC-hu-hu-unregistered","2026-09-30","passed","2026-09-30","","cta/generated.cta.spec.js","",""
"","7484","shares page | tradingInstrument | longPositionGoToPlatformBtn","chromium-CySEC-it-it-unregistered","2026-09-30","passed","2026-09-30","","cta/generated.cta.spec.js","",""
"","7570","indices page | tradingInstrument | longPositionGoToPlatformBtn","chromium-CySEC-nl-nl-unregistered","2026-09-30","passed","2026-09-30","","cta/generated.cta.spec.js","",""
"","3205","interestRates page | heroBanner | signupBtn","chromium-SCB-zh-hans-unregistered","2026-09-30","passed","2026-09-30","","cta/generated.cta.spec.js","",""
"","7187","shares page | tradingInstrument | alertBtn","chromium-CySEC-en-eu-unregistered","2026-09-30","passed","2026-09-30","","cta/generated.cta.spec.js","",""
"","3498","markets page | tradingInstrument | shortPositionGoToPlatformBtn","chromium-SCB-zh-hans-unregistered","2026-09-30","passed","2026-09-30","","cta/generated.cta.spec.js","",""
"","46","financeNews page | mostTradedMarketsBlock | tradedBtn","chromium-SCB-ru-unregistered","2026-09-30","skipped","2026-09-30","","cta/generated.cta.spec.js","",""
"","8079","markets page | tradingInstrument | longPositionGoToPlatformBtn","chromium-CySEC-fr-fr-unauthorised","2026-09-30","passed","2026-09-30","","cta/generated.cta.spec.js","",""
"","7228","interestRates page | tradingInstrument | alertBtn","chromium-CySEC-de-at-unregistered","2026-09-30","passed","2026-09-30","","cta/generated.cta.spec.js","",""
"","7502","indices page | tradingInstrument | buyBtn","chromium-SCB-vi-unauthorised","2026-09-30","passed","2026-09-30","","cta/generated.cta.spec.js","",""
"","7770","forex page | tradingInstrument | longPositionGoToPlatformBtn","chromium-SCB-mn-unauthorised","2026-09-30","passed","2026-09-30","","cta/generated.cta.spec.js","",""
"","7419","commodities page | tradingInstrument | viewDetailedChartBtn","chromium-CySEC-de-at-unregistered","2026-09-30","passed","2026-09-30","","cta/generated.cta.spec.js","",""
"","7425","bonds page | tradingInstrument | shortPositionGoToPlatformBtn","chromium-CySEC-hu-hu-unregistered","2026-09-30","passed","2026-09-30","","cta/generated.cta.spec.js","",""
"","7369","forex page | tradingInstrument | readyToJoinSignUpBtn","chromium-SCB-mn-unregistered","2026-09-30","passed","2026-09-30","","cta/generated.cta.spec.js","",""
"","6805","forex page | tradingInstrument | readyToJoinSignUpBtn","chromium-CMA-en-unauthorised","2026-09-30","passed","2026-09-30","","cta/generated.cta.spec.js","",""
"","7523","cryptocurrencies page | tradingInstrument | longPositionGoToPlatformBtn","chromium-SCB-en-unregistered","2026-09-30","passed","2026-09-30","","cta/generated.cta.spec.js","",""
"","7140","commodities page | tradingInstrument | readyToJoinSignUpBtn","chromium-CySEC-de-de-unregistered","2026-09-30","passed","2026-09-30","","cta/generated.cta.spec.js","",""
"","7202","forex page | tradingInstrument | viewDetailedChartBtn","chromium-CySEC-de-at-unauthorised","2026-09-30","passed","2026-09-30","","cta/generated.cta.spec.js","",""
"","6933","shares page | tradingInstrument | shortPositionGoToPlatformBtn","chromium-CMA-ar-unauthorised","2026-09-30","passed","2026-09-30","","cta/generated.cta.spec.js","",""
"","7470","cryptocurrencies page | tradingInstrument | longPositionGoToPlatformBtn","chromium-CySEC-fr-fr-unregistered","2026-09-30","passed","2026-09-30","","cta/generated.cta.spec.js","",""
"","7679","shares page | tradingInstrument | alertBtn","chromium-CySEC-ro-ro-unauthorised","2026-09-30","passed","2026-09-30","","cta/generated.cta.spec.js","",""
"","7755","markets page | tradingInstrument | longPositionGoToPlatformBtn","chromium-CySEC-en-eu-unregistered","2026-09-30","passed","2026-09-30","","cta/generated.cta.spec.js","",""
"","6776","marketAnalysis page | mostTradedMarketsBlock | tradedBtn","chromium-SCB-en-unregistered","2026-09-30","passed","2026-09-30","","cta/generated.cta.spec.js","",""
"","7145","commodities page | tradingInstrument | readyToJoinSignUpBtn","chromium-SCB-vi-unregistered","2026-09-30","passed","2026-09-30","","cta/generated.cta.spec.js","",""
"","9072","cryptocurrencies page | tradingInstrument | tradedBtn","chromium-CMA-ar-unauthorised","2026-09-30","passed","2026-09-30","","cta/generated.cta.spec.js","",""
"","6879","bonds page | heroBanner | signupBtn","chromium-SCB-vi-unauthorised","2026-09-30","passed","2026-09-30","","cta/generated.cta.spec.js","",""
"","7625","markets page | tradingInstrument | readyToJoinSignUpBtn","chromium-CySEC-fr-fr-unauthorised","2026-09-30","passed","2026-09-30","","cta/generated.cta.spec.js","",""
"","2965","marketAnalysis page | mostTradedMarketsBlock | tradedBtn","chromium-SCB-zh-hans-unregistered","2026-09-30","passed","2026-09-30","","cta/generated.cta.spec.js","",""
"","7202","commodities page | tradingInstrument | viewDetailedChartBtn","chromium-CySEC-it-it-unregistered","2026-09-30","passed","2026-09-30","","cta/generated.cta.spec.js","",""
"","7558","shares page | tradingInstrument | sellBtn","chromium-CySEC-de-at-unregistered","2026-09-30","passed","2026-09-30","","cta/generated.cta.spec.js","",""
"","7432","indices page | tradingInstrument | longPositionGoToPlatformBtn","chromium-SCB-ar-unregistered","2026-09-30","passed","2026-09-30","","cta/generated.cta.spec.js","",""
"","3002","indices page | tradingInstrument | viewDetailedChartBtn","chromium-SCB-zh-hans-unregistered","2026-09-30","passed","2026-09-30","","cta/generated.cta.spec.js","",""
"","7745","cryptocurrencies page | tradingInstrument | sellBtn","chromium-SCB-ar-unregistered","2026-09-30","passed","2026-09-30","","cta/generated.cta.spec.js","",""
"","7421","shares page | tradingInstrument | longPositionGoToPlatformBtn","chromium-CySEC-de-at-unauthorised","2026-09-30","passed","2026-09-30","","cta/generated.cta.spec.js","",""
"","7487","forex page | tradingInstrument | longPositionGoToPlatformBtn","chromium-ASIC-en-unregistered","2026-09-30","passed","2026-09-30","","cta/generated.cta.spec.js","",""
"","7590","shares page | tradingInstrument | addToFavouriteBtn","chromium-CySEC-de-at-unregistered","2026-09-30","passed","2026-09-30","","cta/generated.cta.spec.js","",""
"","8019","cryptocurrencies page | tradingInstrument | shortPositionGoToPlatformBtn","chromium-SCB-de-unauthorised","2026-09-30","passed","2026-09-30","","cta/generated.cta.spec.js","",""
"","2781","forex page | tradingInstrument | alertBtn","chromium-SCB-zh-hans-unregistered","2026-09-30","passed","2026-09-30","","cta/generated.cta.spec.js","",""
"","5756","markets page | tradingInstrument | sellBtn","chromium-SCB-zh-hans-unauthorised","2026-09-30","passed","2026-09-30","","cta/generated.cta.spec.js","",""
"","41","financeNews page | mostTradedMarketsBlock | tradedBtn","chromium-SCB-mn-unregistered","2026-09-30","skipped","2026-09-30","","cta/generated.cta.spec.js","",""
"","7679","cryptocurrencies page | tradingInstrument | longPositionGoToPlatformBtn","chromium-CySEC-ro-ro-unauthorised","2026-09-30","passed","2026-09-30","","cta/generated.cta.spec.js","",""
"","9630","cryptocurrencies page | tradingInstrument | tradedBtn","chromium-CySEC-nl-nl-unauthorised","2026-09-30","passed","2026-09-30","","cta/generated.cta.spec.js","",""
"","7474","indices page | tradingInstrument | shortPositionGoToPlatformBtn","chromium-CySEC-hu-hu-unregistered","2026-09-30","passed","2026-09-30","","cta/generated.cta.spec.js","",""
"","7914","commodities page | tradingInstrument | shortPositionGoToPlatformBtn","chromium-CySEC-ro-ro-unauthorised","2026-09-30","passed","2026-09-30","","cta/generated.cta.spec.js","",""
"","7717","interestRates page | tradingInstrument | shortPositionGoToPlatformBtn","chromium-SCB-es-unauthorised","2026-09-30","passed","2026-09-30","","cta/generated.cta.spec.js","",""
"","6918","cryptocurrencies page | tradingInstrument | addToFavouriteBtn","chromium-CMA-ar-unregistered","2026-09-30","passed","2026-09-30","","cta/generated.cta.spec.js","",""
"","6902","shares page | tradingInstrument | alertBtn","chromium-CMA-en-unauthorised","2026-09-30","passed","2026-09-30","","cta/generated.cta.spec.js","",""
"","7350","cryptocurrencies page | tradingInstrument | alertBtn","chromium-CySEC-pl-pl-unregistered","2026-09-30","passed","2026-09-30","","cta/generated.cta.spec.js","",""
"","7514","interestRates page | tradingInstrument | addToFavouriteBtn","chromium-CySEC-it-it-unauthorised","2026-09-30","passed","2026-09-30","","cta/generated.cta.spec.js","",""
"","7284","interestRates page | tradingInstrument | longPositionGoToPlatformBtn","chromium-SCB-en-unregistered","2026-09-30","passed","2026-09-30","","cta/generated.cta.spec.js","",""
"","3239","indices page | tradingInstrument | addToFavouriteBtn","chromium-SCB-zh-hans-unregistered","2026-09-30","passed","2026-09-30","","cta/generated.cta.spec.js","",""
"","7194","forex page | tradingInstrument | readyToJoinSignUpBtn","chromium-CySEC-fr-fr-unregistered","2026-09-30","passed","2026-09-30","","cta/generated.cta.spec.js","",""
"","7295","shares page | tradingInstrument | viewDetailedChartBtn","chromium-CySEC-de-at-unregistered","2026-09-30","passed","2026-09-30","","cta/generated.cta.spec.js","",""
"","7438","marketPricing page | readyToJoinBlock | signupBtn","chromium-CySEC-el-gr-unregistered","2026-09-30","passed","2026-09-30","","cta/generated.cta.spec.js","",""
"","7441","markets page | tradingInstrument | buyBtn","chromium-SCB-en-unauthorised","2026-09-30","passed","2026-09-30","","cta/generated.cta.spec.js","",""
"","7230","shares page | tradingInstrument | viewDetailedChartBtn","chromium-SCB-en-unregistered","2026-09-30","passed","2026-09-30","","cta/generated.cta.spec.js","",""
"","6997","indices page | heroBanner | signupBtn","chromium-CySEC-el-gr-unregistered","2026-09-30","passed","2026-09-30","","cta/generated.cta.spec.js","",""
"","7911","forex page | tradingInstrument | buyBtn","chromium-SCB-de-unauthorised","2026-09-30","passed","2026-09-30","","cta/generated.cta.spec.js","",""
"","7230","commodities page | tradingInstrument | readyToJoinSignUpBtn","chromium-CySEC-en-eu-unregistered","2026-09-30","passed","2026-09-30","","cta/generated.cta.spec.js","",""
"","7459","cryptocurrencies page | tradingInstrument | buyBtn","chromium-CySEC-hu-hu-unregistered","2026-09-30","passed","2026-09-30","","cta/generated.cta.spec.js","",""
"","40","financeNews page | mostTradedMarketsBlock | tradedBtn","chromium-SCB-vi-unregistered","2026-09-30","skipped","2026-09-30","","cta/generated.cta.spec.js","",""
"","7630","interestRates page | heroBanner | signupBtn","chromium-CySEC-nl-nl-unregistered","2026-09-30","passed","2026-09-30","","cta/generated.cta.spec.js","",""
"","6306","forex page | heroBanner | signupBtn","chromium-CMA-en-unregistered","2026-09-30","passed","2026-09-30","","cta/generated.cta.spec.js","",""
"","7498","indices page | tradingInstrument | viewDetailedChartBtn","chromium-SCB-es-unauthorised","2026-09-30","passed","2026-09-30","","cta/generated.cta.spec.js","",""
"","7036","bonds page | tradingInstrument | viewDetailedChartBtn","chromium-CySEC-nl-nl-unregistered","2026-09-30","passed","2026-09-30","","cta/generated.cta.spec.js","",""
"","7627","cryptocurrencies page | tradingInstrument | longPositionGoToPlatformBtn","chromium-CySEC-el-gr-unregistered","2026-09-30","passed","2026-09-30","","cta/generated.cta.spec.js","",""
"","7402","cryptocurrencies page | tradingInstrument | sellBtn","chromium-SCB-fr-unregistered","2026-09-30","passed","2026-09-30","","cta/generated.cta.spec.js","",""
"","7113","bonds page | tradingInstrument | viewDetailedChartBtn","chromium-SCB-ru-unregistered","2026-09-30","passed","2026-09-30","","cta/generated.cta.spec.js","",""
"","7202","commodities page | tradingInstrument | readyToJoinSignUpBtn","chromium-ASIC-en-unregistered","2026-09-30","passed","2026-09-30","","cta/generated.cta.spec.js","",""
"","6939","forex page | heroBanner | signupBtn","chromium-SCB-fr-unauthorised","2026-09-30","passed","2026-09-30","","cta/generated.cta.spec.js","",""
"","7300","shares page | tradingInstrument | readyToJoinSignUpBtn","chromium-ASIC-en-unregistered","2026-09-30","passed","2026-09-30","","cta/generated.cta.spec.js","",""
"","8974","markets page | tradingInstrument | sellBtn","chromium-CySEC-ro-ro-unregistered","2026-09-30","passed","2026-09-30","","cta/generated.cta.spec.js","",""
"","8671","indices page | tradingInstrument | longPositionGoToPlatformBtn","chromium-CySEC-el-gr-unauthorised","2026-09-30","passed","2026-09-30","","cta/generated.cta.spec.js","",""
"","46","financeNews page | mostTradedMarketsBlock | tradedBtn","chromium-SCB-es-unregistered","2026-09-30","skipped","2026-09-30","","cta/generated.cta.spec.js","",""
"","9368","markets page | tradingInstrument | tradedBtn","chromium-CySEC-el-gr-unauthorised","2026-09-30","passed","2026-09-30","","cta/generated.cta.spec.js","",""
"","7655","commodities page | tradingInstrument | alertBtn","chromium-SCB-de-unauthorised","2026-09-30","passed","2026-09-30","","cta/generated.cta.spec.js","",""
"","7049","bonds page | heroBanner | signupBtn","chromium-SCB-fr-unauthorised","2026-09-30","passed","2026-09-30","","cta/generated.cta.spec.js","",""
"","9346","shares page | tradingInstrument | tradedBtn","chromium-SCB-fr-unregistered","2026-09-30","passed","2026-09-30","","cta/generated.cta.spec.js","",""
"","7239","indices page | tradingInstrument | viewDetailedChartBtn","chromium-CySEC-ro-ro-unregistered","2026-09-30","passed","2026-09-30","","cta/generated.cta.spec.js","",""
"","8171","shares page | tradingInstrument | addToFavouriteBtn","chromium-CySEC-nl-nl-unregistered","2026-09-30","passed","2026-09-30","","cta/generated.cta.spec.js","",""
"","7240","markets page | tradingInstrument | addToFavouriteBtn","chromium-CySEC-el-gr-unauthorised","2026-09-30","passed","2026-09-30","","cta/generated.cta.spec.js","",""
"","3007","interestRates page | tradingInstrument | readyToJoinSignUpBtn","chromium-SCB-zh-hans-unregistered","2026-09-30","passed","2026-09-30","","cta/generated.cta.spec.js","",""
"","7414","interestRates page | tradingInstrument | alertBtn","chromium-CySEC-pl-pl-unauthorised","2026-09-30","passed","2026-09-30","","cta/generated.cta.spec.js","",""
"","8049","interestRates page | tradingInstrument | shortPositionGoToPlatformBtn","chromium-CySEC-el-gr-unauthorised","2026-09-30","passed","2026-09-30","","cta/generated.cta.spec.js","",""
"","7280","commodities page | tradingInstrument | longPositionGoToPlatformBtn","chromium-SCB-en-unauthorised","2026-09-30","passed","2026-09-30","","cta/generated.cta.spec.js","",""
"","7258","cryptocurrencies page | tradingInstrument | shortPositionGoToPlatformBtn","chromium-CMA-en-unregistered","2026-09-30","passed","2026-09-30","","cta/generated.cta.spec.js","",""
"","7574","cryptocurrencies page | tradingInstrument | shortPositionGoToPlatformBtn","chromium-SCB-es-unregistered","2026-09-30","passed","2026-09-30","","cta/generated.cta.spec.js","",""
"","3344","shares page | tradingInstrument | buyBtn","chromium-SCB-zh-hans-unregistered","2026-09-30","passed","2026-09-30","","cta/generated.cta.spec.js","",""
"","7346","indices page | tradingInstrument | alertBtn","chromium-CySEC-de-at-unregistered","2026-09-30","passed","2026-09-30","","cta/generated.cta.spec.js","",""
"","7379","commodities page | tradingInstrument | viewDetailedChartBtn","chromium-CySEC-pl-pl-unregistered","2026-09-30","passed","2026-09-30","","cta/generated.cta.spec.js","",""
"","7246","bonds page | tradingInstrument | readyToJoinSignUpBtn","chromium-CySEC-ro-ro-unregistered","2026-09-30","passed","2026-09-30","","cta/generated.cta.spec.js","",""
"","7427","interestRates page | tradingInstrument | viewDetailedChartBtn","chromium-SCB-de-unauthorised","2026-09-30","passed","2026-09-30","","cta/generated.cta.spec.js","",""
"","7612","markets page | tradingInstrument | shortPositionGoToPlatformBtn","chromium-SCB-en-unregistered","2026-09-30","passed","2026-09-30","","cta/generated.cta.spec.js","",""
"","7851","indices page | tradingInstrument | shortPositionGoToPlatformBtn","chromium-CySEC-en-eu-unauthorised","2026-09-30","passed","2026-09-30","","cta/generated.cta.spec.js","",""
"","7520","indices page | heroBanner | signupBtn","chromium-SCB-vi-unregistered","2026-09-30","passed","2026-09-30","","cta/generated.cta.spec.js","",""
"","7415","shares page | tradingInstrument | shortPositionGoToPlatformBtn","chromium-CySEC-ro-ro-unregistered","2026-09-30","passed","2026-09-30","","cta/generated.cta.spec.js","",""
"","7024","marketAnalysis page | readyToJoinBlock | signupBtn","chromium-SCB-zh-hant-unauthorised","2026-09-30","passed","2026-09-30","","cta/generated.cta.spec.js","",""
"","7940","markets page | tradingInstrument | addToFavouriteBtn","chromium-SCB-zh-hant-unregistered","2026-09-30","passed","2026-09-30","","cta/generated.cta.spec.js","",""
"","6949","markets page | tradingInstrument | buyBtn","chromium-CMA-ar-unauthorised","2026-09-30","passed","2026-09-30","","cta/generated.cta.spec.js","",""
"","7112","bonds page | tradingInstrument | alertBtn","chromium-SCB-ar-unregistered","2026-09-30","passed","2026-09-30","","cta/generated.cta.spec.js","",""
"","9453","indices page | tradingInstrument | tradedBtn","chromium-CySEC-it-it-unauthorised","2026-09-30","passed","2026-09-30","","cta/generated.cta.spec.js","",""
"","7482","cryptocurrencies page | tradingInstrument | sellBtn","chromium-SCB-en-unauthorised","2026-09-30","passed","2026-09-30","","cta/generated.cta.spec.js","",""
"","8222","commodities page | tradingInstrument | sellBtn","chromium-CySEC-fr-fr-unauthorised","2026-09-30","passed","2026-09-30","","cta/generated.cta.spec.js","",""
"","9128","cryptocurrencies page | tradingInstrument | tradedBtn","chromium-CMA-ar-unregistered","2026-09-30","passed","2026-09-30","","cta/generated.cta.spec.js","",""
"","7716","interestRates page | tradingInstrument | sellBtn","chromium-CySEC-pl-pl-unregistered","2026-09-30","passed","2026-09-30","","cta/generated.cta.spec.js","",""
"","6906","bonds page | tradingInstrument | longPositionGoToPlatformBtn","chromium-CMA-en-unauthorised","2026-09-30","passed","2026-09-30","","cta/generated.cta.spec.js","",""
"","7703","commodities page | tradingInstrument | buyBtn","chromium-CySEC-de-de-unregistered","2026-09-30","passed","2026-09-30","","cta/generated.cta.spec.js","",""
"","7868","forex page | tradingInstrument | sellBtn","chromium-CySEC-ro-ro-unregistered","2026-09-30","passed","2026-09-30","","cta/generated.cta.spec.js","",""
"","7116","interestRates page | tradingInstrument | alertBtn","chromium-CySEC-de-at-unauthorised","2026-09-30","passed","2026-09-30","","cta/generated.cta.spec.js","",""
"","7209","forex page | tradingInstrument | viewDetailedChartBtn","chromium-CySEC-it-it-unregistered","2026-09-30","passed","2026-09-30","","cta/generated.cta.spec.js","",""
"","7417","markets page | tradingInstrument | alertBtn","chromium-CySEC-de-at-unauthorised","2026-09-30","passed","2026-09-30","","cta/generated.cta.spec.js","",""
"","7205","cryptocurrencies page | tradingInstrument | readyToJoinSignUpBtn","chromium-CySEC-nl-nl-unregistered","2026-09-30","passed","2026-09-30","","cta/generated.cta.spec.js","",""
"","7528","shares page | tradingInstrument | readyToJoinSignUpBtn","chromium-SCB-fr-unauthorised","2026-09-30","passed","2026-09-30","","cta/generated.cta.spec.js","",""
"","8351","indices page | tradingInstrument | viewDetailedChartBtn","chromium-CySEC-de-de-unauthorised","2026-09-30","passed","2026-09-30","","cta/generated.cta.spec.js","",""
"","9063","interestRates page | tradingInstrument | tradedBtn","chromium-CySEC-nl-nl-unregistered","2026-09-30","passed","2026-09-30","","cta/generated.cta.spec.js","",""
"","5323","bonds page | tradingInstrument | tradedBtn","chromium-SCB-zh-hans-unregistered","2026-09-30","passed","2026-09-30","","cta/generated.cta.spec.js","",""
"","7396","interestRates page | tradingInstrument | buyBtn","chromium-CySEC-nl-nl-unregistered","2026-09-30","passed","2026-09-30","","cta/generated.cta.spec.js","",""
"","7383","forex page | tradingInstrument | shortPositionGoToPlatformBtn","chromium-CySEC-de-de-unregistered","2026-09-30","passed","2026-09-30","","cta/generated.cta.spec.js","",""
"","6708","marketPricing page | readyToJoinBlock | signupBtn","chromium-CySEC-de-at-unauthorised","2026-09-30","passed","2026-09-30","","cta/generated.cta.spec.js","",""
"","7658","cryptocurrencies page | tradingInstrument | buyBtn","chromium-SCB-zh-hant-unauthorised","2026-09-30","passed","2026-09-30","","cta/generated.cta.spec.js","",""
"","10058","indices page | tradingInstrument | tradedBtn","chromium-CySEC-en-eu-unauthorised","2026-09-30","passed","2026-09-30","","cta/generated.cta.spec.js","",""
"","7936","interestRates page | tradingInstrument | addToFavouriteBtn","chromium-CySEC-ro-ro-unregistered","2026-09-30","passed","2026-09-30","","cta/generated.cta.spec.js","",""
"","6883","markets page | tradingInstrument | alertBtn","chromium-CMA-en-unauthorised","2026-09-30","passed","2026-09-30","","cta/generated.cta.spec.js","",""
"","7518","markets page | tradingInstrument | shortPositionGoToPlatformBtn","chromium-CySEC-el-gr-unregistered","2026-09-30","passed","2026-09-30","","cta/generated.cta.spec.js","",""
"","9092","bonds page | tradingInstrument | tradedBtn","chromium-CySEC-de-at-unauthorised","2026-09-30","passed","2026-09-30","","cta/generated.cta.spec.js","",""
"","7459","cryptocurrencies page | tradingInstrument | viewDetailedChartBtn","chromium-CySEC-hu-hu-unauthorised","2026-09-30","passed","2026-09-30","","cta/generated.cta.spec.js","",""
"","8013","markets page | tradingInstrument | buyBtn","chromium-CySEC-ro-ro-unauthorised","2026-09-30","passed","2026-09-30","","cta/generated.cta.spec.js","",""
"","7658","bonds page | tradingInstrument | sellBtn","chromium-SCB-ru-unauthorised","2026-09-30","passed","2026-09-30","","cta/generated.cta.spec.js","",""
"","7871","commodities page | tradingInstrument | sellBtn","chromium-CySEC-pl-pl-unauthorised","2026-09-30","passed","2026-09-30","","cta/generated.cta.spec.js","",""
"","8774","commodities page | tradingInstrument | tradedBtn","chromium-CMA-en-unauthorised","2026-09-30","passed","2026-09-30","","cta/generated.cta.spec.js","",""
"","8231","indices page | tradingInstrument | alertBtn","chromium-CySEC-el-gr-unauthorised","2026-09-30","passed","2026-09-30","","cta/generated.cta.spec.js","",""
"","8061","cryptocurrencies page | tradingInstrument | sellBtn","chromium-SCB-fr-unauthorised","2026-09-30","passed","2026-09-30","","cta/generated.cta.spec.js","",""
"","7512","bonds page | tradingInstrument | buyBtn","chromium-SCB-ru-unauthorised","2026-09-30","passed","2026-09-30","","cta/generated.cta.spec.js","",""
"","3330","shares page | tradingInstrument | sellBtn","chromium-SCB-zh-hans-unregistered","2026-09-30","passed","2026-09-30","","cta/generated.cta.spec.js","",""
"","8142","markets page | tradingInstrument | alertBtn","chromium-SCB-ar-unauthorised","2026-09-30","passed","2026-09-30","","cta/generated.cta.spec.js","",""
"","9385","markets page | tradingInstrument | tradedBtn","chromium-SCB-mn-unauthorised","2026-09-30","passed","2026-09-30","","cta/generated.cta.spec.js","",""
"","7491","shares page | tradingInstrument | longPositionGoToPlatformBtn","chromium-SCB-zh-hant-unregistered","2026-09-30","passed","2026-09-30","","cta/generated.cta.spec.js","",""
"","12029","forex page | tradingInstrument | tradedBtn","chromium-SCB-zh-hant-unregistered","2026-09-30","failed","2026-09-30","","cta/generated.cta.spec.js","",""
"","8143","forex page | tradingInstrument | buyBtn","chromium-CySEC-de-de-unauthorised","2026-09-30","passed","2026-09-30","","cta/generated.cta.spec.js","",""
"","7356","interestRates page | heroBanner | signupBtn","chromium-CySEC-it-it-unauthorised","2026-09-30","passed","2026-09-30","","cta/generated.cta.spec.js","",""
"","49","financeNews page | mostTradedMarketsBlock | tradedBtn","chromium-SCB-de-unauthorised","2026-09-30","skipped","2026-09-30","","cta/generated.cta.spec.js","",""
"","7082","marketAnalysis page | readyToJoinBlock | signupBtn","chromium-SCB-en-unauthorised","2026-09-30","passed","2026-09-30","","cta/generated.cta.spec.js","",""
"","7724","forex page | tradingInstrument | longPositionGoToPlatformBtn","chromium-CySEC-en-eu-unauthorised","2026-09-30","passed","2026-09-30","","cta/generated.cta.spec.js","",""
"","7748","shares page | tradingInstrument | longPositionGoToPlatformBtn","chromium-CySEC-el-gr-unauthorised","2026-09-30","passed","2026-09-30","","cta/generated.cta.spec.js","",""
"","7394","bonds page | tradingInstrument | buyBtn","chromium-SCB-de-unregistered","2026-09-30","passed","2026-09-30","","cta/generated.cta.spec.js","",""
"","7410","indices page | tradingInstrument | longPositionGoToPlatformBtn","chromium-SCB-vi-unregistered","2026-09-30","passed","2026-09-30","","cta/generated.cta.spec.js","",""
"","7618","bonds page | tradingInstrument | shortPositionGoToPlatformBtn","chromium-CySEC-fr-fr-unauthorised","2026-09-30","passed","2026-09-30","","cta/generated.cta.spec.js","",""
"","7611","bonds page | tradingInstrument | longPositionGoToPlatformBtn","chromium-SCB-ru-unauthorised","2026-09-30","passed","2026-09-30","","cta/generated.cta.spec.js","",""
"","7254","bonds page | tradingInstrument | sellBtn","chromium-FCA-en-unregistered","2026-09-30","passed","2026-09-30","","cta/generated.cta.spec.js","",""
"","7707","marketAnalysis page | mostTradedMarketsBlock | tradedBtn","chromium-CySEC-el-gr-unregistered","2026-09-30","passed","2026-09-30","","cta/generated.cta.spec.js","",""
"","7887","shares page | tradingInstrument | shortPositionGoToPlatformBtn","chromium-SCB-de-unauthorised","2026-09-30","passed","2026-09-30","","cta/generated.cta.spec.js","",""
"","6194","shares page | heroBanner | signupBtn","chromium-CMA-en-unauthorised","2026-09-30","passed","2026-09-30","","cta/generated.cta.spec.js","",""
"","7075","marketAnalysis page | mostTradedMarketsBlock | tradedBtn","chromium-CySEC-nl-nl-unregistered","2026-09-30","passed","2026-09-30","","cta/generated.cta.spec.js","",""
"","7200","forex page | tradingInstrument | alertBtn","chromium-CySEC-en-eu-unregistered","2026-09-30","passed","2026-09-30","","cta/generated.cta.spec.js","",""
"","7190","interestRates page | tradingInstrument | viewDetailedChartBtn","chromium-CySEC-en-eu-unregistered","2026-09-30","passed","2026-09-30","","cta/generated.cta.spec.js","",""
"","7458","commodities page | tradingInstrument | shortPositionGoToPlatformBtn","chromium-CySEC-ro-ro-unregistered","2026-09-30","passed","2026-09-30","","cta/generated.cta.spec.js","",""
"","7297","markets page | tradingInstrument | viewDetailedChartBtn","chromium-SCB-de-unregistered","2026-09-30","passed","2026-09-30","","cta/generated.cta.spec.js","",""
"","9362","markets page | tradingInstrument | tradedBtn","chromium-SCB-en-unauthorised","2026-09-30","passed","2026-09-30","","cta/generated.cta.spec.js","",""
"","7361","indices page | tradingInstrument | buyBtn","chromium-SCB-en-unregistered","2026-09-30","passed","2026-09-30","","cta/generated.cta.spec.js","",""
"","7974","cryptocurrencies page | tradingInstrument | sellBtn","chromium-CySEC-hu-hu-unauthorised","2026-09-30","passed","2026-09-30","","cta/generated.cta.spec.js","",""
"","8036","bonds page | tradingInstrument | buyBtn","chromium-CySEC-nl-nl-unauthorised","2026-09-30","passed","2026-09-30","","cta/generated.cta.spec.js","",""
"","7454","cryptocurrencies page | tradingInstrument | buyBtn","chromium-CySEC-en-eu-unregistered","2026-09-30","passed","2026-09-30","","cta/generated.cta.spec.js","",""
"","7698","markets page | tradingInstrument | longPositionGoToPlatformBtn","chromium-SCB-vi-unauthorised","2026-09-30","passed","2026-09-30","","cta/generated.cta.spec.js","",""
"","12326","markets page | tradingInstrument | tradedBtn","chromium-SCB-ar-unauthorised","2026-09-30","failed","2026-09-30","","cta/generated.cta.spec.js","",""
"","6979","commodities page | tradingInstrument | longPositionGoToPlatformBtn","chromium-CMA-en-unauthorised","2026-09-30","passed","2026-09-30","","cta/generated.cta.spec.js","",""
"","9386","cryptocurrencies page | tradingInstrument | tradedBtn","chromium-CySEC-el-gr-unregistered","2026-09-30","passed","2026-09-30","","cta/generated.cta.spec.js","",""
"","7225","shares page | tradingInstrument | viewDetailedChartBtn","chromium-CySEC-nl-nl-unregistered","2026-09-30","passed","2026-09-30","","cta/generated.cta.spec.js","",""
"","7785","cryptocurrencies page | tradingInstrument | sellBtn","chromium-SCB-ar-unauthorised","2026-09-30","passed","2026-09-30","","cta/generated.cta.spec.js","",""
"","7555","forex page | tradingInstrument | viewDetailedChartBtn","chromium-SCB-ar-unauthorised","2026-09-30","passed","2026-09-30","","cta/generated.cta.spec.js","",""
"","7460","indices page | tradingInstrument | longPositionGoToPlatformBtn","chromium-CySEC-el-gr-unregistered","2026-09-30","passed","2026-09-30","","cta/generated.cta.spec.js","",""
"","7353","indices page | tradingInstrument | longPositionGoToPlatformBtn","chromium-SCB-en-unauthorised","2026-09-30","passed","2026-09-30","","cta/generated.cta.spec.js","",""
"","7425","cryptocurrencies page | tradingInstrument | addToFavouriteBtn","chromium-SCB-es-unregistered","2026-09-30","passed","2026-09-30","","cta/generated.cta.spec.js","",""
"","6856","indices page | tradingInstrument | longPositionGoToPlatformBtn","chromium-FCA-en-unauthorised","2026-09-30","passed","2026-09-30","","cta/generated.cta.spec.js","",""
"","7156","marketAnalysis page | mostTradedMarketsBlock | tradedBtn","chromium-CySEC-de-at-unregistered","2026-09-30","passed","2026-09-30","","cta/generated.cta.spec.js","",""
"","7516","cryptocurrencies page | tradingInstrument | viewDetailedChartBtn","chromium-SCB-mn-unauthorised","2026-09-30","passed","2026-09-30","","cta/generated.cta.spec.js","",""
"","7409","commodities page | tradingInstrument | shortPositionGoToPlatformBtn","chromium-CySEC-it-it-unregistered","2026-09-30","passed","2026-09-30","","cta/generated.cta.spec.js","",""
"","7606","markets page | tradingInstrument | buyBtn","chromium-SCB-de-unauthorised","2026-09-30","passed","2026-09-30","","cta/generated.cta.spec.js","",""
"","8389","cryptocurrencies page | tradingInstrument | viewDetailedChartBtn","chromium-CySEC-nl-nl-unauthorised","2026-09-30","passed","2026-09-30","","cta/generated.cta.spec.js","",""
"","8085","forex page | tradingInstrument | addToFavouriteBtn","chromium-CySEC-fr-fr-unregistered","2026-09-30","passed","2026-09-30","","cta/generated.cta.spec.js","",""
"","7237","markets page | tradingInstrument | viewDetailedChartBtn","chromium-SCB-fr-unregistered","2026-09-30","passed","2026-09-30","","cta/generated.cta.spec.js","",""
"","7299","interestRates page | tradingInstrument | shortPositionGoToPlatformBtn","chromium-SCB-ar-unregistered","2026-09-30","passed","2026-09-30","","cta/generated.cta.spec.js","",""
"","7151","indices page | tradingInstrument | alertBtn","chromium-CySEC-de-de-unregistered","2026-09-30","passed","2026-09-30","","cta/generated.cta.spec.js","",""
"","7284","interestRates page | tradingInstrument | sellBtn","chromium-ASIC-en-unregistered","2026-09-30","passed","2026-09-30","","cta/generated.cta.spec.js","",""
"","7318","bonds page | tradingInstrument | addToFavouriteBtn","chromium-CySEC-de-de-unregistered","2026-09-30","passed","2026-09-30","","cta/generated.cta.spec.js","",""
"","7118","bonds page | tradingInstrument | alertBtn","chromium-CySEC-en-eu-unregistered","2026-09-30","passed","2026-09-30","","cta/generated.cta.spec.js","",""
"","7137","interestRates page | tradingInstrument | viewDetailedChartBtn","chromium-CySEC-fr-fr-unregistered","2026-09-30","passed","2026-09-30","","cta/generated.cta.spec.js","",""
"","7097","bonds page | heroBanner | signupBtn","chromium-ASIC-en-unregistered","2026-09-30","passed","2026-09-30","","cta/generated.cta.spec.js","",""
"","7525","interestRates page | tradingInstrument | addToFavouriteBtn","chromium-CySEC-en-eu-unauthorised","2026-09-30","passed","2026-09-30","","cta/generated.cta.spec.js","",""
"","7699","indices page | tradingInstrument | buyBtn","chromium-CySEC-de-de-unregistered","2026-09-30","passed","2026-09-30","","cta/generated.cta.spec.js","",""
"","7211","indices page | heroBanner | signupBtn","chromium-SCB-es-unauthorised","2026-09-30","passed","2026-09-30","","cta/generated.cta.spec.js","",""
"","7401","commodities page | tradingInstrument | buyBtn","chromium-ASIC-en-unauthorised","2026-09-30","passed","2026-09-30","","cta/generated.cta.spec.js","",""
"","7595","shares page | tradingInstrument | longPositionGoToPlatformBtn","chromium-SCB-zh-hant-unauthorised","2026-09-30","passed","2026-09-30","","cta/generated.cta.spec.js","",""
"","6906","commodities page | heroBanner | signupBtn","chromium-SCB-en-unregistered","2026-09-30","passed","2026-09-30","","cta/generated.cta.spec.js","",""
"","7713","markets page | tradingInstrument | sellBtn","chromium-ASIC-en-unauthorised","2026-09-30","passed","2026-09-30","","cta/generated.cta.spec.js","",""
"","6777","marketAnalysis page | mostTradedMarketsBlock | tradedBtn","chromium-CySEC-hu-hu-unregistered","2026-09-30","passed","2026-09-30","","cta/generated.cta.spec.js","",""
"","7166","cryptocurrencies page | heroBanner | signupBtn","chromium-CySEC-ro-ro-unregistered","2026-09-30","passed","2026-09-30","","cta/generated.cta.spec.js","",""
"","7155","forex page | tradingInstrument | sellBtn","chromium-CMA-ar-unregistered","2026-09-30","passed","2026-09-30","","cta/generated.cta.spec.js","",""
"","8756","interestRates page | tradingInstrument | longPositionGoToPlatformBtn","chromium-CySEC-fr-fr-unauthorised","2026-09-30","passed","2026-09-30","","cta/generated.cta.spec.js","",""
"","7612","forex page | tradingInstrument | buyBtn","chromium-CySEC-el-gr-unauthorised","2026-09-30","passed","2026-09-30","","cta/generated.cta.spec.js","",""
"","6890","cryptocurrencies page | tradingInstrument | alertBtn","chromium-CMA-ar-unregistered","2026-09-30","passed","2026-09-30","","cta/generated.cta.spec.js","",""
"","7458","interestRates page | tradingInstrument | sellBtn","chromium-SCB-ru-unauthorised","2026-09-30","passed","2026-09-30","","cta/generated.cta.spec.js","",""
"","7469","bonds page | tradingInstrument | alertBtn","chromium-CySEC-de-de-unauthorised","2026-09-30","passed","2026-09-30","","cta/generated.cta.spec.js","",""
"","8464","forex page | tradingInstrument | buyBtn","chromium-CySEC-nl-nl-unauthorised","2026-09-30","passed","2026-09-30","","cta/generated.cta.spec.js","",""
"","6869","cryptocurrencies page | tradingInstrument | alertBtn","chromium-CMA-en-unauthorised","2026-09-30","passed","2026-09-30","","cta/generated.cta.spec.js","",""
"","6132","interestRates page | heroBanner | signupBtn","chromium-FCA-en-unauthorised","2026-09-30","passed","2026-09-30","","cta/generated.cta.spec.js","",""
"","7193","markets page | tradingInstrument | readyToJoinSignUpBtn","chromium-SCB-mn-unregistered","2026-09-30","passed","2026-09-30","","cta/generated.cta.spec.js","",""
"","8979","markets page | tradingInstrument | longPositionGoToPlatformBtn","chromium-SCB-de-unauthorised","2026-09-30","passed","2026-09-30","","cta/generated.cta.spec.js","",""
"","7438","bonds page | tradingInstrument | shortPositionGoToPlatformBtn","chromium-SCB-en-unregistered","2026-09-30","passed","2026-09-30","","cta/generated.cta.spec.js","",""
"","7506","shares page | tradingInstrument | readyToJoinSignUpBtn","chromium-CySEC-pl-pl-unauthorised","2026-09-30","passed","2026-09-30","","cta/generated.cta.spec.js","",""
"","7498","markets page | tradingInstrument | shortPositionGoToPlatformBtn","chromium-CySEC-hu-hu-unregistered","2026-09-30","passed","2026-09-30","","cta/generated.cta.spec.js","",""
"","7103","bonds page | tradingInstrument | alertBtn","chromium-SCB-zh-hant-unregistered","2026-09-30","passed","2026-09-30","","cta/generated.cta.spec.js","",""
"","7129","bonds page | tradingInstrument | viewDetailedChartBtn","chromium-ASIC-en-unauthorised","2026-09-30","passed","2026-09-30","","cta/generated.cta.spec.js","",""
"","6316","bonds page | heroBanner | signupBtn","chromium-CMA-ar-unauthorised","2026-09-30","passed","2026-09-30","","cta/generated.cta.spec.js","",""
"","7315","bonds page | tradingInstrument | longPositionGoToPlatformBtn","chromium-CySEC-pl-pl-unregistered","2026-09-30","passed","2026-09-30","","cta/generated.cta.spec.js","",""
"","9231","shares page | tradingInstrument | tradedBtn","chromium-CySEC-de-at-unauthorised","2026-09-30","passed","2026-09-30","","cta/generated.cta.spec.js","",""
"","7711","cryptocurrencies page | tradingInstrument | addToFavouriteBtn","chromium-CySEC-hu-hu-unauthorised","2026-09-30","passed","2026-09-30","","cta/generated.cta.spec.js","",""
"","7480","forex page | tradingInstrument | sellBtn","chromium-CySEC-en-eu-unregistered","2026-09-30","passed","2026-09-30","","cta/generated.cta.spec.js","",""
"","7691","commodities page | tradingInstrument | buyBtn","chromium-CySEC-en-eu-unregistered","2026-09-30","passed","2026-09-30","","cta/generated.cta.spec.js","",""
"","7445","commodities page | tradingInstrument | shortPositionGoToPlatformBtn","chromium-CySEC-hu-hu-unregistered","2026-09-30","passed","2026-09-30","","cta/generated.cta.spec.js","",""
"","7340","commodities page | tradingInstrument | readyToJoinSignUpBtn","chromium-SCB-en-unregistered","2026-09-30","passed","2026-09-30","","cta/generated.cta.spec.js","",""
"","7375","commodities page | tradingInstrument | sellBtn","chromium-CySEC-fr-fr-unregistered","2026-09-30","passed","2026-09-30","","cta/generated.cta.spec.js","",""
"","7326","forex page | tradingInstrument | alertBtn","chromium-CySEC-de-at-unregistered","2026-09-30","passed","2026-09-30","","cta/generated.cta.spec.js","",""
"","7347","indices page | tradingInstrument | viewDetailedChartBtn","chromium-CySEC-de-at-unregistered","2026-09-30","passed","2026-09-30","","cta/generated.cta.spec.js","",""
"","9783","cryptocurrencies page | tradingInstrument | tradedBtn","chromium-CySEC-en-eu-unauthorised","2026-09-30","passed","2026-09-30","","cta/generated.cta.spec.js","",""
"","6905","shares page | tradingInstrument | longPositionGoToPlatformBtn","chromium-CMA-ar-unauthorised","2026-09-30","passed","2026-09-30","","cta/generated.cta.spec.js","",""
"","7442","bonds page | tradingInstrument | addToFavouriteBtn","chromium-SCB-es-unauthorised","2026-09-30","passed","2026-09-30","","cta/generated.cta.spec.js","",""
"","7756","cryptocurrencies page | tradingInstrument | longPositionGoToPlatformBtn","chromium-CySEC-fr-fr-unauthorised","2026-09-30","passed","2026-09-30","","cta/generated.cta.spec.js","",""
"","6927","forex page | tradingInstrument | addToFavouriteBtn","chromium-FCA-en-unregistered","2026-09-30","passed","2026-09-30","","cta/generated.cta.spec.js","",""
"","8097","interestRates page | tradingInstrument | longPositionGoToPlatformBtn","chromium-CySEC-de-de-unauthorised","2026-09-30","passed","2026-09-30","","cta/generated.cta.spec.js","",""
"","7224","interestRates page | tradingInstrument | viewDetailedChartBtn","chromium-SCB-de-unregistered","2026-09-30","passed","2026-09-30","","cta/generated.cta.spec.js","",""
"","7216","forex page | heroBanner | signupBtn","chromium-CySEC-it-it-unauthorised","2026-09-30","passed","2026-09-30","","cta/generated.cta.spec.js","",""
"","8460","shares page | tradingInstrument | longPositionGoToPlatformBtn","chromium-CySEC-it-it-unauthorised","2026-09-30","passed","2026-09-30","","cta/generated.cta.spec.js","",""
"","7158","indices page | heroBanner | signupBtn","chromium-SCB-es-unregistered","2026-09-30","passed","2026-09-30","","cta/generated.cta.spec.js","",""
"","7218","commodities page | tradingInstrument | alertBtn","chromium-ASIC-en-unauthorised","2026-09-30","passed","2026-09-30","","cta/generated.cta.spec.js","",""
"","4696","forex page | tradingInstrument | addToFavouriteBtn","chromium-SCB-zh-hans-unregistered","2026-09-30","passed","2026-09-30","","cta/generated.cta.spec.js","",""
"","7666","cryptocurrencies page | tradingInstrument | sellBtn","chromium-SCB-vi-unauthorised","2026-09-30","passed","2026-09-30","","cta/generated.cta.spec.js","",""
"","7392","cryptocurrencies page | tradingInstrument | viewDetailedChartBtn","chromium-SCB-ru-unregistered","2026-09-30","passed","2026-09-30","","cta/generated.cta.spec.js","",""
"","5279","forex page | tradingInstrument | buyBtn","chromium-SCB-zh-hans-unauthorised","2026-09-30","passed","2026-09-30","","cta/generated.cta.spec.js","",""
"","9211","cryptocurrencies page | tradingInstrument | tradedBtn","chromium-SCB-en-unauthorised","2026-09-30","passed","2026-09-30","","cta/generated.cta.spec.js","",""
"","2965","interestRates page | tradingInstrument | alertBtn","chromium-SCB-zh-hans-unregistered","2026-09-30","passed","2026-09-30","","cta/generated.cta.spec.js","",""
"","3303","commodities page | heroBanner | signupBtn","chromium-SCB-zh-hans-unregistered","2026-09-30","passed","2026-09-30","","cta/generated.cta.spec.js","",""
"","5211","forex page | tradingInstrument | alertBtn","chromium-SCB-zh-hans-unauthorised","2026-09-30","passed","2026-09-30","","cta/generated.cta.spec.js","",""
"","7213","commodities page | tradingInstrument | alertBtn","chromium-ASIC-en-unregistered","2026-09-30","passed","2026-09-30","","cta/generated.cta.spec.js","",""
"","7349","shares page | tradingInstrument | viewDetailedChartBtn","chromium-CySEC-el-gr-unregistered","2026-09-30","passed","2026-09-30","","cta/generated.cta.spec.js","",""
"","7035","cryptocurrencies page | tradingInstrument | longPositionGoToPlatformBtn","chromium-CMA-en-unregistered","2026-09-30","passed","2026-09-30","","cta/generated.cta.spec.js","",""
"","7204","bonds page | tradingInstrument | viewDetailedChartBtn","chromium-CySEC-hu-hu-unregistered","2026-09-30","passed","2026-09-30","","cta/generated.cta.spec.js","",""
"","7583","forex page | tradingInstrument | longPositionGoToPlatformBtn","chromium-SCB-en-unregistered","2026-09-30","passed","2026-09-30","","cta/generated.cta.spec.js","",""
"","7364","indices page | tradingInstrument | alertBtn","chromium-SCB-vi-unauthorised","2026-09-30","passed","2026-09-30","","cta/generated.cta.spec.js","",""
"","7546","indices page | tradingInstrument | addToFavouriteBtn","chromium-SCB-zh-hant-unauthorised","2026-09-30","passed","2026-09-30","","cta/generated.cta.spec.js","",""
"","8490","forex page | tradingInstrument | sellBtn","chromium-CySEC-it-it-unauthorised","2026-09-30","passed","2026-09-30","","cta/generated.cta.spec.js","",""
"","7215","commodities page | tradingInstrument | viewDetailedChartBtn","chromium-SCB-es-unregistered","2026-09-30","passed","2026-09-30","","cta/generated.cta.spec.js","",""
"","8528","forex page | tradingInstrument | sellBtn","chromium-CySEC-en-eu-unauthorised","2026-09-30","passed","2026-09-30","","cta/generated.cta.spec.js","",""
"","7594","bonds page | heroBanner | signupBtn","chromium-CySEC-pl-pl-unregistered","2026-09-30","passed","2026-09-30","","cta/generated.cta.spec.js","",""
"","7035","indices page | tradingInstrument | sellBtn","chromium-FCA-en-unregistered","2026-09-30","passed","2026-09-30","","cta/generated.cta.spec.js","",""
"","7834","cryptocurrencies page | tradingInstrument | viewDetailedChartBtn","chromium-CySEC-en-eu-unauthorised","2026-09-30","passed","2026-09-30","","cta/generated.cta.spec.js","",""
"","7906","markets page | tradingInstrument | addToFavouriteBtn","chromium-CySEC-fr-fr-unregistered","2026-09-30","passed","2026-09-30","","cta/generated.cta.spec.js","",""
"","7342","forex page | tradingInstrument | readyToJoinSignUpBtn","chromium-SCB-fr-unregistered","2026-09-30","passed","2026-09-30","","cta/generated.cta.spec.js","",""
"","7494","indices page | tradingInstrument | sellBtn","chromium-CySEC-hu-hu-unregistered","2026-09-30","passed","2026-09-30","","cta/generated.cta.spec.js","",""
"","7730","indices page | tradingInstrument | viewDetailedChartBtn","chromium-SCB-de-unregistered","2026-09-30","passed","2026-09-30","","cta/generated.cta.spec.js","",""
"","2728","interestRates page | heroBanner | signupBtn","chromium-SCB-zh-hans-unauthorised","2026-09-30","passed","2026-09-30","","cta/generated.cta.spec.js","",""
"","6980","markets page | heroBanner | signupBtn","chromium-ASIC-en-unauthorised","2026-09-30","passed","2026-09-30","","cta/generated.cta.spec.js","",""
"","8174","bonds page | tradingInstrument | shortPositionGoToPlatformBtn","chromium-SCB-mn-unauthorised","2026-09-30","passed","2026-09-30","","cta/generated.cta.spec.js","",""
"","7799","markets page | tradingInstrument | buyBtn","chromium-SCB-vi-unauthorised","2026-09-30","passed","2026-09-30","","cta/generated.cta.spec.js","",""
"","7327","interestRates page | tradingInstrument | longPositionGoToPlatformBtn","chromium-CySEC-it-it-unregistered","2026-09-30","passed","2026-09-30","","cta/generated.cta.spec.js","",""
"","7069","forex page | heroBanner | signupBtn","chromium-SCB-de-unauthorised","2026-09-30","passed","2026-09-30","","cta/generated.cta.spec.js","",""
"","7288","bonds page | tradingInstrument | shortPositionGoToPlatformBtn","chromium-CySEC-ro-ro-unregistered","2026-09-30","passed","2026-09-30","","cta/generated.cta.spec.js","",""
"","7704","shares page | tradingInstrument | longPositionGoToPlatformBtn","chromium-SCB-mn-unauthorised","2026-09-30","passed","2026-09-30","","cta/generated.cta.spec.js","",""
"","7515","bonds page | tradingInstrument | viewDetailedChartBtn","chromium-CySEC-it-it-unauthorised","2026-09-30","passed","2026-09-30","","cta/generated.cta.spec.js","",""
"","6909","markets page | tradingInstrument | longPositionGoToPlatformBtn","chromium-FCA-en-unregistered","2026-09-30","passed","2026-09-30","","cta/generated.cta.spec.js","",""
"","6781","cryptocurrencies page | heroBanner | signupBtn","chromium-CySEC-de-at-unauthorised","2026-09-30","passed","2026-09-30","","cta/generated.cta.spec.js","",""
"","9795","indices page | tradingInstrument | tradedBtn","chromium-CySEC-hu-hu-unauthorised","2026-09-30","passed","2026-09-30","","cta/generated.cta.spec.js","",""
"","7907","markets page | tradingInstrument | shortPositionGoToPlatformBtn","chromium-CySEC-pl-pl-unauthorised","2026-09-30","passed","2026-09-30","","cta/generated.cta.spec.js","",""
"","7125","commodities page | tradingInstrument | readyToJoinSignUpBtn","chromium-CySEC-nl-nl-unregistered","2026-09-30","passed","2026-09-30","","cta/generated.cta.spec.js","",""
"","6913","bonds page | tradingInstrument | longPositionGoToPlatformBtn","chromium-CMA-ar-unregistered","2026-09-30","passed","2026-09-30","","cta/generated.cta.spec.js","",""
"","8056","shares page | tradingInstrument | buyBtn","chromium-SCB-es-unauthorised","2026-09-30","passed","2026-09-30","","cta/generated.cta.spec.js","",""
"","8054","markets page | tradingInstrument | addToFavouriteBtn","chromium-CySEC-en-eu-unregistered","2026-09-30","passed","2026-09-30","","cta/generated.cta.spec.js","",""
"","7228","bonds page | tradingInstrument | viewDetailedChartBtn","chromium-SCB-ar-unregistered","2026-09-30","passed","2026-09-30","","cta/generated.cta.spec.js","",""
"","7616","indices page | tradingInstrument | alertBtn","chromium-CySEC-nl-nl-unauthorised","2026-09-30","passed","2026-09-30","","cta/generated.cta.spec.js","",""
"","7426","forex page | tradingInstrument | shortPositionGoToPlatformBtn","chromium-CySEC-de-at-unregistered","2026-09-30","passed","2026-09-30","","cta/generated.cta.spec.js","",""
"","7601","interestRates page | tradingInstrument | longPositionGoToPlatformBtn","chromium-CySEC-nl-nl-unauthorised","2026-09-30","passed","2026-09-30","","cta/generated.cta.spec.js","",""
"","9624","shares page | tradingInstrument | tradedBtn","chromium-CySEC-en-eu-unauthorised","2026-09-30","passed","2026-09-30","","cta/generated.cta.spec.js","",""
"","7838","shares page | tradingInstrument | alertBtn","chromium-CySEC-hu-hu-unauthorised","2026-09-30","passed","2026-09-30","","cta/generated.cta.spec.js","",""
"","8530","commodities page | tradingInstrument | longPositionGoToPlatformBtn","chromium-SCB-ar-unauthorised","2026-09-30","passed","2026-09-30","","cta/generated.cta.spec.js","",""
"","7005","bonds page | tradingInstrument | alertBtn","chromium-CySEC-fr-fr-unregistered","2026-09-30","passed","2026-09-30","","cta/generated.cta.spec.js","",""
"","7511","markets page | tradingInstrument | shortPositionGoToPlatformBtn","chromium-SCB-zh-hant-unregistered","2026-09-30","passed","2026-09-30","","cta/generated.cta.spec.js","",""
"","6410","commodities page | heroBanner | signupBtn","chromium-CMA-ar-unauthorised","2026-09-30","passed","2026-09-30","","cta/generated.cta.spec.js","",""
"","6962","forex page | tradingInstrument | longPositionGoToPlatformBtn","chromium-FCA-en-unauthorised","2026-09-30","passed","2026-09-30","","cta/generated.cta.spec.js","",""
"","7509","bonds page | tradingInstrument | alertBtn","chromium-CySEC-pl-pl-unauthorised","2026-09-30","passed","2026-09-30","","cta/generated.cta.spec.js","",""
"","7062","cryptocurrencies page | heroBanner | signupBtn","chromium-SCB-zh-hant-unauthorised","2026-09-30","passed","2026-09-30","","cta/generated.cta.spec.js","",""
"","13023","indices page | tradingInstrument | tradedBtn","chromium-SCB-ar-unauthorised","2026-09-30","failed","2026-09-30","","cta/generated.cta.spec.js","",""
"","7271","commodities page | tradingInstrument | viewDetailedChartBtn","chromium-CySEC-el-gr-unregistered","2026-09-30","passed","2026-09-30","","cta/generated.cta.spec.js","",""
"","7291","interestRates page | tradingInstrument | longPositionGoToPlatformBtn","chromium-CySEC-en-eu-unregistered","2026-09-30","passed","2026-09-30","","cta/generated.cta.spec.js","",""
"","7510","shares page | tradingInstrument | shortPositionGoToPlatformBtn","chromium-CySEC-de-at-unregistered","2026-09-30","passed","2026-09-30","","cta/generated.cta.spec.js","",""
"","7360","bonds page | tradingInstrument | shortPositionGoToPlatformBtn","chromium-SCB-ar-unregistered","2026-09-30","passed","2026-09-30","","cta/generated.cta.spec.js","",""
"","9424","commodities page | tradingInstrument | tradedBtn","chromium-CySEC-de-at-unauthorised","2026-09-30","passed","2026-09-30","","cta/generated.cta.spec.js","",""
"","7966","shares page | tradingInstrument | viewDetailedChartBtn","chromium-SCB-mn-unauthorised","2026-09-30","passed","2026-09-30","","cta/generated.cta.spec.js","",""
"","7094","interestRates page | tradingInstrument | shortPositionGoToPlatformBtn","chromium-CySEC-fr-fr-unregistered","2026-09-30","passed","2026-09-30","","cta/generated.cta.spec.js","",""
"","7931","commodities page | tradingInstrument | shortPositionGoToPlatformBtn","chromium-CySEC-en-eu-unauthorised","2026-09-30","passed","2026-09-30","","cta/generated.cta.spec.js","",""
"","7752","bonds page | tradingInstrument | viewDetailedChartBtn","chromium-CySEC-fr-fr-unauthorised","2026-09-30","passed","2026-09-30","","cta/generated.cta.spec.js","",""
"","9271","commodities page | tradingInstrument | tradedBtn","chromium-SCB-es-unregistered","2026-09-30","passed","2026-09-30","","cta/generated.cta.spec.js","",""
"","7202","commodities page | tradingInstrument | viewDetailedChartBtn","chromium-CySEC-nl-nl-unregistered","2026-09-30","passed","2026-09-30","","cta/generated.cta.spec.js","",""
"","7718","cryptocurrencies page | tradingInstrument | longPositionGoToPlatformBtn","chromium-SCB-ru-unauthorised","2026-09-30","passed","2026-09-30","","cta/generated.cta.spec.js","",""
"","7458","forex page | tradingInstrument | longPositionGoToPlatformBtn","chromium-SCB-ru-unregistered","2026-09-30","passed","2026-09-30","","cta/generated.cta.spec.js","",""
"","8155","bonds page | tradingInstrument | buyBtn","chromium-SCB-en-unauthorised","2026-09-30","passed","2026-09-30","","cta/generated.cta.spec.js","",""
"","7625","commodities page | tradingInstrument | longPositionGoToPlatformBtn","chromium-SCB-zh-hant-unregistered","2026-09-30","passed","2026-09-30","","cta/generated.cta.spec.js","",""
"","7306","bonds page | tradingInstrument | shortPositionGoToPlatformBtn","chromium-CySEC-en-eu-unregistered","2026-09-30","passed","2026-09-30","","cta/generated.cta.spec.js","",""
"","7622","bonds page | tradingInstrument | buyBtn","chromium-SCB-fr-unauthorised","2026-09-30","passed","2026-09-30","","cta/generated.cta.spec.js","",""
"","7184","indices page | tradingInstrument | viewDetailedChartBtn","chromium-SCB-mn-unregistered","2026-09-30","passed","2026-09-30","","cta/generated.cta.spec.js","",""
"","9544","indices page | tradingInstrument | tradedBtn","chromium-SCB-zh-hant-unauthorised","2026-09-30","passed","2026-09-30","","cta/generated.cta.spec.js","",""
"","7387","indices page | tradingInstrument | longPositionGoToPlatformBtn","chromium-CySEC-ro-ro-unregistered","2026-09-30","passed","2026-09-30","","cta/generated.cta.spec.js","",""
"","6669","interestRates page | tradingInstrument | readyToJoinSignUpBtn","chromium-FCA-en-unauthorised","2026-09-30","passed","2026-09-30","","cta/generated.cta.spec.js","",""
"","7399","forex page | tradingInstrument | sellBtn","chromium-SCB-ar-unregistered","2026-09-30","passed","2026-09-30","","cta/generated.cta.spec.js","",""
"","7474","indices page | heroBanner | signupBtn","chromium-SCB-en-unregistered","2026-09-30","passed","2026-09-30","","cta/generated.cta.spec.js","",""
"","7340","cryptocurrencies page | tradingInstrument | alertBtn","chromium-CySEC-nl-nl-unregistered","2026-09-30","passed","2026-09-30","","cta/generated.cta.spec.js","",""
"","7412","commodities page | tradingInstrument | viewDetailedChartBtn","chromium-SCB-en-unregistered","2026-09-30","passed","2026-09-30","","cta/generated.cta.spec.js","",""
"","7447","indices page | tradingInstrument | shortPositionGoToPlatformBtn","chromium-ASIC-en-unauthorised","2026-09-30","passed","2026-09-30","","cta/generated.cta.spec.js","",""
"","9864","markets page | tradingInstrument | addToFavouriteBtn","chromium-CySEC-nl-nl-unauthorised","2026-09-30","passed","2026-09-30","","cta/generated.cta.spec.js","",""
"","7443","cryptocurrencies page | tradingInstrument | alertBtn","chromium-SCB-mn-unauthorised","2026-09-30","passed","2026-09-30","","cta/generated.cta.spec.js","",""
"","7369","bonds page | tradingInstrument | buyBtn","chromium-CMA-en-unregistered","2026-09-30","passed","2026-09-30","","cta/generated.cta.spec.js","",""
"","7198","bonds page | tradingInstrument | alertBtn","chromium-ASIC-en-unregistered","2026-09-30","passed","2026-09-30","","cta/generated.cta.spec.js","",""
"","7880","markets page | tradingInstrument | addToFavouriteBtn","chromium-CySEC-nl-nl-unregistered","2026-09-30","passed","2026-09-30","","cta/generated.cta.spec.js","",""
"","7644","markets page | tradingInstrument | buyBtn","chromium-SCB-fr-unregistered","2026-09-30","passed","2026-09-30","","cta/generated.cta.spec.js","",""
"","7294","cryptocurrencies page | tradingInstrument | alertBtn","chromium-CySEC-fr-fr-unregistered","2026-09-30","passed","2026-09-30","","cta/generated.cta.spec.js","",""
"","8197","interestRates page | tradingInstrument | addToFavouriteBtn","chromium-CySEC-en-eu-unregistered","2026-09-30","passed","2026-09-30","","cta/generated.cta.spec.js","",""
"","6974","forex page | heroBanner | signupBtn","chromium-CySEC-pl-pl-unauthorised","2026-09-30","passed","2026-09-30","","cta/generated.cta.spec.js","",""
"","2954","interestRates page | tradingInstrument | sellBtn","chromium-SCB-zh-hans-unregistered","2026-09-30","passed","2026-09-30","","cta/generated.cta.spec.js","",""
"","7431","marketAnalysis page | readyToJoinBlock | signupBtn","chromium-SCB-ar-unauthorised","2026-09-30","passed","2026-09-30","","cta/generated.cta.spec.js","",""
"","8707","commodities page | tradingInstrument | shortPositionGoToPlatformBtn","chromium-CySEC-el-gr-unauthorised","2026-09-30","passed","2026-09-30","","cta/generated.cta.spec.js","",""
"","7315","cryptocurrencies page | tradingInstrument | readyToJoinSignUpBtn","chromium-SCB-fr-unregistered","2026-09-30","passed","2026-09-30","","cta/generated.cta.spec.js","",""
"","6789","markets page | tradingInstrument | addToFavouriteBtn","chromium-FCA-en-unauthorised","2026-09-30","passed","2026-09-30","","cta/generated.cta.spec.js","",""
"","7117","commodities page | tradingInstrument | alertBtn","chromium-SCB-zh-hant-unregistered","2026-09-30","passed","2026-09-30","","cta/generated.cta.spec.js","",""
"","9242","commodities page | tradingInstrument | tradedBtn","chromium-CySEC-fr-fr-unregistered","2026-09-30","passed","2026-09-30","","cta/generated.cta.spec.js","",""
"","9155","forex page | tradingInstrument | tradedBtn","chromium-SCB-en-unauthorised","2026-09-30","passed","2026-09-30","","cta/generated.cta.spec.js","",""
"","7616","bonds page | tradingInstrument | sellBtn","chromium-CySEC-hu-hu-unregistered","2026-09-30","passed","2026-09-30","","cta/generated.cta.spec.js","",""
"","7638","indices page | tradingInstrument | readyToJoinSignUpBtn","chromium-ASIC-en-unregistered","2026-09-30","passed","2026-09-30","","cta/generated.cta.spec.js","",""
"","7903","shares page | tradingInstrument | sellBtn","chromium-SCB-es-unauthorised","2026-09-30","passed","2026-09-30","","cta/generated.cta.spec.js","",""
"","7396","forex page | tradingInstrument | readyToJoinSignUpBtn","chromium-SCB-ru-unauthorised","2026-09-30","passed","2026-09-30","","cta/generated.cta.spec.js","",""
"","7447","commodities page | tradingInstrument | addToFavouriteBtn","chromium-CMA-ar-unregistered","2026-09-30","passed","2026-09-30","","cta/generated.cta.spec.js","",""
"","9108","interestRates page | tradingInstrument | tradedBtn","chromium-CySEC-en-eu-unregistered","2026-09-30","passed","2026-09-30","","cta/generated.cta.spec.js","",""
"","7740","markets page | tradingInstrument | longPositionGoToPlatformBtn","chromium-ASIC-en-unregistered","2026-09-30","passed","2026-09-30","","cta/generated.cta.spec.js","",""
"","7574","commodities page | tradingInstrument | viewDetailedChartBtn","chromium-CySEC-de-de-unauthorised","2026-09-30","passed","2026-09-30","","cta/generated.cta.spec.js","",""
"","7461","forex page | tradingInstrument | longPositionGoToPlatformBtn","chromium-CySEC-de-de-unregistered","2026-09-30","passed","2026-09-30","","cta/generated.cta.spec.js","",""
"","8940","bonds page | tradingInstrument | viewDetailedChartBtn","chromium-SCB-es-unauthorised","2026-09-30","passed","2026-09-30","","cta/generated.cta.spec.js","",""
"","9485","bonds page | tradingInstrument | tradedBtn","chromium-SCB-ru-unauthorised","2026-09-30","passed","2026-09-30","","cta/generated.cta.spec.js","",""
"","7820","cryptocurrencies page | tradingInstrument | addToFavouriteBtn","chromium-CySEC-hu-hu-unregistered","2026-09-30","passed","2026-09-30","","cta/generated.cta.spec.js","",""
"","7460","forex page | tradingInstrument | alertBtn","chromium-SCB-ru-unauthorised","2026-09-30","passed","2026-09-30","","cta/generated.cta.spec.js","",""
"","6804","shares page | tradingInstrument | addToFavouriteBtn","chromium-CMA-en-unregistered","2026-09-30","passed","2026-09-30","","cta/generated.cta.spec.js","",""
"","7269","indices page | heroBanner | signupBtn","chromium-SCB-zh-hant-unregistered","2026-09-30","passed","2026-09-30","","cta/generated.cta.spec.js","",""
"","7388","forex page | tradingInstrument | shortPositionGoToPlatformBtn","chromium-CySEC-hu-hu-unregistered","2026-09-30","passed","2026-09-30","","cta/generated.cta.spec.js","",""
"","9370","indices page | tradingInstrument | tradedBtn","chromium-SCB-en-unauthorised","2026-09-30","passed","2026-09-30","","cta/generated.cta.spec.js","",""
"","7686","indices page | tradingInstrument | readyToJoinSignUpBtn","chromium-CySEC-en-eu-unauthorised","2026-09-30","passed","2026-09-30","","cta/generated.cta.spec.js","",""
"","4378","cryptocurrencies page | tradingInstrument | viewDetailedChartBtn","chromium-SCB-zh-hans-unregistered","2026-09-30","passed","2026-09-30","","cta/generated.cta.spec.js","",""
"","7488","bonds page | tradingInstrument | readyToJoinSignUpBtn","chromium-SCB-es-unauthorised","2026-09-30","passed","2026-09-30","","cta/generated.cta.spec.js","",""
"","7672","cryptocurrencies page | tradingInstrument | longPositionGoToPlatformBtn","chromium-SCB-mn-unauthorised","2026-09-30","passed","2026-09-30","","cta/generated.cta.spec.js","",""
"","7220","bonds page | tradingInstrument | longPositionGoToPlatformBtn","chromium-CySEC-en-eu-unregistered","2026-09-30","passed","2026-09-30","","cta/generated.cta.spec.js","",""
"","7264","interestRates page | tradingInstrument | buyBtn","chromium-SCB-ar-unregistered","2026-09-30","passed","2026-09-30","","cta/generated.cta.spec.js","",""
"","7976","interestRates page | tradingInstrument | buyBtn","chromium-CySEC-de-at-unauthorised","2026-09-30","passed","2026-09-30","","cta/generated.cta.spec.js","",""
"","7520","cryptocurrencies page | tradingInstrument | sellBtn","chromium-ASIC-en-unauthorised","2026-09-30","passed","2026-09-30","","cta/generated.cta.spec.js","",""
"","7823","shares page | tradingInstrument | shortPositionGoToPlatformBtn","chromium-SCB-ru-unauthorised","2026-09-30","passed","2026-09-30","","cta/generated.cta.spec.js","",""
"","7373","cryptocurrencies page | tradingInstrument | longPositionGoToPlatformBtn","chromium-SCB-fr-unregistered","2026-09-30","passed","2026-09-30","","cta/generated.cta.spec.js","",""
"","7656","interestRates page | tradingInstrument | addToFavouriteBtn","chromium-CySEC-pl-pl-unregistered","2026-09-30","passed","2026-09-30","","cta/generated.cta.spec.js","",""
"","9502","commodities page | tradingInstrument | tradedBtn","chromium-SCB-de-unregistered","2026-09-30","passed","2026-09-30","","cta/generated.cta.spec.js","",""
"","6744","commodities page | tradingInstrument | addToFavouriteBtn","chromium-CMA-en-unregistered","2026-09-30","passed","2026-09-30","","cta/generated.cta.spec.js","",""
"","7100","markets page | tradingInstrument | longPositionGoToPlatformBtn","chromium-CMA-ar-unregistered","2026-09-30","passed","2026-09-30","","cta/generated.cta.spec.js","",""
"","7310","markets page | tradingInstrument | viewDetailedChartBtn","chromium-CySEC-de-de-unregistered","2026-09-30","passed","2026-09-30","","cta/generated.cta.spec.js","",""
"","6989","bonds page | tradingInstrument | readyToJoinSignUpBtn","chromium-SCB-mn-unregistered","2026-09-30","passed","2026-09-30","","cta/generated.cta.spec.js","",""
"","7432","bonds page | tradingInstrument | sellBtn","chromium-ASIC-en-unauthorised","2026-09-30","passed","2026-09-30","","cta/generated.cta.spec.js","",""
"","7489","cryptocurrencies page | tradingInstrument | shortPositionGoToPlatformBtn","chromium-CySEC-el-gr-unregistered","2026-09-30","passed","2026-09-30","","cta/generated.cta.spec.js","",""
"","7721","shares page | tradingInstrument | longPositionGoToPlatformBtn","chromium-SCB-es-unauthorised","2026-09-30","passed","2026-09-30","","cta/generated.cta.spec.js","",""
"","7208","commodities page | tradingInstrument | readyToJoinSignUpBtn","chromium-CySEC-fr-fr-unregistered","2026-09-30","passed","2026-09-30","","cta/generated.cta.spec.js","",""
"","9878","markets page | tradingInstrument | addToFavouriteBtn","chromium-CySEC-fr-fr-unauthorised","2026-09-30","passed","2026-09-30","","cta/generated.cta.spec.js","",""
"","7075","bonds page | heroBanner | signupBtn","chromium-CySEC-en-eu-unregistered","2026-09-30","passed","2026-09-30","","cta/generated.cta.spec.js","",""
"","7553","forex page | tradingInstrument | buyBtn","chromium-SCB-en-unregistered","2026-09-30","passed","2026-09-30","","cta/generated.cta.spec.js","",""
"","6943","interestRates page | tradingInstrument | viewDetailedChartBtn","chromium-CMA-ar-unauthorised","2026-09-30","passed","2026-09-30","","cta/generated.cta.spec.js","",""
"","8089","bonds page | tradingInstrument | alertBtn","chromium-CySEC-it-it-unauthorised","2026-09-30","passed","2026-09-30","","cta/generated.cta.spec.js","",""
"","7578","forex page | tradingInstrument | sellBtn","chromium-SCB-de-unregistered","2026-09-30","passed","2026-09-30","","cta/generated.cta.spec.js","",""
"","5081","indices page | tradingInstrument | shortPositionGoToPlatformBtn","chromium-SCB-zh-hans-unauthorised","2026-09-30","passed","2026-09-30","","cta/generated.cta.spec.js","",""
"","8582","bonds page | tradingInstrument | tradedBtn","chromium-CMA-en-unregistered","2026-09-30","passed","2026-09-30","","cta/generated.cta.spec.js","",""
"","47","financeNews page | mostTradedMarketsBlock | tradedBtn","chromium-SCB-zh-hant-unregistered","2026-09-30","skipped","2026-09-30","","cta/generated.cta.spec.js","",""
"","6532","commodities page | heroBanner | signupBtn","chromium-FCA-en-unauthorised","2026-09-30","passed","2026-09-30","","cta/generated.cta.spec.js","",""
"","7800","markets page | tradingInstrument | addToFavouriteBtn","chromium-CySEC-de-de-unauthorised","2026-09-30","passed","2026-09-30","","cta/generated.cta.spec.js","",""
"","7600","shares page | tradingInstrument | shortPositionGoToPlatformBtn","chromium-CySEC-en-eu-unregistered","2026-09-30","passed","2026-09-30","","cta/generated.cta.spec.js","",""
"","7334","markets page | tradingInstrument | alertBtn","chromium-SCB-ru-unregistered","2026-09-30","passed","2026-09-30","","cta/generated.cta.spec.js","",""
"","7394","shares page | tradingInstrument | alertBtn","chromium-SCB-de-unauthorised","2026-09-30","passed","2026-09-30","","cta/generated.cta.spec.js","",""
"","9600","cryptocurrencies page | tradingInstrument | tradedBtn","chromium-CySEC-pl-pl-unauthorised","2026-09-30","passed","2026-09-30","","cta/generated.cta.spec.js","",""
"","7369","forex page | tradingInstrument | buyBtn","chromium-SCB-mn-unregistered","2026-09-30","passed","2026-09-30","","cta/generated.cta.spec.js","",""
"","7338","markets page | tradingInstrument | readyToJoinSignUpBtn","chromium-SCB-fr-unregistered","2026-09-30","passed","2026-09-30","","cta/generated.cta.spec.js","",""
"","7374","commodities page | tradingInstrument | viewDetailedChartBtn","chromium-SCB-fr-unregistered","2026-09-30","passed","2026-09-30","","cta/generated.cta.spec.js","",""
"","4075","bonds page | tradingInstrument | shortPositionGoToPlatformBtn","chromium-SCB-zh-hans-unregistered","2026-09-30","passed","2026-09-30","","cta/generated.cta.spec.js","",""
"","9376","interestRates page | tradingInstrument | tradedBtn","chromium-ASIC-en-unauthorised","2026-09-30","passed","2026-09-30","","cta/generated.cta.spec.js","",""
"","7223","forex page | tradingInstrument | viewDetailedChartBtn","chromium-SCB-es-unregistered","2026-09-30","passed","2026-09-30","","cta/generated.cta.spec.js","",""
"","10518","shares page | tradingInstrument | tradedBtn","chromium-SCB-mn-unauthorised","2026-09-30","passed","2026-09-30","","cta/generated.cta.spec.js","",""
"","12162","markets page | tradingInstrument | tradedBtn","chromium-SCB-ar-unregistered","2026-09-30","failed","2026-09-30","","cta/generated.cta.spec.js","",""
"","3073","shares page | tradingInstrument | viewDetailedChartBtn","chromium-SCB-zh-hans-unregistered","2026-09-30","passed","2026-09-30","","cta/generated.cta.spec.js","",""
"","6225","forex page | heroBanner | signupBtn","chromium-CMA-ar-unauthorised","2026-09-30","passed","2026-09-30","","cta/generated.cta.spec.js","",""
"","7441","interestRates page | tradingInstrument | sellBtn","chromium-CySEC-de-at-unregistered","2026-09-30","passed","2026-09-30","","cta/generated.cta.spec.js","",""
"","7583","commodities page | tradingInstrument | buyBtn","chromium-SCB-de-unregistered","2026-09-30","passed","2026-09-30","","cta/generated.cta.spec.js","",""
"","7362","bonds page | tradingInstrument | buyBtn","chromium-CySEC-el-gr-unregistered","2026-09-30","passed","2026-09-30","","cta/generated.cta.spec.js","",""
"","9127","indices page | tradingInstrument | readyToJoinSignUpBtn","chromium-CySEC-el-gr-unauthorised","2026-09-30","passed","2026-09-30","","cta/generated.cta.spec.js","",""
"","7457","forex page | tradingInstrument | addToFavouriteBtn","chromium-SCB-en-unregistered","2026-09-30","passed","2026-09-30","","cta/generated.cta.spec.js","",""
"","8275","cryptocurrencies page | tradingInstrument | shortPositionGoToPlatformBtn","chromium-CySEC-en-eu-unauthorised","2026-09-30","passed","2026-09-30","","cta/generated.cta.spec.js","",""
"","7130","shares page | tradingInstrument | addToFavouriteBtn","chromium-CySEC-el-gr-unauthorised","2026-09-30","passed","2026-09-30","","cta/generated.cta.spec.js","",""
"","7105","shares page | heroBanner | signupBtn","chromium-SCB-zh-hant-unauthorised","2026-09-30","passed","2026-09-30","","cta/generated.cta.spec.js","",""
"","7240","cryptocurrencies page | tradingInstrument | longPositionGoToPlatformBtn","chromium-CMA-en-unauthorised","2026-09-30","passed","2026-09-30","","cta/generated.cta.spec.js","",""
"","7448","bonds page | tradingInstrument | addToFavouriteBtn","chromium-CySEC-el-gr-unregistered","2026-09-30","passed","2026-09-30","","cta/generated.cta.spec.js","",""
"","6834","markets page | tradingInstrument | alertBtn","chromium-CMA-ar-unregistered","2026-09-30","passed","2026-09-30","","cta/generated.cta.spec.js","",""
"","7006","indices page | tradingInstrument | sellBtn","chromium-FCA-en-unauthorised","2026-09-30","passed","2026-09-30","","cta/generated.cta.spec.js","",""
"","9023","bonds page | tradingInstrument | tradedBtn","chromium-CySEC-de-de-unregistered","2026-09-30","passed","2026-09-30","","cta/generated.cta.spec.js","",""
"","7179","indices page | tradingInstrument | readyToJoinSignUpBtn","chromium-SCB-en-unauthorised","2026-09-30","passed","2026-09-30","","cta/generated.cta.spec.js","",""
"","7983","markets page | tradingInstrument | addToFavouriteBtn","chromium-SCB-ru-unauthorised","2026-09-30","passed","2026-09-30","","cta/generated.cta.spec.js","",""
"","5072","interestRates page | tradingInstrument | shortPositionGoToPlatformBtn","chromium-SCB-zh-hans-unauthorised","2026-09-30","passed","2026-09-30","","cta/generated.cta.spec.js","",""
"","7581","shares page | tradingInstrument | readyToJoinSignUpBtn","chromium-SCB-ru-unauthorised","2026-09-30","passed","2026-09-30","","cta/generated.cta.spec.js","",""
"","9269","commodities page | tradingInstrument | tradedBtn","chromium-CySEC-de-at-unregistered","2026-09-30","passed","2026-09-30","","cta/generated.cta.spec.js","",""
"","10062","forex page | tradingInstrument | tradedBtn","chromium-CySEC-en-eu-unauthorised","2026-09-30","passed","2026-09-30","","cta/generated.cta.spec.js","",""
"","6793","marketAnalysis page | readyToJoinBlock | signupBtn","chromium-SCB-en-unregistered","2026-09-30","passed","2026-09-30","","cta/generated.cta.spec.js","",""
"","7304","shares page | tradingInstrument | readyToJoinSignUpBtn","chromium-CySEC-de-at-unauthorised","2026-09-30","passed","2026-09-30","","cta/generated.cta.spec.js","",""
"","7560","shares page | tradingInstrument | longPositionGoToPlatformBtn","chromium-ASIC-en-unauthorised","2026-09-30","passed","2026-09-30","","cta/generated.cta.spec.js","",""
"","8149","indices page | tradingInstrument | buyBtn","chromium-SCB-fr-unauthorised","2026-09-30","passed","2026-09-30","","cta/generated.cta.spec.js","",""
"","6910","markets page | tradingInstrument | addToFavouriteBtn","chromium-CMA-ar-unauthorised","2026-09-30","passed","2026-09-30","","cta/generated.cta.spec.js","",""
"","7655","forex page | tradingInstrument | addToFavouriteBtn","chromium-CySEC-ro-ro-unregistered","2026-09-30","passed","2026-09-30","","cta/generated.cta.spec.js","",""
"","7302","markets page | tradingInstrument | buyBtn","chromium-SCB-mn-unregistered","2026-09-30","passed","2026-09-30","","cta/generated.cta.spec.js","",""
"","7835","markets page | tradingInstrument | viewDetailedChartBtn","chromium-SCB-de-unauthorised","2026-09-30","passed","2026-09-30","","cta/generated.cta.spec.js","",""
"","7221","forex page | tradingInstrument | readyToJoinSignUpBtn","chromium-SCB-en-unregistered","2026-09-30","passed","2026-09-30","","cta/generated.cta.spec.js","",""
"","7437","bonds page | tradingInstrument | buyBtn","chromium-SCB-mn-unauthorised","2026-09-30","passed","2026-09-30","","cta/generated.cta.spec.js","",""
"","7638","indices page | tradingInstrument | addToFavouriteBtn","chromium-CySEC-de-de-unregistered","2026-09-30","passed","2026-09-30","","cta/generated.cta.spec.js","",""
"","8103","bonds page | tradingInstrument | addToFavouriteBtn","chromium-CySEC-pl-pl-unregistered","2026-09-30","passed","2026-09-30","","cta/generated.cta.spec.js","",""
"","6528","markets page | heroBanner | signupBtn","chromium-FCA-en-unauthorised","2026-09-30","passed","2026-09-30","","cta/generated.cta.spec.js","",""
"","7034","interestRates page | tradingInstrument | viewDetailedChartBtn","chromium-SCB-fr-unregistered","2026-09-30","passed","2026-09-30","","cta/generated.cta.spec.js","",""
"","7193","forex page | tradingInstrument | viewDetailedChartBtn","chromium-CySEC-nl-nl-unregistered","2026-09-30","passed","2026-09-30","","cta/generated.cta.spec.js","",""
"","8673","bonds page | tradingInstrument | tradedBtn","chromium-CMA-en-unauthorised","2026-09-30","passed","2026-09-30","","cta/generated.cta.spec.js","",""
"","7646","indices page | tradingInstrument | alertBtn","chromium-CySEC-de-de-unauthorised","2026-09-30","passed","2026-09-30","","cta/generated.cta.spec.js","",""
"","6962","shares page | tradingInstrument | viewDetailedChartBtn","chromium-CMA-en-unregistered","2026-09-30","passed","2026-09-30","","cta/generated.cta.spec.js","",""
"","7560","bonds page | heroBanner | signupBtn","chromium-SCB-vi-unregistered","2026-09-30","passed","2026-09-30","","cta/generated.cta.spec.js","",""
"","6528","interestRates page | heroBanner | signupBtn","chromium-CMA-ar-unregistered","2026-09-30","passed","2026-09-30","","cta/generated.cta.spec.js","",""
"","7142","cryptocurrencies page | tradingInstrument | readyToJoinSignUpBtn","chromium-SCB-en-unauthorised","2026-09-30","passed","2026-09-30","","cta/generated.cta.spec.js","",""
"","4779","markets page | tradingInstrument | readyToJoinSignUpBtn","chromium-SCB-zh-hans-unregistered","2026-09-30","passed","2026-09-30","","cta/generated.cta.spec.js","",""
"","7349","marketAnalysis page | mostTradedMarketsBlock | tradedBtn","chromium-CySEC-hu-hu-unauthorised","2026-09-30","passed","2026-09-30","","cta/generated.cta.spec.js","",""
"","7128","interestRates page | tradingInstrument | alertBtn","chromium-CySEC-el-gr-unregistered","2026-09-30","passed","2026-09-30","","cta/generated.cta.spec.js","",""
"","6991","commodities page | tradingInstrument | shortPositionGoToPlatformBtn","chromium-CMA-en-unauthorised","2026-09-30","passed","2026-09-30","","cta/generated.cta.spec.js","",""
"","7897","markets page | tradingInstrument | longPositionGoToPlatformBtn","chromium-CySEC-hu-hu-unauthorised","2026-09-30","passed","2026-09-30","","cta/generated.cta.spec.js","",""
"","8058","interestRates page | tradingInstrument | sellBtn","chromium-SCB-zh-hant-unauthorised","2026-09-30","passed","2026-09-30","","cta/generated.cta.spec.js","",""
"","7518","bonds page | tradingInstrument | readyToJoinSignUpBtn","chromium-CySEC-it-it-unauthorised","2026-09-30","passed","2026-09-30","","cta/generated.cta.spec.js","",""
"","9664","commodities page | tradingInstrument | tradedBtn","chromium-CySEC-de-de-unauthorised","2026-09-30","passed","2026-09-30","","cta/generated.cta.spec.js","",""
"","12149","markets page | tradingInstrument | tradedBtn","chromium-SCB-zh-hant-unregistered","2026-09-30","failed","2026-09-30","","cta/generated.cta.spec.js","",""
"","7810","bonds page | tradingInstrument | sellBtn","chromium-CySEC-ro-ro-unauthorised","2026-09-30","passed","2026-09-30","","cta/generated.cta.spec.js","",""
"","7613","markets page | tradingInstrument | buyBtn","chromium-SCB-mn-unauthorised","2026-09-30","passed","2026-09-30","","cta/generated.cta.spec.js","",""
"","9184","interestRates page | tradingInstrument | tradedBtn","chromium-CySEC-de-at-unregistered","2026-09-30","passed","2026-09-30","","cta/generated.cta.spec.js","",""
"","6763","indices page | heroBanner | signupBtn","chromium-SCB-en-unauthorised","2026-09-30","passed","2026-09-30","","cta/generated.cta.spec.js","",""
"","7874","markets page | tradingInstrument | longPositionGoToPlatformBtn","chromium-SCB-mn-unauthorised","2026-09-30","passed","2026-09-30","","cta/generated.cta.spec.js","",""
"","7386","markets page | tradingInstrument | readyToJoinSignUpBtn","chromium-SCB-vi-unauthorised","2026-09-30","passed","2026-09-30","","cta/generated.cta.spec.js","",""
"","6824","bonds page | heroBanner | signupBtn","chromium-CySEC-el-gr-unregistered","2026-09-30","passed","2026-09-30","","cta/generated.cta.spec.js","",""
"","6792","bonds page | tradingInstrument | readyToJoinSignUpBtn","chromium-CMA-en-unregistered","2026-09-30","passed","2026-09-30","","cta/generated.cta.spec.js","",""
"","9020","bonds page | tradingInstrument | tradedBtn","chromium-CySEC-pl-pl-unregistered","2026-09-30","passed","2026-09-30","","cta/generated.cta.spec.js","",""
"","47","financeNews page | mostTradedMarketsBlock | tradedBtn","chromium-SCB-fr-unauthorised","2026-09-30","skipped","2026-09-30","","cta/generated.cta.spec.js","",""
"","6824","marketPricing page | readyToJoinBlock | signupBtn","chromium-CySEC-pl-pl-unauthorised","2026-09-30","passed","2026-09-30","","cta/generated.cta.spec.js","",""
"","7661","bonds page | heroBanner | signupBtn","chromium-CySEC-fr-fr-unregistered","2026-09-30","passed","2026-09-30","","cta/generated.cta.spec.js","",""
"","6785","shares page | heroBanner | signupBtn","chromium-CySEC-de-at-unauthorised","2026-09-30","passed","2026-09-30","","cta/generated.cta.spec.js","",""
"","7079","bonds page | tradingInstrument | sellBtn","chromium-CMA-en-unauthorised","2026-09-30","passed","2026-09-30","","cta/generated.cta.spec.js","",""
"","7299","indices page | tradingInstrument | readyToJoinSignUpBtn","chromium-SCB-en-unregistered","2026-09-30","passed","2026-09-30","","cta/generated.cta.spec.js","",""
"","8861","shares page | tradingInstrument | tradedBtn","chromium-CMA-en-unregistered","2026-09-30","passed","2026-09-30","","cta/generated.cta.spec.js","",""
"","7354","interestRates page | tradingInstrument | shortPositionGoToPlatformBtn","chromium-SCB-fr-unregistered","2026-09-30","passed","2026-09-30","","cta/generated.cta.spec.js","",""
"","7851","indices page | tradingInstrument | addToFavouriteBtn","chromium-SCB-vi-unauthorised","2026-09-30","passed","2026-09-30","","cta/generated.cta.spec.js","",""
"","7132","shares page | tradingInstrument | viewDetailedChartBtn","chromium-CySEC-de-at-unauthorised","2026-09-30","passed","2026-09-30","","cta/generated.cta.spec.js","",""
"","2731","cryptocurrencies page | heroBanner | signupBtn","chromium-SCB-zh-hans-unauthorised","2026-09-30","passed","2026-09-30","","cta/generated.cta.spec.js","",""
"","8167","shares page | tradingInstrument | addToFavouriteBtn","chromium-SCB-es-unregistered","2026-09-30","passed","2026-09-30","","cta/generated.cta.spec.js","",""
"","7007","interestRates page | tradingInstrument | longPositionGoToPlatformBtn","chromium-FCA-en-unauthorised","2026-09-30","passed","2026-09-30","","cta/generated.cta.spec.js","",""
"","9264","commodities page | tradingInstrument | tradedBtn","chromium-SCB-en-unregistered","2026-09-30","passed","2026-09-30","","cta/generated.cta.spec.js","",""
"","7720","interestRates page | tradingInstrument | buyBtn","chromium-SCB-vi-unauthorised","2026-09-30","passed","2026-09-30","","cta/generated.cta.spec.js","",""
"","8804","markets page | tradingInstrument | tradedBtn","chromium-CMA-en-unauthorised","2026-09-30","passed","2026-09-30","","cta/generated.cta.spec.js","",""
"","4443","bonds page | tradingInstrument | viewDetailedChartBtn","chromium-SCB-zh-hans-unauthorised","2026-09-30","passed","2026-09-30","","cta/generated.cta.spec.js","",""
"","7217","interestRates page | tradingInstrument | viewDetailedChartBtn","chromium-CySEC-pl-pl-unregistered","2026-09-30","passed","2026-09-30","","cta/generated.cta.spec.js","",""
"","7503","indices page | tradingInstrument | viewDetailedChartBtn","chromium-SCB-ru-unauthorised","2026-09-30","passed","2026-09-30","","cta/generated.cta.spec.js","",""
"","7537","indices page | tradingInstrument | readyToJoinSignUpBtn","chromium-SCB-de-unauthorised","2026-09-30","passed","2026-09-30","","cta/generated.cta.spec.js","",""
"","9272","markets page | tradingInstrument | tradedBtn","chromium-CySEC-nl-nl-unregistered","2026-09-30","passed","2026-09-30","","cta/generated.cta.spec.js","",""
"","6875","bonds page | tradingInstrument | readyToJoinSignUpBtn","chromium-CMA-ar-unregistered","2026-09-30","passed","2026-09-30","","cta/generated.cta.spec.js","",""
"","9267","cryptocurrencies page | tradingInstrument | tradedBtn","chromium-CySEC-fr-fr-unregistered","2026-09-30","passed","2026-09-30","","cta/generated.cta.spec.js","",""
"","7816","markets page | tradingInstrument | readyToJoinSignUpBtn","chromium-SCB-fr-unauthorised","2026-09-30","passed","2026-09-30","","cta/generated.cta.spec.js","",""
"","13308","commodities page | tradingInstrument | tradedBtn","chromium-SCB-fr-unauthorised","2026-09-30","failed","2026-09-30","","cta/generated.cta.spec.js","",""
"","9912","indices page | tradingInstrument | tradedBtn","chromium-CySEC-nl-nl-unauthorised","2026-09-30","passed","2026-09-30","","cta/generated.cta.spec.js","",""
"","8017","markets page | tradingInstrument | addToFavouriteBtn","chromium-CySEC-pl-pl-unauthorised","2026-09-30","passed","2026-09-30","","cta/generated.cta.spec.js","",""
"","7187","forex page | tradingInstrument | alertBtn","chromium-CySEC-nl-nl-unregistered","2026-09-30","passed","2026-09-30","","cta/generated.cta.spec.js","",""
"","7887","cryptocurrencies page | tradingInstrument | addToFavouriteBtn","chromium-CySEC-fr-fr-unauthorised","2026-09-30","passed","2026-09-30","","cta/generated.cta.spec.js","",""
"","7714","cryptocurrencies page | tradingInstrument | buyBtn","chromium-SCB-de-unregistered","2026-09-30","passed","2026-09-30","","cta/generated.cta.spec.js","",""
"","6922","interestRates page | heroBanner | signupBtn","chromium-SCB-fr-unauthorised","2026-09-30","passed","2026-09-30","","cta/generated.cta.spec.js","",""
"","7587","commodities page | tradingInstrument | longPositionGoToPlatformBtn","chromium-ASIC-en-unregistered","2026-09-30","passed","2026-09-30","","cta/generated.cta.spec.js","",""
"","3005","bonds page | tradingInstrument | alertBtn","chromium-SCB-zh-hans-unregistered","2026-09-30","passed","2026-09-30","","cta/generated.cta.spec.js","",""
"","7306","marketAnalysis page | mostTradedMarketsBlock | tradedBtn","chromium-CySEC-de-de-unregistered","2026-09-30","passed","2026-09-30","","cta/generated.cta.spec.js","",""
"","7937","shares page | tradingInstrument | readyToJoinSignUpBtn","chromium-CySEC-fr-fr-unauthorised","2026-09-30","passed","2026-09-30","","cta/generated.cta.spec.js","",""
"","7484","shares page | tradingInstrument | viewDetailedChartBtn","chromium-SCB-vi-unauthorised","2026-09-30","passed","2026-09-30","","cta/generated.cta.spec.js","",""
"","7934","commodities page | tradingInstrument | shortPositionGoToPlatformBtn","chromium-SCB-ar-unauthorised","2026-09-30","passed","2026-09-30","","cta/generated.cta.spec.js","",""
"","7522","cryptocurrencies page | tradingInstrument | viewDetailedChartBtn","chromium-SCB-ar-unauthorised","2026-09-30","passed","2026-09-30","","cta/generated.cta.spec.js","",""
"","6442","markets page | heroBanner | signupBtn","chromium-CMA-en-unregistered","2026-09-30","passed","2026-09-30","","cta/generated.cta.spec.js","",""
"","7070","indices page | tradingInstrument | readyToJoinSignUpBtn","chromium-SCB-mn-unregistered","2026-09-30","passed","2026-09-30","","cta/generated.cta.spec.js","",""
"","7839","shares page | heroBanner | signupBtn","chromium-CySEC-hu-hu-unregistered","2026-09-30","passed","2026-09-30","","cta/generated.cta.spec.js","",""
"","7626","shares page | tradingInstrument | alertBtn","chromium-SCB-vi-unauthorised","2026-09-30","passed","2026-09-30","","cta/generated.cta.spec.js","",""
"","7540","indices page | tradingInstrument | addToFavouriteBtn","chromium-CySEC-ro-ro-unregistered","2026-09-30","passed","2026-09-30","","cta/generated.cta.spec.js","",""
"","7012","bonds page | tradingInstrument | viewDetailedChartBtn","chromium-CySEC-de-de-unregistered","2026-09-30","passed","2026-09-30","","cta/generated.cta.spec.js","",""
"","7755","indices page | tradingInstrument | alertBtn","chromium-SCB-es-unauthorised","2026-09-30","passed","2026-09-30","","cta/generated.cta.spec.js","",""
"","8914","bonds page | tradingInstrument | readyToJoinSignUpBtn","chromium-CySEC-en-eu-unauthorised","2026-09-30","passed","2026-09-30","","cta/generated.cta.spec.js","",""
"","7057","bonds page | tradingInstrument | viewDetailedChartBtn","chromium-SCB-fr-unregistered","2026-09-30","passed","2026-09-30","","cta/generated.cta.spec.js","",""
"","7159","markets page | heroBanner | signupBtn","chromium-SCB-vi-unauthorised","2026-09-30","passed","2026-09-30","","cta/generated.cta.spec.js","",""
"","8008","indices page | tradingInstrument | addToFavouriteBtn","chromium-SCB-ar-unregistered","2026-09-30","passed","2026-09-30","","cta/generated.cta.spec.js","",""
"","6944","bonds page | tradingInstrument | readyToJoinSignUpBtn","chromium-FCA-en-unregistered","2026-09-30","passed","2026-09-30","","cta/generated.cta.spec.js","",""
"","7306","cryptocurrencies page | tradingInstrument | sellBtn","chromium-SCB-zh-hant-unregistered","2026-09-30","passed","2026-09-30","","cta/generated.cta.spec.js","",""
"","7257","forex page | tradingInstrument | alertBtn","chromium-ASIC-en-unauthorised","2026-09-30","passed","2026-09-30","","cta/generated.cta.spec.js","",""
"","7005","bonds page | tradingInstrument | longPositionGoToPlatformBtn","chromium-FCA-en-unauthorised","2026-09-30","passed","2026-09-30","","cta/generated.cta.spec.js","",""
"","9773","markets page | tradingInstrument | tradedBtn","chromium-CySEC-de-de-unauthorised","2026-09-30","passed","2026-09-30","","cta/generated.cta.spec.js","",""
"","7102","cryptocurrencies page | heroBanner | signupBtn","chromium-CySEC-hu-hu-unauthorised","2026-09-30","passed","2026-09-30","","cta/generated.cta.spec.js","",""
"","7102","cryptocurrencies page | tradingInstrument | buyBtn","chromium-CMA-en-unregistered","2026-09-30","passed","2026-09-30","","cta/generated.cta.spec.js","",""
"","7336","indices page | tradingInstrument | longPositionGoToPlatformBtn","chromium-SCB-mn-unregistered","2026-09-30","passed","2026-09-30","","cta/generated.cta.spec.js","",""
"","7477","cryptocurrencies page | heroBanner | signupBtn","chromium-CySEC-ro-ro-unauthorised","2026-09-30","passed","2026-09-30","","cta/generated.cta.spec.js","",""
"","7870","forex page | tradingInstrument | addToFavouriteBtn","chromium-SCB-es-unauthorised","2026-09-30","passed","2026-09-30","","cta/generated.cta.spec.js","",""
"","6819","shares page | tradingInstrument | shortPositionGoToPlatformBtn","chromium-FCA-en-unregistered","2026-09-30","passed","2026-09-30","","cta/generated.cta.spec.js","",""
"","7323","interestRates page | tradingInstrument | shortPositionGoToPlatformBtn","chromium-CySEC-de-at-unregistered","2026-09-30","passed","2026-09-30","","cta/generated.cta.spec.js","",""
"","7440","forex page | tradingInstrument | shortPositionGoToPlatformBtn","chromium-CySEC-el-gr-unregistered","2026-09-30","passed","2026-09-30","","cta/generated.cta.spec.js","",""
"","7650","forex page | tradingInstrument | longPositionGoToPlatformBtn","chromium-SCB-ar-unauthorised","2026-09-30","passed","2026-09-30","","cta/generated.cta.spec.js","",""
"","9217","forex page | tradingInstrument | tradedBtn","chromium-CySEC-nl-nl-unregistered","2026-09-30","passed","2026-09-30","","cta/generated.cta.spec.js","",""
"","7491","cryptocurrencies page | tradingInstrument | readyToJoinSignUpBtn","chromium-SCB-ru-unauthorised","2026-09-30","passed","2026-09-30","","cta/generated.cta.spec.js","",""
"","7564","commodities page | tradingInstrument | sellBtn","chromium-SCB-mn-unauthorised","2026-09-30","passed","2026-09-30","","cta/generated.cta.spec.js","",""
"","6535","commodities page | heroBanner | signupBtn","chromium-CMA-en-unregistered","2026-09-30","passed","2026-09-30","","cta/generated.cta.spec.js","",""
"","7805","commodities page | tradingInstrument | addToFavouriteBtn","chromium-CySEC-nl-nl-unregistered","2026-09-30","passed","2026-09-30","","cta/generated.cta.spec.js","",""
"","7393","indices page | heroBanner | signupBtn","chromium-CySEC-en-eu-unregistered","2026-09-30","passed","2026-09-30","","cta/generated.cta.spec.js","",""
"","9382","interestRates page | tradingInstrument | tradedBtn","chromium-SCB-vi-unauthorised","2026-09-30","passed","2026-09-30","","cta/generated.cta.spec.js","",""
"","12377","commodities page | tradingInstrument | tradedBtn","chromium-SCB-ru-unauthorised","2026-09-30","failed","2026-09-30","","cta/generated.cta.spec.js","",""
"","7208","shares page | tradingInstrument | viewDetailedChartBtn","chromium-CySEC-ro-ro-unregistered","2026-09-30","passed","2026-09-30","","cta/generated.cta.spec.js","",""
"","7438","bonds page | tradingInstrument | addToFavouriteBtn","chromium-SCB-es-unregistered","2026-09-30","passed","2026-09-30","","cta/generated.cta.spec.js","",""
"","7704","markets page | tradingInstrument | buyBtn","chromium-SCB-ru-unauthorised","2026-09-30","passed","2026-09-30","","cta/generated.cta.spec.js","",""
"","7649","forex page | tradingInstrument | sellBtn","chromium-SCB-en-unregistered","2026-09-30","passed","2026-09-30","","cta/generated.cta.spec.js","",""
"","8067","shares page | heroBanner | signupBtn","chromium-SCB-vi-unauthorised","2026-09-30","passed","2026-09-30","","cta/generated.cta.spec.js","",""
"","7264","shares page | tradingInstrument | viewDetailedChartBtn","chromium-SCB-vi-unregistered","2026-09-30","passed","2026-09-30","","cta/generated.cta.spec.js","",""
"","7498","cryptocurrencies page | tradingInstrument | longPositionGoToPlatformBtn","chromium-CySEC-de-at-unregistered","2026-09-30","passed","2026-09-30","","cta/generated.cta.spec.js","",""
"","7464","markets page | tradingInstrument | addToFavouriteBtn","chromium-SCB-ar-unregistered","2026-09-30","passed","2026-09-30","","cta/generated.cta.spec.js","",""
"","7824","commodities page | tradingInstrument | buyBtn","chromium-CySEC-it-it-unregistered","2026-09-30","passed","2026-09-30","","cta/generated.cta.spec.js","",""
"","7776","markets page | tradingInstrument | sellBtn","chromium-SCB-mn-unregistered","2026-09-30","passed","2026-09-30","","cta/generated.cta.spec.js","",""
"","7506","indices page | tradingInstrument | shortPositionGoToPlatformBtn","chromium-SCB-zh-hant-unregistered","2026-09-30","passed","2026-09-30","","cta/generated.cta.spec.js","",""
"","8076","bonds page | tradingInstrument | longPositionGoToPlatformBtn","chromium-CySEC-ro-ro-unauthorised","2026-09-30","passed","2026-09-30","","cta/generated.cta.spec.js","",""
"","7060","interestRates page | tradingInstrument | readyToJoinSignUpBtn","chromium-CySEC-it-it-unregistered","2026-09-30","passed","2026-09-30","","cta/generated.cta.spec.js","",""
"","12213","markets page | tradingInstrument | tradedBtn","chromium-SCB-ru-unregistered","2026-09-30","failed","2026-09-30","","cta/generated.cta.spec.js","",""
"","8117","cryptocurrencies page | tradingInstrument | sellBtn","chromium-CySEC-en-eu-unauthorised","2026-09-30","passed","2026-09-30","","cta/generated.cta.spec.js","",""
"","4902","interestRates page | tradingInstrument | addToFavouriteBtn","chromium-SCB-zh-hans-unregistered","2026-09-30","passed","2026-09-30","","cta/generated.cta.spec.js","",""
"","7750","markets page | tradingInstrument | viewDetailedChartBtn","chromium-CySEC-de-at-unregistered","2026-09-30","passed","2026-09-30","","cta/generated.cta.spec.js","",""
"","7792","indices page | tradingInstrument | longPositionGoToPlatformBtn","chromium-CySEC-fr-fr-unauthorised","2026-09-30","passed","2026-09-30","","cta/generated.cta.spec.js","",""
"","7226","forex page | tradingInstrument | buyBtn","chromium-CMA-ar-unauthorised","2026-09-30","passed","2026-09-30","","cta/generated.cta.spec.js","",""
"","8086","indices page | tradingInstrument | viewDetailedChartBtn","chromium-CySEC-en-eu-unauthorised","2026-09-30","passed","2026-09-30","","cta/generated.cta.spec.js","",""
"","7515","interestRates page | tradingInstrument | sellBtn","chromium-CySEC-en-eu-unregistered","2026-09-30","passed","2026-09-30","","cta/generated.cta.spec.js","",""
"","9084","indices page | tradingInstrument | tradedBtn","chromium-CySEC-hu-hu-unregistered","2026-09-30","passed","2026-09-30","","cta/generated.cta.spec.js","",""
"","9856","interestRates page | tradingInstrument | longPositionGoToPlatformBtn","chromium-SCB-de-unauthorised","2026-09-30","passed","2026-09-30","","cta/generated.cta.spec.js","",""
"","7260","markets page | heroBanner | signupBtn","chromium-CySEC-ro-ro-unauthorised","2026-09-30","passed","2026-09-30","","cta/generated.cta.spec.js","",""
"","7695","shares page | tradingInstrument | longPositionGoToPlatformBtn","chromium-SCB-de-unregistered","2026-09-30","passed","2026-09-30","","cta/generated.cta.spec.js","",""
"","7290","interestRates page | tradingInstrument | longPositionGoToPlatformBtn","chromium-ASIC-en-unregistered","2026-09-30","passed","2026-09-30","","cta/generated.cta.spec.js","",""
"","7641","shares page | tradingInstrument | addToFavouriteBtn","chromium-CySEC-hu-hu-unregistered","2026-09-30","passed","2026-09-30","","cta/generated.cta.spec.js","",""
"","8538","indices page | tradingInstrument | addToFavouriteBtn","chromium-CySEC-it-it-unauthorised","2026-09-30","passed","2026-09-30","","cta/generated.cta.spec.js","",""
"","7347","cryptocurrencies page | tradingInstrument | shortPositionGoToPlatformBtn","chromium-CySEC-de-at-unauthorised","2026-09-30","passed","2026-09-30","","cta/generated.cta.spec.js","",""
"","7018","shares page | tradingInstrument | alertBtn","chromium-FCA-en-unauthorised","2026-09-30","passed","2026-09-30","","cta/generated.cta.spec.js","",""
"","7463","cryptocurrencies page | tradingInstrument | readyToJoinSignUpBtn","chromium-SCB-zh-hant-unregistered","2026-09-30","passed","2026-09-30","","cta/generated.cta.spec.js","",""
"","7555","indices page | tradingInstrument | longPositionGoToPlatformBtn","chromium-SCB-de-unregistered","2026-09-30","passed","2026-09-30","","cta/generated.cta.spec.js","",""
"","7474","shares page | tradingInstrument | shortPositionGoToPlatformBtn","chromium-SCB-ru-unregistered","2026-09-30","passed","2026-09-30","","cta/generated.cta.spec.js","",""
"","7149","forex page | tradingInstrument | viewDetailedChartBtn","chromium-ASIC-en-unauthorised","2026-09-30","passed","2026-09-30","","cta/generated.cta.spec.js","",""
"","7407","shares page | tradingInstrument | readyToJoinSignUpBtn","chromium-SCB-ar-unregistered","2026-09-30","passed","2026-09-30","","cta/generated.cta.spec.js","",""
"","7467","cryptocurrencies page | tradingInstrument | shortPositionGoToPlatformBtn","chromium-SCB-en-unauthorised","2026-09-30","passed","2026-09-30","","cta/generated.cta.spec.js","",""
"","7326","interestRates page | tradingInstrument | sellBtn","chromium-CySEC-fr-fr-unregistered","2026-09-30","passed","2026-09-30","","cta/generated.cta.spec.js","",""
"","7141","shares page | tradingInstrument | readyToJoinSignUpBtn","chromium-ASIC-en-unauthorised","2026-09-30","passed","2026-09-30","","cta/generated.cta.spec.js","",""
"","7264","shares page | tradingInstrument | alertBtn","chromium-CySEC-hu-hu-unregistered","2026-09-30","passed","2026-09-30","","cta/generated.cta.spec.js","",""
"","8463","cryptocurrencies page | tradingInstrument | longPositionGoToPlatformBtn","chromium-CySEC-pl-pl-unauthorised","2026-09-30","passed","2026-09-30","","cta/generated.cta.spec.js","",""
"","7093","shares page | tradingInstrument | readyToJoinSignUpBtn","chromium-CySEC-fr-fr-unregistered","2026-09-30","passed","2026-09-30","","cta/generated.cta.spec.js","",""
"","7352","commodities page | heroBanner | signupBtn","chromium-CySEC-hu-hu-unregistered","2026-09-30","passed","2026-09-30","","cta/generated.cta.spec.js","",""
"","6836","commodities page | tradingInstrument | addToFavouriteBtn","chromium-CMA-en-unauthorised","2026-09-30","passed","2026-09-30","","cta/generated.cta.spec.js","",""
"","7490","bonds page | tradingInstrument | addToFavouriteBtn","chromium-SCB-ar-unauthorised","2026-09-30","passed","2026-09-30","","cta/generated.cta.spec.js","",""
"","7215","markets page | heroBanner | signupBtn","chromium-SCB-en-unregistered","2026-09-30","passed","2026-09-30","","cta/generated.cta.spec.js","",""
"","7359","commodities page | tradingInstrument | shortPositionGoToPlatformBtn","chromium-SCB-zh-hant-unregistered","2026-09-30","passed","2026-09-30","","cta/generated.cta.spec.js","",""
"","7364","forex page | tradingInstrument | readyToJoinSignUpBtn","chromium-SCB-zh-hant-unregistered","2026-09-30","passed","2026-09-30","","cta/generated.cta.spec.js","",""
"","7039","indices page | tradingInstrument | shortPositionGoToPlatformBtn","chromium-CMA-en-unregistered","2026-09-30","passed","2026-09-30","","cta/generated.cta.spec.js","",""
"","7688","commodities page | tradingInstrument | longPositionGoToPlatformBtn","chromium-SCB-es-unauthorised","2026-09-30","passed","2026-09-30","","cta/generated.cta.spec.js","",""
"","7770","cryptocurrencies page | tradingInstrument | readyToJoinSignUpBtn","chromium-CySEC-el-gr-unauthorised","2026-09-30","passed","2026-09-30","","cta/generated.cta.spec.js","",""
"","8046","indices page | tradingInstrument | addToFavouriteBtn","chromium-CySEC-ro-ro-unauthorised","2026-09-30","passed","2026-09-30","","cta/generated.cta.spec.js","",""
"","7221","interestRates page | tradingInstrument | shortPositionGoToPlatformBtn","chromium-CySEC-de-de-unregistered","2026-09-30","passed","2026-09-30","","cta/generated.cta.spec.js","",""
"","5540","cryptocurrencies page | tradingInstrument | tradedBtn","chromium-SCB-zh-hans-unregistered","2026-09-30","passed","2026-09-30","","cta/generated.cta.spec.js","",""
"","7565","interestRates page | tradingInstrument | shortPositionGoToPlatformBtn","chromium-SCB-fr-unauthorised","2026-09-30","passed","2026-09-30","","cta/generated.cta.spec.js","",""
"","7637","cryptocurrencies page | tradingInstrument | longPositionGoToPlatformBtn","chromium-CySEC-nl-nl-unregistered","2026-09-30","passed","2026-09-30","","cta/generated.cta.spec.js","",""
"","7655","interestRates page | tradingInstrument | readyToJoinSignUpBtn","chromium-CySEC-it-it-unauthorised","2026-09-30","passed","2026-09-30","","cta/generated.cta.spec.js","",""
"","7413","indices page | tradingInstrument | viewDetailedChartBtn","chromium-SCB-fr-unauthorised","2026-09-30","passed","2026-09-30","","cta/generated.cta.spec.js","",""
"","7061","forex page | tradingInstrument | buyBtn","chromium-CMA-en-unauthorised","2026-09-30","passed","2026-09-30","","cta/generated.cta.spec.js","",""
"","6512","interestRates page | heroBanner | signupBtn","chromium-FCA-en-unregistered","2026-09-30","passed","2026-09-30","","cta/generated.cta.spec.js","",""
"","7575","bonds page | tradingInstrument | buyBtn","chromium-SCB-de-unauthorised","2026-09-30","passed","2026-09-30","","cta/generated.cta.spec.js","",""
"","7500","bonds page | tradingInstrument | longPositionGoToPlatformBtn","chromium-SCB-ru-unregistered","2026-09-30","passed","2026-09-30","","cta/generated.cta.spec.js","",""
"","7220","interestRates page | tradingInstrument | alertBtn","chromium-SCB-fr-unregistered","2026-09-30","passed","2026-09-30","","cta/generated.cta.spec.js","",""
"","42","financeNews page | mostTradedMarketsBlock | tradedBtn","chromium-SCB-zh-hans-unregistered","2026-09-30","skipped","2026-09-30","","cta/generated.cta.spec.js","",""
"","7659","forex page | tradingInstrument | sellBtn","chromium-SCB-ar-unauthorised","2026-09-30","passed","2026-09-30","","cta/generated.cta.spec.js","",""
"","11676","forex page | tradingInstrument | tradedBtn","chromium-CMA-ar-unregistered","2026-09-30","failed","2026-09-30","","cta/generated.cta.spec.js","",""
"","47","financeNews page | mostTradedMarketsBlock | tradedBtn","chromium-SCB-de-unregistered","2026-09-30","skipped","2026-09-30","","cta/generated.cta.spec.js","",""
"","9252","markets page | tradingInstrument | tradedBtn","chromium-CySEC-de-at-unauthorised","2026-09-30","passed","2026-09-30","","cta/generated.cta.spec.js","",""
"","7383","bonds page | tradingInstrument | shortPositionGoToPlatformBtn","chromium-FCA-en-unauthorised","2026-09-30","passed","2026-09-30","","cta/generated.cta.spec.js","",""
"","7236","interestRates page | heroBanner | signupBtn","chromium-SCB-es-unregistered","2026-09-30","passed","2026-09-30","","cta/generated.cta.spec.js","",""
"","7560","shares page | tradingInstrument | longPositionGoToPlatformBtn","chromium-CySEC-fr-fr-unregistered","2026-09-30","passed","2026-09-30","","cta/generated.cta.spec.js","",""
"","8805","indices page | tradingInstrument | sellBtn","chromium-SCB-ar-unauthorised","2026-09-30","passed","2026-09-30","","cta/generated.cta.spec.js","",""
"","46","financeNews page | mostTradedMarketsBlock | tradedBtn","chromium-SCB-es-unauthorised","2026-09-30","skipped","2026-09-30","","cta/generated.cta.spec.js","",""
"","7301","indices page | tradingInstrument | readyToJoinSignUpBtn","chromium-SCB-ru-unregistered","2026-09-30","passed","2026-09-30","","cta/generated.cta.spec.js","",""
"","7478","commodities page | tradingInstrument | viewDetailedChartBtn","chromium-CySEC-el-gr-unauthorised","2026-09-30","passed","2026-09-30","","cta/generated.cta.spec.js","",""
"","7560","markets page | tradingInstrument | longPositionGoToPlatformBtn","chromium-SCB-en-unauthorised","2026-09-30","passed","2026-09-30","","cta/generated.cta.spec.js","",""
"","9401","interestRates page | tradingInstrument | tradedBtn","chromium-ASIC-en-unregistered","2026-09-30","passed","2026-09-30","","cta/generated.cta.spec.js","",""
"","8653","interestRates page | tradingInstrument | tradedBtn","chromium-CMA-en-unregistered","2026-09-30","passed","2026-09-30","","cta/generated.cta.spec.js","",""
"","9351","bonds page | tradingInstrument | tradedBtn","chromium-SCB-mn-unregistered","2026-09-30","passed","2026-09-30","","cta/generated.cta.spec.js","",""
"","7829","markets page | tradingInstrument | shortPositionGoToPlatformBtn","chromium-SCB-ru-unauthorised","2026-09-30","passed","2026-09-30","","cta/generated.cta.spec.js","",""
"","7279","bonds page | tradingInstrument | addToFavouriteBtn","chromium-SCB-en-unregistered","2026-09-30","passed","2026-09-30","","cta/generated.cta.spec.js","",""
"","7275","shares page | tradingInstrument | viewDetailedChartBtn","chromium-CySEC-it-it-unregistered","2026-09-30","passed","2026-09-30","","cta/generated.cta.spec.js","",""
"","7439","markets page | tradingInstrument | longPositionGoToPlatformBtn","chromium-SCB-vi-unregistered","2026-09-30","passed","2026-09-30","","cta/generated.cta.spec.js","",""
"","7390","interestRates page | tradingInstrument | buyBtn","chromium-SCB-fr-unregistered","2026-09-30","passed","2026-09-30","","cta/generated.cta.spec.js","",""
"","7316","markets page | tradingInstrument | viewDetailedChartBtn","chromium-CySEC-el-gr-unregistered","2026-09-30","passed","2026-09-30","","cta/generated.cta.spec.js","",""
"","10425","interestRates page | tradingInstrument | tradedBtn","chromium-CySEC-el-gr-unauthorised","2026-09-30","passed","2026-09-30","","cta/generated.cta.spec.js","",""
"","9357","interestRates page | tradingInstrument | tradedBtn","chromium-SCB-ru-unauthorised","2026-09-30","passed","2026-09-30","","cta/generated.cta.spec.js","",""
"","7733","forex page | tradingInstrument | shortPositionGoToPlatformBtn","chromium-SCB-en-unauthorised","2026-09-30","passed","2026-09-30","","cta/generated.cta.spec.js","",""
"","7449","forex page | heroBanner | signupBtn","chromium-SCB-vi-unregistered","2026-09-30","passed","2026-09-30","","cta/generated.cta.spec.js","",""
"","2975","commodities page | tradingInstrument | alertBtn","chromium-SCB-zh-hans-unregistered","2026-09-30","passed","2026-09-30","","cta/generated.cta.spec.js","",""
"","12167","forex page | tradingInstrument | tradedBtn","chromium-SCB-ar-unregistered","2026-09-30","failed","2026-09-30","","cta/generated.cta.spec.js","",""
"","7360","bonds page | tradingInstrument | shortPositionGoToPlatformBtn","chromium-CySEC-de-at-unregistered","2026-09-30","passed","2026-09-30","","cta/generated.cta.spec.js","",""
"","9750","shares page | tradingInstrument | tradedBtn","chromium-CySEC-hu-hu-unauthorised","2026-09-30","passed","2026-09-30","","cta/generated.cta.spec.js","",""
"","6253","forex page | heroBanner | signupBtn","chromium-CMA-en-unauthorised","2026-09-30","passed","2026-09-30","","cta/generated.cta.spec.js","",""
"","7745","markets page | tradingInstrument | longPositionGoToPlatformBtn","chromium-CySEC-de-de-unauthorised","2026-09-30","passed","2026-09-30","","cta/generated.cta.spec.js","",""
"","7548","shares page | tradingInstrument | sellBtn","chromium-SCB-mn-unregistered","2026-09-30","passed","2026-09-30","","cta/generated.cta.spec.js","",""
"","7633","markets page | heroBanner | signupBtn","chromium-SCB-ru-unauthorised","2026-09-30","passed","2026-09-30","","cta/generated.cta.spec.js","",""
"","9753","cryptocurrencies page | tradingInstrument | tradedBtn","chromium-CySEC-el-gr-unauthorised","2026-09-30","passed","2026-09-30","","cta/generated.cta.spec.js","",""
"","7452","markets page | tradingInstrument | longPositionGoToPlatformBtn","chromium-ASIC-en-unauthorised","2026-09-30","passed","2026-09-30","","cta/generated.cta.spec.js","",""
"","7763","indices page | tradingInstrument | addToFavouriteBtn","chromium-CySEC-nl-nl-unauthorised","2026-09-30","passed","2026-09-30","","cta/generated.cta.spec.js","",""
"","7865","commodities page | tradingInstrument | buyBtn","chromium-CySEC-el-gr-unregistered","2026-09-30","passed","2026-09-30","","cta/generated.cta.spec.js","",""
"","7611","shares page | tradingInstrument | longPositionGoToPlatformBtn","chromium-SCB-es-unregistered","2026-09-30","passed","2026-09-30","","cta/generated.cta.spec.js","",""
"","7721","shares page | tradingInstrument | shortPositionGoToPlatformBtn","chromium-SCB-fr-unauthorised","2026-09-30","passed","2026-09-30","","cta/generated.cta.spec.js","",""
"","6797","forex page | tradingInstrument | alertBtn","chromium-FCA-en-unregistered","2026-09-30","passed","2026-09-30","","cta/generated.cta.spec.js","",""
"","7567","bonds page | tradingInstrument | sellBtn","chromium-SCB-es-unauthorised","2026-09-30","passed","2026-09-30","","cta/generated.cta.spec.js","",""
"","8214","shares page | tradingInstrument | addToFavouriteBtn","chromium-CySEC-it-it-unauthorised","2026-09-30","passed","2026-09-30","","cta/generated.cta.spec.js","",""
"","7347","forex page | tradingInstrument | sellBtn","chromium-SCB-ru-unregistered","2026-09-30","passed","2026-09-30","","cta/generated.cta.spec.js","",""
"","7091","forex page | heroBanner | signupBtn","chromium-ASIC-en-unauthorised","2026-09-30","passed","2026-09-30","","cta/generated.cta.spec.js","",""
"","7434","bonds page | tradingInstrument | alertBtn","chromium-SCB-ru-unauthorised","2026-09-30","passed","2026-09-30","","cta/generated.cta.spec.js","",""
"","7223","commodities page | tradingInstrument | readyToJoinSignUpBtn","chromium-CySEC-pl-pl-unregistered","2026-09-30","passed","2026-09-30","","cta/generated.cta.spec.js","",""
"","8111","commodities page | tradingInstrument | buyBtn","chromium-CySEC-de-de-unauthorised","2026-09-30","passed","2026-09-30","","cta/generated.cta.spec.js","",""
"","8144","commodities page | tradingInstrument | addToFavouriteBtn","chromium-SCB-de-unauthorised","2026-09-30","passed","2026-09-30","","cta/generated.cta.spec.js","",""
"","9129","indices page | tradingInstrument | tradedBtn","chromium-SCB-vi-unregistered","2026-09-30","passed","2026-09-30","","cta/generated.cta.spec.js","",""
"","7673","markets page | tradingInstrument | sellBtn","chromium-SCB-es-unregistered","2026-09-30","passed","2026-09-30","","cta/generated.cta.spec.js","",""
"","7598","cryptocurrencies page | tradingInstrument | longPositionGoToPlatformBtn","chromium-SCB-vi-unauthorised","2026-09-30","passed","2026-09-30","","cta/generated.cta.spec.js","",""
"","8750","indices page | tradingInstrument | tradedBtn","chromium-CMA-en-unregistered","2026-09-30","passed","2026-09-30","","cta/generated.cta.spec.js","",""
"","7452","bonds page | tradingInstrument | viewDetailedChartBtn","chromium-CySEC-pl-pl-unauthorised","2026-09-30","passed","2026-09-30","","cta/generated.cta.spec.js","",""
"","7541","commodities page | tradingInstrument | alertBtn","chromium-SCB-de-unregistered","2026-09-30","passed","2026-09-30","","cta/generated.cta.spec.js","",""
"","7340","interestRates page | tradingInstrument | alertBtn","chromium-SCB-fr-unauthorised","2026-09-30","passed","2026-09-30","","cta/generated.cta.spec.js","",""
"","7749","bonds page | tradingInstrument | addToFavouriteBtn","chromium-SCB-ru-unregistered","2026-09-30","passed","2026-09-30","","cta/generated.cta.spec.js","",""
"","6938","indices page | tradingInstrument | alertBtn","chromium-FCA-en-unregistered","2026-09-30","passed","2026-09-30","","cta/generated.cta.spec.js","",""
"","7880","commodities page | tradingInstrument | addToFavouriteBtn","chromium-CySEC-ro-ro-unauthorised","2026-09-30","passed","2026-09-30","","cta/generated.cta.spec.js","",""
"","7298","forex page | tradingInstrument | alertBtn","chromium-CySEC-it-it-unregistered","2026-09-30","passed","2026-09-30","","cta/generated.cta.spec.js","",""
"","6843","shares page | tradingInstrument | buyBtn","chromium-CMA-ar-unauthorised","2026-09-30","passed","2026-09-30","","cta/generated.cta.spec.js","",""
"","7527","bonds page | tradingInstrument | buyBtn","chromium-CySEC-it-it-unregistered","2026-09-30","passed","2026-09-30","","cta/generated.cta.spec.js","",""
"","9127","bonds page | tradingInstrument | tradedBtn","chromium-CySEC-hu-hu-unregistered","2026-09-30","passed","2026-09-30","","cta/generated.cta.spec.js","",""
"","7490","shares page | tradingInstrument | readyToJoinSignUpBtn","chromium-SCB-en-unauthorised","2026-09-30","passed","2026-09-30","","cta/generated.cta.spec.js","",""
"","6741","shares page | heroBanner | signupBtn","chromium-CMA-ar-unregistered","2026-09-30","passed","2026-09-30","","cta/generated.cta.spec.js","",""
"","37","marketAnalysis page | readyToJoinBlock | signupBtn","chromium-SCB-vi-unauthorised","2026-09-30","skipped","2026-09-30","","cta/generated.cta.spec.js","",""
"","3511","cryptocurrencies page | tradingInstrument | readyToJoinSignUpBtn","chromium-SCB-zh-hans-unauthorised","2026-09-30","passed","2026-09-30","","cta/generated.cta.spec.js","",""
"","7583","cryptocurrencies page | tradingInstrument | shortPositionGoToPlatformBtn","chromium-ASIC-en-unauthorised","2026-09-30","passed","2026-09-30","","cta/generated.cta.spec.js","",""
"","7324","indices page | tradingInstrument | alertBtn","chromium-SCB-ru-unauthorised","2026-09-30","passed","2026-09-30","","cta/generated.cta.spec.js","",""
"","7750","indices page | tradingInstrument | longPositionGoToPlatformBtn","chromium-SCB-zh-hant-unauthorised","2026-09-30","passed","2026-09-30","","cta/generated.cta.spec.js","",""
"","7427","shares page | tradingInstrument | alertBtn","chromium-SCB-ru-unauthorised","2026-09-30","passed","2026-09-30","","cta/generated.cta.spec.js","",""
"","7664","commodities page | tradingInstrument | longPositionGoToPlatformBtn","chromium-CySEC-hu-hu-unauthorised","2026-09-30","passed","2026-09-30","","cta/generated.cta.spec.js","",""
"","7910","indices page | tradingInstrument | alertBtn","chromium-SCB-es-unregistered","2026-09-30","passed","2026-09-30","","cta/generated.cta.spec.js","",""
"","7105","commodities page | heroBanner | signupBtn","chromium-CySEC-de-de-unregistered","2026-09-30","passed","2026-09-30","","cta/generated.cta.spec.js","",""
"","7168","cryptocurrencies page | tradingInstrument | readyToJoinSignUpBtn","chromium-SCB-vi-unregistered","2026-09-30","passed","2026-09-30","","cta/generated.cta.spec.js","",""
"","7634","commodities page | tradingInstrument | sellBtn","chromium-SCB-es-unauthorised","2026-09-30","passed","2026-09-30","","cta/generated.cta.spec.js","",""
"","7584","commodities page | tradingInstrument | sellBtn","chromium-SCB-zh-hant-unauthorised","2026-09-30","passed","2026-09-30","","cta/generated.cta.spec.js","",""
"","7894","cryptocurrencies page | tradingInstrument | sellBtn","chromium-CySEC-ro-ro-unauthorised","2026-09-30","passed","2026-09-30","","cta/generated.cta.spec.js","",""
"","3254","shares page | heroBanner | signupBtn","chromium-SCB-zh-hans-unregistered","2026-09-30","passed","2026-09-30","","cta/generated.cta.spec.js","",""
"","7713","commodities page | tradingInstrument | buyBtn","chromium-SCB-ar-unregistered","2026-09-30","passed","2026-09-30","","cta/generated.cta.spec.js","",""
"","7693","cryptocurrencies page | tradingInstrument | alertBtn","chromium-SCB-es-unauthorised","2026-09-30","passed","2026-09-30","","cta/generated.cta.spec.js","",""
"","8070","shares page | tradingInstrument | buyBtn","chromium-CySEC-de-de-unauthorised","2026-09-30","passed","2026-09-30","","cta/generated.cta.spec.js","",""
"","6612","commodities page | tradingInstrument | viewDetailedChartBtn","chromium-CMA-ar-unauthorised","2026-09-30","passed","2026-09-30","","cta/generated.cta.spec.js","",""
"","7023","commodities page | tradingInstrument | sellBtn","chromium-CMA-ar-unregistered","2026-09-30","passed","2026-09-30","","cta/generated.cta.spec.js","",""
"","9284","indices page | tradingInstrument | tradedBtn","chromium-CySEC-it-it-unregistered","2026-09-30","passed","2026-09-30","","cta/generated.cta.spec.js","",""
"","7990","commodities page | tradingInstrument | alertBtn","chromium-CySEC-pl-pl-unauthorised","2026-09-30","passed","2026-09-30","","cta/generated.cta.spec.js","",""
"","7484","shares page | tradingInstrument | addToFavouriteBtn","chromium-SCB-ar-unauthorised","2026-09-30","passed","2026-09-30","","cta/generated.cta.spec.js","",""
"","7448","forex page | tradingInstrument | sellBtn","chromium-ASIC-en-unregistered","2026-09-30","passed","2026-09-30","","cta/generated.cta.spec.js","",""
"","69","financeNews page | mostTradedMarketsBlock | tradedBtn","chromium-SCB-ar-unregistered","2026-09-30","skipped","2026-09-30","","cta/generated.cta.spec.js","",""
"","7083","bonds page | tradingInstrument | readyToJoinSignUpBtn","chromium-SCB-en-unregistered","2026-09-30","passed","2026-09-30","","cta/generated.cta.spec.js","",""
"","7245","shares page | tradingInstrument | alertBtn","chromium-SCB-ar-unregistered","2026-09-30","passed","2026-09-30","","cta/generated.cta.spec.js","",""
"","7516","commodities page | tradingInstrument | shortPositionGoToPlatformBtn","chromium-SCB-vi-unauthorised","2026-09-30","passed","2026-09-30","","cta/generated.cta.spec.js","",""
"","7022","indices page | heroBanner | signupBtn","chromium-SCB-ru-unauthorised","2026-09-30","passed","2026-09-30","","cta/generated.cta.spec.js","",""
"","7491","cryptocurrencies page | tradingInstrument | readyToJoinSignUpBtn","chromium-CySEC-hu-hu-unauthorised","2026-09-30","passed","2026-09-30","","cta/generated.cta.spec.js","",""
"","7389","indices page | tradingInstrument | addToFavouriteBtn","chromium-SCB-en-unregistered","2026-09-30","passed","2026-09-30","","cta/generated.cta.spec.js","",""
"","8085","marketAnalysis page | mostTradedMarketsBlock | tradedBtn","chromium-CySEC-ro-ro-unauthorised","2026-09-30","passed","2026-09-30","","cta/generated.cta.spec.js","",""
"","7083","cryptocurrencies page | tradingInstrument | buyBtn","chromium-CMA-ar-unauthorised","2026-09-30","passed","2026-09-30","","cta/generated.cta.spec.js","",""
"","6957","shares page | tradingInstrument | shortPositionGoToPlatformBtn","chromium-CMA-ar-unregistered","2026-09-30","passed","2026-09-30","","cta/generated.cta.spec.js","",""
"","7556","shares page | tradingInstrument | viewDetailedChartBtn","chromium-CySEC-nl-nl-unauthorised","2026-09-30","passed","2026-09-30","","cta/generated.cta.spec.js","",""
"","7714","cryptocurrencies page | tradingInstrument | longPositionGoToPlatformBtn","chromium-SCB-de-unauthorised","2026-09-30","passed","2026-09-30","","cta/generated.cta.spec.js","",""
"","6809","marketAnalysis page | readyToJoinBlock | signupBtn","chromium-SCB-de-unregistered","2026-09-30","passed","2026-09-30","","cta/generated.cta.spec.js","",""
"","7788","shares page | heroBanner | signupBtn","chromium-CySEC-de-at-unregistered","2026-09-30","passed","2026-09-30","","cta/generated.cta.spec.js","",""
"","7471","commodities page | tradingInstrument | sellBtn","chromium-SCB-vi-unregistered","2026-09-30","passed","2026-09-30","","cta/generated.cta.spec.js","",""
"","6906","indices page | tradingInstrument | shortPositionGoToPlatformBtn","chromium-FCA-en-unauthorised","2026-09-30","passed","2026-09-30","","cta/generated.cta.spec.js","",""
"","7749","commodities page | tradingInstrument | shortPositionGoToPlatformBtn","chromium-SCB-mn-unauthorised","2026-09-30","passed","2026-09-30","","cta/generated.cta.spec.js","",""
"","7256","cryptocurrencies page | heroBanner | signupBtn","chromium-ASIC-en-unregistered","2026-09-30","passed","2026-09-30","","cta/generated.cta.spec.js","",""
"","7905","bonds page | tradingInstrument | sellBtn","chromium-CySEC-de-de-unauthorised","2026-09-30","passed","2026-09-30","","cta/generated.cta.spec.js","",""
"","7485","cryptocurrencies page | tradingInstrument | addToFavouriteBtn","chromium-CySEC-ro-ro-unauthorised","2026-09-30","passed","2026-09-30","","cta/generated.cta.spec.js","",""
"","8120","shares page | tradingInstrument | sellBtn","chromium-CySEC-pl-pl-unauthorised","2026-09-30","passed","2026-09-30","","cta/generated.cta.spec.js","",""
"","7759","forex page | tradingInstrument | longPositionGoToPlatformBtn","chromium-CySEC-de-de-unauthorised","2026-09-30","passed","2026-09-30","","cta/generated.cta.spec.js","",""
"","6882","cryptocurrencies page | heroBanner | signupBtn","chromium-ASIC-en-unauthorised","2026-09-30","passed","2026-09-30","","cta/generated.cta.spec.js","",""
"","7817","forex page | tradingInstrument | readyToJoinSignUpBtn","chromium-CySEC-en-eu-unauthorised","2026-09-30","passed","2026-09-30","","cta/generated.cta.spec.js","",""
"","7800","markets page | heroBanner | signupBtn","chromium-CySEC-el-gr-unregistered","2026-09-30","passed","2026-09-30","","cta/generated.cta.spec.js","",""
"","7361","commodities page | tradingInstrument | readyToJoinSignUpBtn","chromium-ASIC-en-unauthorised","2026-09-30","passed","2026-09-30","","cta/generated.cta.spec.js","",""
"","7533","commodities page | tradingInstrument | readyToJoinSignUpBtn","chromium-SCB-de-unauthorised","2026-09-30","passed","2026-09-30","","cta/generated.cta.spec.js","",""
"","7046","cryptocurrencies page | tradingInstrument | longPositionGoToPlatformBtn","chromium-CMA-ar-unauthorised","2026-09-30","passed","2026-09-30","","cta/generated.cta.spec.js","",""
"","7793","forex page | tradingInstrument | sellBtn","chromium-SCB-ru-unauthorised","2026-09-30","passed","2026-09-30","","cta/generated.cta.spec.js","",""
"","7603","commodities page | tradingInstrument | readyToJoinSignUpBtn","chromium-SCB-zh-hant-unauthorised","2026-09-30","passed","2026-09-30","","cta/generated.cta.spec.js","",""
"","7454","shares page | tradingInstrument | shortPositionGoToPlatformBtn","chromium-CySEC-it-it-unregistered","2026-09-30","passed","2026-09-30","","cta/generated.cta.spec.js","",""
"","7463","shares page | tradingInstrument | readyToJoinSignUpBtn","chromium-CySEC-en-eu-unauthorised","2026-09-30","passed","2026-09-30","","cta/generated.cta.spec.js","",""
"","7336","bonds page | tradingInstrument | addToFavouriteBtn","chromium-SCB-zh-hant-unregistered","2026-09-30","passed","2026-09-30","","cta/generated.cta.spec.js","",""
"","7540","markets page | tradingInstrument | readyToJoinSignUpBtn","chromium-SCB-ru-unauthorised","2026-09-30","passed","2026-09-30","","cta/generated.cta.spec.js","",""
"","7780","indices page | tradingInstrument | buyBtn","chromium-SCB-ar-unregistered","2026-09-30","passed","2026-09-30","","cta/generated.cta.spec.js","",""
"","6947","cryptocurrencies page | tradingInstrument | readyToJoinSignUpBtn","chromium-CMA-ar-unregistered","2026-09-30","passed","2026-09-30","","cta/generated.cta.spec.js","",""
"","7478","markets page | tradingInstrument | shortPositionGoToPlatformBtn","chromium-CySEC-en-eu-unregistered","2026-09-30","passed","2026-09-30","","cta/generated.cta.spec.js","",""
"","7496","markets page | tradingInstrument | alertBtn","chromium-CySEC-hu-hu-unauthorised","2026-09-30","passed","2026-09-30","","cta/generated.cta.spec.js","",""
"","7437","markets page | tradingInstrument | readyToJoinSignUpBtn","chromium-CySEC-en-eu-unauthorised","2026-09-30","passed","2026-09-30","","cta/generated.cta.spec.js","",""
"","9332","bonds page | tradingInstrument | tradedBtn","chromium-SCB-zh-hant-unauthorised","2026-09-30","passed","2026-09-30","","cta/generated.cta.spec.js","",""
"","7188","shares page | heroBanner | signupBtn","chromium-CySEC-hu-hu-unauthorised","2026-09-30","passed","2026-09-30","","cta/generated.cta.spec.js","",""
"","5176","cryptocurrencies page | tradingInstrument | addToFavouriteBtn","chromium-SCB-zh-hans-unauthorised","2026-09-30","passed","2026-09-30","","cta/generated.cta.spec.js","",""
"","7092","bonds page | tradingInstrument | alertBtn","chromium-CySEC-hu-hu-unregistered","2026-09-30","passed","2026-09-30","","cta/generated.cta.spec.js","",""
"","7411","interestRates page | tradingInstrument | alertBtn","chromium-SCB-de-unauthorised","2026-09-30","passed","2026-09-30","","cta/generated.cta.spec.js","",""
"","7670","shares page | tradingInstrument | sellBtn","chromium-CySEC-el-gr-unauthorised","2026-09-30","passed","2026-09-30","","cta/generated.cta.spec.js","",""
"","7399","indices page | tradingInstrument | shortPositionGoToPlatformBtn","chromium-CySEC-de-at-unauthorised","2026-09-30","passed","2026-09-30","","cta/generated.cta.spec.js","",""
"","8099","interestRates page | tradingInstrument | addToFavouriteBtn","chromium-CySEC-el-gr-unregistered","2026-09-30","passed","2026-09-30","","cta/generated.cta.spec.js","",""
"","6844","forex page | tradingInstrument | readyToJoinSignUpBtn","chromium-CMA-ar-unregistered","2026-09-30","passed","2026-09-30","","cta/generated.cta.spec.js","",""
"","8107","shares page | tradingInstrument | longPositionGoToPlatformBtn","chromium-SCB-ru-unauthorised","2026-09-30","passed","2026-09-30","","cta/generated.cta.spec.js","",""
"","7224","forex page | tradingInstrument | readyToJoinSignUpBtn","chromium-CySEC-it-it-unregistered","2026-09-30","passed","2026-09-30","","cta/generated.cta.spec.js","",""
"","7391","shares page | tradingInstrument | buyBtn","chromium-SCB-en-unregistered","2026-09-30","passed","2026-09-30","","cta/generated.cta.spec.js","",""
"","6882","markets page | heroBanner | signupBtn","chromium-SCB-en-unauthorised","2026-09-30","passed","2026-09-30","","cta/generated.cta.spec.js","",""
"","7954","shares page | tradingInstrument | sellBtn","chromium-CySEC-de-de-unauthorised","2026-09-30","passed","2026-09-30","","cta/generated.cta.spec.js","",""
"","7218","cryptocurrencies page | tradingInstrument | readyToJoinSignUpBtn","chromium-CySEC-pl-pl-unregistered","2026-09-30","passed","2026-09-30","","cta/generated.cta.spec.js","",""
"","7303","interestRates page | tradingInstrument | shortPositionGoToPlatformBtn","chromium-SCB-ru-unregistered","2026-09-30","passed","2026-09-30","","cta/generated.cta.spec.js","",""
"","7367","forex page | tradingInstrument | shortPositionGoToPlatformBtn","chromium-CySEC-en-eu-unregistered","2026-09-30","passed","2026-09-30","","cta/generated.cta.spec.js","",""
"","7823","markets page | tradingInstrument | buyBtn","chromium-CySEC-de-at-unregistered","2026-09-30","passed","2026-09-30","","cta/generated.cta.spec.js","",""
"","6954","marketAnalysis page | readyToJoinBlock | signupBtn","chromium-SCB-fr-unauthorised","2026-09-30","passed","2026-09-30","","cta/generated.cta.spec.js","",""
"","7796","commodities page | tradingInstrument | sellBtn","chromium-CySEC-el-gr-unregistered","2026-09-30","passed","2026-09-30","","cta/generated.cta.spec.js","",""
"","7212","cryptocurrencies page | tradingInstrument | alertBtn","chromium-SCB-en-unauthorised","2026-09-30","passed","2026-09-30","","cta/generated.cta.spec.js","",""
"","7801","bonds page | tradingInstrument | addToFavouriteBtn","chromium-SCB-de-unregistered","2026-09-30","passed","2026-09-30","","cta/generated.cta.spec.js","",""
"","8144","cryptocurrencies page | tradingInstrument | longPositionGoToPlatformBtn","chromium-CySEC-nl-nl-unauthorised","2026-09-30","passed","2026-09-30","","cta/generated.cta.spec.js","",""
"","9311","markets page | tradingInstrument | tradedBtn","chromium-CySEC-it-it-unregistered","2026-09-30","passed","2026-09-30","","cta/generated.cta.spec.js","",""
"","7048","interestRates page | tradingInstrument | shortPositionGoToPlatformBtn","chromium-CMA-en-unregistered","2026-09-30","passed","2026-09-30","","cta/generated.cta.spec.js","",""
"","7867","shares page | tradingInstrument | sellBtn","chromium-CySEC-hu-hu-unauthorised","2026-09-30","passed","2026-09-30","","cta/generated.cta.spec.js","",""
"","8378","interestRates page | tradingInstrument | readyToJoinSignUpBtn","chromium-CySEC-de-de-unauthorised","2026-09-30","passed","2026-09-30","","cta/generated.cta.spec.js","",""
"","7349","shares page | tradingInstrument | viewDetailedChartBtn","chromium-SCB-fr-unregistered","2026-09-30","passed","2026-09-30","","cta/generated.cta.spec.js","",""
"","7708","interestRates page | tradingInstrument | sellBtn","chromium-CySEC-nl-nl-unauthorised","2026-09-30","passed","2026-09-30","","cta/generated.cta.spec.js","",""
"","6984","forex page | tradingInstrument | longPositionGoToPlatformBtn","chromium-CMA-en-unauthorised","2026-09-30","passed","2026-09-30","","cta/generated.cta.spec.js","",""
"","7116","indices page | heroBanner | signupBtn","chromium-SCB-ar-unregistered","2026-09-30","passed","2026-09-30","","cta/generated.cta.spec.js","",""
"","7817","commodities page | tradingInstrument | buyBtn","chromium-SCB-vi-unregistered","2026-09-30","passed","2026-09-30","","cta/generated.cta.spec.js","",""
"","7418","forex page | tradingInstrument | addToFavouriteBtn","chromium-SCB-fr-unregistered","2026-09-30","passed","2026-09-30","","cta/generated.cta.spec.js","",""
"","7604","interestRates page | tradingInstrument | sellBtn","chromium-SCB-es-unauthorised","2026-09-30","passed","2026-09-30","","cta/generated.cta.spec.js","",""
"","7092","markets page | tradingInstrument | addToFavouriteBtn","chromium-CMA-en-unauthorised","2026-09-30","passed","2026-09-30","","cta/generated.cta.spec.js","",""
"","9367","cryptocurrencies page | tradingInstrument | tradedBtn","chromium-SCB-en-unregistered","2026-09-30","passed","2026-09-30","","cta/generated.cta.spec.js","",""
"","9519","forex page | tradingInstrument | tradedBtn","chromium-ASIC-en-unregistered","2026-09-30","passed","2026-09-30","","cta/generated.cta.spec.js","",""
"","7340","markets page | heroBanner | signupBtn","chromium-SCB-ar-unauthorised","2026-09-30","passed","2026-09-30","","cta/generated.cta.spec.js","",""
"","7260","shares page | tradingInstrument | viewDetailedChartBtn","chromium-CySEC-fr-fr-unregistered","2026-09-30","passed","2026-09-30","","cta/generated.cta.spec.js","",""
"","7510","shares page | tradingInstrument | buyBtn","chromium-CySEC-it-it-unregistered","2026-09-30","passed","2026-09-30","","cta/generated.cta.spec.js","",""
"","7201","cryptocurrencies page | tradingInstrument | alertBtn","chromium-ASIC-en-unregistered","2026-09-30","passed","2026-09-30","","cta/generated.cta.spec.js","",""
"","7911","commodities page | tradingInstrument | longPositionGoToPlatformBtn","chromium-CySEC-it-it-unauthorised","2026-09-30","passed","2026-09-30","","cta/generated.cta.spec.js","",""
"","7492","markets page | tradingInstrument | buyBtn","chromium-CySEC-fr-fr-unregistered","2026-09-30","passed","2026-09-30","","cta/generated.cta.spec.js","",""
"","7940","shares page | tradingInstrument | readyToJoinSignUpBtn","chromium-CySEC-ro-ro-unauthorised","2026-09-30","passed","2026-09-30","","cta/generated.cta.spec.js","",""
"","7945","bonds page | tradingInstrument | addToFavouriteBtn","chromium-CySEC-en-eu-unauthorised","2026-09-30","passed","2026-09-30","","cta/generated.cta.spec.js","",""
"","7595","cryptocurrencies page | tradingInstrument | sellBtn","chromium-ASIC-en-unregistered","2026-09-30","passed","2026-09-30","","cta/generated.cta.spec.js","",""
"","7361","interestRates page | tradingInstrument | shortPositionGoToPlatformBtn","chromium-SCB-es-unregistered","2026-09-30","passed","2026-09-30","","cta/generated.cta.spec.js","",""
"","6943","indices page | tradingInstrument | sellBtn","chromium-CMA-en-unauthorised","2026-09-30","passed","2026-09-30","","cta/generated.cta.spec.js","",""
"","8385","bonds page | tradingInstrument | longPositionGoToPlatformBtn","chromium-SCB-ar-unregistered","2026-09-30","passed","2026-09-30","","cta/generated.cta.spec.js","",""
"","8617","indices page | tradingInstrument | readyToJoinSignUpBtn","chromium-SCB-es-unauthorised","2026-09-30","passed","2026-09-30","","cta/generated.cta.spec.js","",""
"","7093","commodities page | heroBanner | signupBtn","chromium-CySEC-ro-ro-unregistered","2026-09-30","passed","2026-09-30","","cta/generated.cta.spec.js","",""
"","6937","markets page | tradingInstrument | readyToJoinSignUpBtn","chromium-CMA-en-unregistered","2026-09-30","passed","2026-09-30","","cta/generated.cta.spec.js","",""
"","7086","bonds page | tradingInstrument | viewDetailedChartBtn","chromium-ASIC-en-unregistered","2026-09-30","passed","2026-09-30","","cta/generated.cta.spec.js","",""
"","7313","bonds page | tradingInstrument | buyBtn","chromium-ASIC-en-unregistered","2026-09-30","passed","2026-09-30","","cta/generated.cta.spec.js","",""
"","7367","indices page | tradingInstrument | longPositionGoToPlatformBtn","chromium-SCB-zh-hant-unregistered","2026-09-30","passed","2026-09-30","","cta/generated.cta.spec.js","",""
"","7811","commodities page | tradingInstrument | buyBtn","chromium-SCB-ar-unauthorised","2026-09-30","passed","2026-09-30","","cta/generated.cta.spec.js","",""
"","7298","cryptocurrencies page | heroBanner | signupBtn","chromium-SCB-fr-unauthorised","2026-09-30","passed","2026-09-30","","cta/generated.cta.spec.js","",""
"","8143","shares page | tradingInstrument | sellBtn","chromium-CySEC-it-it-unauthorised","2026-09-30","passed","2026-09-30","","cta/generated.cta.spec.js","",""
"","7286","interestRates page | tradingInstrument | longPositionGoToPlatformBtn","chromium-SCB-mn-unregistered","2026-09-30","passed","2026-09-30","","cta/generated.cta.spec.js","",""
"","52","financeNews page | mostTradedMarketsBlock | tradedBtn","chromium-SCB-fr-unregistered","2026-09-30","skipped","2026-09-30","","cta/generated.cta.spec.js","",""
"","6715","interestRates page | tradingInstrument | alertBtn","chromium-CMA-en-unregistered","2026-09-30","passed","2026-09-30","","cta/generated.cta.spec.js","",""
"","7765","cryptocurrencies page | tradingInstrument | addToFavouriteBtn","chromium-SCB-fr-unregistered","2026-09-30","passed","2026-09-30","","cta/generated.cta.spec.js","",""
"","7999","indices page | tradingInstrument | alertBtn","chromium-SCB-mn-unauthorised","2026-09-30","passed","2026-09-30","","cta/generated.cta.spec.js","",""
"","6860","cryptocurrencies page | tradingInstrument | shortPositionGoToPlatformBtn","chromium-CMA-en-unauthorised","2026-09-30","passed","2026-09-30","","cta/generated.cta.spec.js","",""
"","9181","forex page | tradingInstrument | tradedBtn","chromium-SCB-en-unregistered","2026-09-30","passed","2026-09-30","","cta/generated.cta.spec.js","",""
"","7258","indices page | tradingInstrument | readyToJoinSignUpBtn","chromium-ASIC-en-unauthorised","2026-09-30","passed","2026-09-30","","cta/generated.cta.spec.js","",""
"","7113","cryptocurrencies page | heroBanner | signupBtn","chromium-SCB-zh-hant-unregistered","2026-09-30","passed","2026-09-30","","cta/generated.cta.spec.js","",""
"","7433","interestRates page | tradingInstrument | sellBtn","chromium-ASIC-en-unauthorised","2026-09-30","passed","2026-09-30","","cta/generated.cta.spec.js","",""
"","7203","interestRates page | tradingInstrument | sellBtn","chromium-CMA-ar-unauthorised","2026-09-30","passed","2026-09-30","","cta/generated.cta.spec.js","",""
"","8125","markets page | tradingInstrument | addToFavouriteBtn","chromium-SCB-mn-unregistered","2026-09-30","passed","2026-09-30","","cta/generated.cta.spec.js","",""
"","7355","indices page | tradingInstrument | shortPositionGoToPlatformBtn","chromium-SCB-en-unauthorised","2026-09-30","passed","2026-09-30","","cta/generated.cta.spec.js","",""
"","7152","bonds page | tradingInstrument | readyToJoinSignUpBtn","chromium-ASIC-en-unauthorised","2026-09-30","passed","2026-09-30","","cta/generated.cta.spec.js","",""
"","8113","interestRates page | tradingInstrument | sellBtn","chromium-SCB-en-unauthorised","2026-09-30","passed","2026-09-30","","cta/generated.cta.spec.js","",""
"","7139","bonds page | tradingInstrument | viewDetailedChartBtn","chromium-CySEC-it-it-unregistered","2026-09-30","passed","2026-09-30","","cta/generated.cta.spec.js","",""
"","7445","shares page | tradingInstrument | sellBtn","chromium-SCB-fr-unregistered","2026-09-30","passed","2026-09-30","","cta/generated.cta.spec.js","",""
"","6798","commodities page | tradingInstrument | alertBtn","chromium-CMA-ar-unauthorised","2026-09-30","passed","2026-09-30","","cta/generated.cta.spec.js","",""
"","7439","shares page | tradingInstrument | sellBtn","chromium-SCB-en-unauthorised","2026-09-30","passed","2026-09-30","","cta/generated.cta.spec.js","",""
"","7331","shares page | tradingInstrument | readyToJoinSignUpBtn","chromium-SCB-zh-hant-unregistered","2026-09-30","passed","2026-09-30","","cta/generated.cta.spec.js","",""
"","7431","shares page | heroBanner | signupBtn","chromium-SCB-de-unregistered","2026-09-30","passed","2026-09-30","","cta/generated.cta.spec.js","",""
"","7541","markets page | tradingInstrument | addToFavouriteBtn","chromium-CySEC-it-it-unregistered","2026-09-30","passed","2026-09-30","","cta/generated.cta.spec.js","",""
"","7940","bonds page | tradingInstrument | buyBtn","chromium-SCB-zh-hant-unauthorised","2026-09-30","passed","2026-09-30","","cta/generated.cta.spec.js","",""
"","7422","shares page | tradingInstrument | longPositionGoToPlatformBtn","chromium-CySEC-nl-nl-unregistered","2026-09-30","passed","2026-09-30","","cta/generated.cta.spec.js","",""
"","8566","interestRates page | tradingInstrument | buyBtn","chromium-SCB-es-unauthorised","2026-09-30","passed","2026-09-30","","cta/generated.cta.spec.js","",""
"","7637","indices page | tradingInstrument | alertBtn","chromium-CySEC-it-it-unauthorised","2026-09-30","passed","2026-09-30","","cta/generated.cta.spec.js","",""
"","7441","markets page | tradingInstrument | sellBtn","chromium-SCB-ar-unregistered","2026-09-30","passed","2026-09-30","","cta/generated.cta.spec.js","",""
"","7572","indices page | tradingInstrument | sellBtn","chromium-SCB-en-unregistered","2026-09-30","passed","2026-09-30","","cta/generated.cta.spec.js","",""
"","7336","bonds page | tradingInstrument | longPositionGoToPlatformBtn","chromium-CySEC-de-at-unregistered","2026-09-30","passed","2026-09-30","","cta/generated.cta.spec.js","",""
"","7492","bonds page | tradingInstrument | buyBtn","chromium-CySEC-pl-pl-unregistered","2026-09-30","passed","2026-09-30","","cta/generated.cta.spec.js","",""
"","8045","shares page | tradingInstrument | buyBtn","chromium-CySEC-it-it-unauthorised","2026-09-30","passed","2026-09-30","","cta/generated.cta.spec.js","",""
"","7746","shares page | tradingInstrument | longPositionGoToPlatformBtn","chromium-SCB-de-unauthorised","2026-09-30","passed","2026-09-30","","cta/generated.cta.spec.js","",""
"","7407","commodities page | tradingInstrument | buyBtn","chromium-CySEC-nl-nl-unregistered","2026-09-30","passed","2026-09-30","","cta/generated.cta.spec.js","",""
"","3425","commodities page | tradingInstrument | buyBtn","chromium-SCB-zh-hans-unregistered","2026-09-30","passed","2026-09-30","","cta/generated.cta.spec.js","",""
"","7747","indices page | tradingInstrument | buyBtn","chromium-CySEC-fr-fr-unregistered","2026-09-30","passed","2026-09-30","","cta/generated.cta.spec.js","",""
"","7097","interestRates page | tradingInstrument | alertBtn","chromium-CySEC-en-eu-unregistered","2026-09-30","passed","2026-09-30","","cta/generated.cta.spec.js","",""
"","9081","interestRates page | tradingInstrument | tradedBtn","chromium-CySEC-hu-hu-unregistered","2026-09-30","passed","2026-09-30","","cta/generated.cta.spec.js","",""
"","8253","markets page | tradingInstrument | longPositionGoToPlatformBtn","chromium-SCB-ru-unauthorised","2026-09-30","passed","2026-09-30","","cta/generated.cta.spec.js","",""
"","7148","interestRates page | tradingInstrument | alertBtn","chromium-SCB-en-unauthorised","2026-09-30","passed","2026-09-30","","cta/generated.cta.spec.js","",""
"","7689","indices page | tradingInstrument | sellBtn","chromium-SCB-fr-unauthorised","2026-09-30","passed","2026-09-30","","cta/generated.cta.spec.js","",""
"","7384","commodities page | tradingInstrument | readyToJoinSignUpBtn","chromium-SCB-en-unauthorised","2026-09-30","passed","2026-09-30","","cta/generated.cta.spec.js","",""
"","7791","forex page | tradingInstrument | addToFavouriteBtn","chromium-CySEC-it-it-unregistered","2026-09-30","passed","2026-09-30","","cta/generated.cta.spec.js","",""
"","7868","commodities page | tradingInstrument | sellBtn","chromium-CySEC-ro-ro-unauthorised","2026-09-30","passed","2026-09-30","","cta/generated.cta.spec.js","",""
"","7334","indices page | tradingInstrument | alertBtn","chromium-ASIC-en-unregistered","2026-09-30","passed","2026-09-30","","cta/generated.cta.spec.js","",""
"","7481","shares page | tradingInstrument | addToFavouriteBtn","chromium-SCB-vi-unauthorised","2026-09-30","passed","2026-09-30","","cta/generated.cta.spec.js","",""
"","6988","interestRates page | heroBanner | signupBtn","chromium-SCB-en-unregistered","2026-09-30","passed","2026-09-30","","cta/generated.cta.spec.js","",""
"","7611","bonds page | tradingInstrument | alertBtn","chromium-CySEC-ro-ro-unauthorised","2026-09-30","passed","2026-09-30","","cta/generated.cta.spec.js","",""
"","8929","shares page | tradingInstrument | buyBtn","chromium-CySEC-nl-nl-unauthorised","2026-09-30","passed","2026-09-30","","cta/generated.cta.spec.js","",""
"","7070","bonds page | tradingInstrument | shortPositionGoToPlatformBtn","chromium-CMA-ar-unregistered","2026-09-30","passed","2026-09-30","","cta/generated.cta.spec.js","",""
"","7451","commodities page | tradingInstrument | sellBtn","chromium-SCB-zh-hant-unregistered","2026-09-30","passed","2026-09-30","","cta/generated.cta.spec.js","",""
"","7486","cryptocurrencies page | tradingInstrument | shortPositionGoToPlatformBtn","chromium-SCB-mn-unauthorised","2026-09-30","passed","2026-09-30","","cta/generated.cta.spec.js","",""
"","7312","shares page | tradingInstrument | buyBtn","chromium-SCB-mn-unregistered","2026-09-30","passed","2026-09-30","","cta/generated.cta.spec.js","",""
"","7849","markets page | tradingInstrument | addToFavouriteBtn","chromium-SCB-de-unregistered","2026-09-30","passed","2026-09-30","","cta/generated.cta.spec.js","",""
"","9256","shares page | tradingInstrument | tradedBtn","chromium-CySEC-ro-ro-unregistered","2026-09-30","passed","2026-09-30","","cta/generated.cta.spec.js","",""
"","7864","forex page | tradingInstrument | addToFavouriteBtn","chromium-SCB-zh-hant-unregistered","2026-09-30","passed","2026-09-30","","cta/generated.cta.spec.js","",""
"","7214","markets page | heroBanner | signupBtn","chromium-SCB-es-unauthorised","2026-09-30","passed","2026-09-30","","cta/generated.cta.spec.js","",""
"","8040","forex page | tradingInstrument | tradedBtn","chromium-SCB-zh-hans-unregistered","2026-09-30","failed","2026-09-30","","cta/generated.cta.spec.js","",""
"","7300","interestRates page | tradingInstrument | viewDetailedChartBtn","chromium-SCB-zh-hant-unregistered","2026-09-30","passed","2026-09-30","","cta/generated.cta.spec.js","",""
"","7334","bonds page | tradingInstrument | shortPositionGoToPlatformBtn","chromium-SCB-fr-unregistered","2026-09-30","passed","2026-09-30","","cta/generated.cta.spec.js","",""
"","46","financeNews page | mostTradedMarketsBlock | tradedBtn","chromium-SCB-vi-unauthorised","2026-09-30","skipped","2026-09-30","","cta/generated.cta.spec.js","",""
"","7254","commodities page | heroBanner | signupBtn","chromium-SCB-mn-unregistered","2026-09-30","passed","2026-09-30","","cta/generated.cta.spec.js","",""
"","6836","forex page | tradingInstrument | readyToJoinSignUpBtn","chromium-CMA-ar-unauthorised","2026-09-30","passed","2026-09-30","","cta/generated.cta.spec.js","",""
"","7225","shares page | tradingInstrument | alertBtn","chromium-CySEC-fr-fr-unregistered","2026-09-30","passed","2026-09-30","","cta/generated.cta.spec.js","",""
"","7390","shares page | tradingInstrument | sellBtn","chromium-CySEC-nl-nl-unregistered","2026-09-30","passed","2026-09-30","","cta/generated.cta.spec.js","",""
"","7884","cryptocurrencies page | tradingInstrument | buyBtn","chromium-CySEC-de-at-unauthorised","2026-09-30","passed","2026-09-30","","cta/generated.cta.spec.js","",""
"","7835","commodities page | tradingInstrument | longPositionGoToPlatformBtn","chromium-CySEC-nl-nl-unauthorised","2026-09-30","passed","2026-09-30","","cta/generated.cta.spec.js","",""
"","7959","forex page | tradingInstrument | sellBtn","chromium-SCB-es-unauthorised","2026-09-30","passed","2026-09-30","","cta/generated.cta.spec.js","",""
"","7490","indices page | tradingInstrument | alertBtn","chromium-SCB-de-unregistered","2026-09-30","passed","2026-09-30","","cta/generated.cta.spec.js","",""
"","2922","shares page | heroBanner | signupBtn","chromium-SCB-zh-hans-unauthorised","2026-09-30","passed","2026-09-30","","cta/generated.cta.spec.js","",""
"","7424","cryptocurrencies page | tradingInstrument | shortPositionGoToPlatformBtn","chromium-CySEC-de-de-unregistered","2026-09-30","passed","2026-09-30","","cta/generated.cta.spec.js","",""
"","7707","shares page | heroBanner | signupBtn","chromium-SCB-mn-unregistered","2026-09-30","passed","2026-09-30","","cta/generated.cta.spec.js","",""
"","8171","indices page | tradingInstrument | sellBtn","chromium-CySEC-nl-nl-unauthorised","2026-09-30","passed","2026-09-30","","cta/generated.cta.spec.js","",""
"","7469","commodities page | tradingInstrument | addToFavouriteBtn","chromium-SCB-zh-hant-unauthorised","2026-09-30","passed","2026-09-30","","cta/generated.cta.spec.js","",""
"","7601","indices page | heroBanner | signupBtn","chromium-CySEC-pl-pl-unregistered","2026-09-30","passed","2026-09-30","","cta/generated.cta.spec.js","",""
"","8592","marketAnalysis page | mostTradedMarketsBlock | tradedBtn","chromium-SCB-de-unauthorised","2026-09-30","passed","2026-09-30","","cta/generated.cta.spec.js","",""
"","7826","shares page | tradingInstrument | sellBtn","chromium-SCB-ar-unregistered","2026-09-30","passed","2026-09-30","","cta/generated.cta.spec.js","",""
"","7431","bonds page | tradingInstrument | alertBtn","chromium-CySEC-en-eu-unauthorised","2026-09-30","passed","2026-09-30","","cta/generated.cta.spec.js","",""
"","7473","indices page | heroBanner | signupBtn","chromium-SCB-de-unregistered","2026-09-30","passed","2026-09-30","","cta/generated.cta.spec.js","",""
"","7593","markets page | tradingInstrument | buyBtn","chromium-ASIC-en-unauthorised","2026-09-30","passed","2026-09-30","","cta/generated.cta.spec.js","",""
"","12289","shares page | tradingInstrument | tradedBtn","chromium-SCB-zh-hant-unauthorised","2026-09-30","failed","2026-09-30","","cta/generated.cta.spec.js","",""
"","7281","commodities page | tradingInstrument | buyBtn","chromium-SCB-fr-unregistered","2026-09-30","passed","2026-09-30","","cta/generated.cta.spec.js","",""
"","7217","cryptocurrencies page | tradingInstrument | sellBtn","chromium-CMA-ar-unauthorised","2026-09-30","passed","2026-09-30","","cta/generated.cta.spec.js","",""
"","7763","cryptocurrencies page | tradingInstrument | readyToJoinSignUpBtn","chromium-SCB-es-unregistered","2026-09-30","passed","2026-09-30","","cta/generated.cta.spec.js","",""
"","7309","forex page | tradingInstrument | readyToJoinSignUpBtn","chromium-SCB-ru-unregistered","2026-09-30","passed","2026-09-30","","cta/generated.cta.spec.js","",""
"","6847","indices page | tradingInstrument | addToFavouriteBtn","chromium-FCA-en-unregistered","2026-09-30","passed","2026-09-30","","cta/generated.cta.spec.js","",""
"","7731","bonds page | heroBanner | signupBtn","chromium-CySEC-de-at-unregistered","2026-09-30","passed","2026-09-30","","cta/generated.cta.spec.js","",""
"","7206","bonds page | tradingInstrument | longPositionGoToPlatformBtn","chromium-CySEC-nl-nl-unregistered","2026-09-30","passed","2026-09-30","","cta/generated.cta.spec.js","",""
"","7818","forex page | tradingInstrument | buyBtn","chromium-CySEC-fr-fr-unregistered","2026-09-30","passed","2026-09-30","","cta/generated.cta.spec.js","",""
"","9650","interestRates page | tradingInstrument | tradedBtn","chromium-CySEC-fr-fr-unauthorised","2026-09-30","passed","2026-09-30","","cta/generated.cta.spec.js","",""
"","7188","commodities page | tradingInstrument | readyToJoinSignUpBtn","chromium-SCB-es-unregistered","2026-09-30","passed","2026-09-30","","cta/generated.cta.spec.js","",""
"","7586","shares page | tradingInstrument | buyBtn","chromium-CySEC-fr-fr-unregistered","2026-09-30","passed","2026-09-30","","cta/generated.cta.spec.js","",""
"","3513","indices page | tradingInstrument | buyBtn","chromium-SCB-zh-hans-unregistered","2026-09-30","passed","2026-09-30","","cta/generated.cta.spec.js","",""
"","7152","interestRates page | tradingInstrument | alertBtn","chromium-CySEC-fr-fr-unregistered","2026-09-30","passed","2026-09-30","","cta/generated.cta.spec.js","",""
"","8577","commodities page | tradingInstrument | addToFavouriteBtn","chromium-SCB-fr-unauthorised","2026-09-30","passed","2026-09-30","","cta/generated.cta.spec.js","",""
"","9758","shares page | tradingInstrument | tradedBtn","chromium-SCB-ru-unauthorised","2026-09-30","passed","2026-09-30","","cta/generated.cta.spec.js","",""
"","7043","forex page | heroBanner | signupBtn","chromium-CySEC-nl-nl-unregistered","2026-09-30","passed","2026-09-30","","cta/generated.cta.spec.js","",""
"","7422","commodities page | tradingInstrument | shortPositionGoToPlatformBtn","chromium-SCB-en-unauthorised","2026-09-30","passed","2026-09-30","","cta/generated.cta.spec.js","",""
"","7146","commodities page | tradingInstrument | viewDetailedChartBtn","chromium-CySEC-de-at-unauthorised","2026-09-30","passed","2026-09-30","","cta/generated.cta.spec.js","",""
"","7519","forex page | tradingInstrument | addToFavouriteBtn","chromium-CySEC-de-de-unregistered","2026-09-30","passed","2026-09-30","","cta/generated.cta.spec.js","",""
"","7217","cryptocurrencies page | tradingInstrument | viewDetailedChartBtn","chromium-CySEC-pl-pl-unregistered","2026-09-30","passed","2026-09-30","","cta/generated.cta.spec.js","",""
"","7531","indices page | tradingInstrument | sellBtn","chromium-SCB-ru-unauthorised","2026-09-30","passed","2026-09-30","","cta/generated.cta.spec.js","",""
"","7816","shares page | tradingInstrument | viewDetailedChartBtn","chromium-CySEC-pl-pl-unauthorised","2026-09-30","passed","2026-09-30","","cta/generated.cta.spec.js","",""
"","7831","forex page | tradingInstrument | readyToJoinSignUpBtn","chromium-CySEC-nl-nl-unauthorised","2026-09-30","passed","2026-09-30","","cta/generated.cta.spec.js","",""
"","7227","indices page | tradingInstrument | readyToJoinSignUpBtn","chromium-CySEC-de-at-unauthorised","2026-09-30","passed","2026-09-30","","cta/generated.cta.spec.js","",""
"","10084","interestRates page | tradingInstrument | tradedBtn","chromium-SCB-fr-unauthorised","2026-09-30","passed","2026-09-30","","cta/generated.cta.spec.js","",""
"","7460","indices page | heroBanner | signupBtn","chromium-CySEC-de-at-unregistered","2026-09-30","passed","2026-09-30","","cta/generated.cta.spec.js","",""
"","9026","commodities page | tradingInstrument | tradedBtn","chromium-CySEC-pl-pl-unregistered","2026-09-30","passed","2026-09-30","","cta/generated.cta.spec.js","",""
"","7888","indices page | tradingInstrument | viewDetailedChartBtn","chromium-SCB-de-unauthorised","2026-09-30","passed","2026-09-30","","cta/generated.cta.spec.js","",""
"","7542","commodities page | tradingInstrument | readyToJoinSignUpBtn","chromium-CySEC-nl-nl-unauthorised","2026-09-30","passed","2026-09-30","","cta/generated.cta.spec.js","",""
"","7885","commodities page | tradingInstrument | addToFavouriteBtn","chromium-CySEC-pl-pl-unregistered","2026-09-30","passed","2026-09-30","","cta/generated.cta.spec.js","",""
"","7131","commodities page | heroBanner | signupBtn","chromium-CySEC-de-at-unregistered","2026-09-30","passed","2026-09-30","","cta/generated.cta.spec.js","",""
"","7606","indices page | tradingInstrument | shortPositionGoToPlatformBtn","chromium-CySEC-de-at-unregistered","2026-09-30","passed","2026-09-30","","cta/generated.cta.spec.js","",""
"","7818","cryptocurrencies page | tradingInstrument | addToFavouriteBtn","chromium-CySEC-de-at-unregistered","2026-09-30","passed","2026-09-30","","cta/generated.cta.spec.js","",""
"","7887","markets page | tradingInstrument | alertBtn","chromium-SCB-zh-hant-unauthorised","2026-09-30","passed","2026-09-30","","cta/generated.cta.spec.js","",""
"","9281","cryptocurrencies page | tradingInstrument | tradedBtn","chromium-SCB-ru-unregistered","2026-09-30","passed","2026-09-30","","cta/generated.cta.spec.js","",""
"","7095","commodities page | tradingInstrument | readyToJoinSignUpBtn","chromium-SCB-mn-unregistered","2026-09-30","passed","2026-09-30","","cta/generated.cta.spec.js","",""
"","7590","marketPricing page | readyToJoinBlock | signupBtn","chromium-CySEC-hu-hu-unregistered","2026-09-30","passed","2026-09-30","","cta/generated.cta.spec.js","",""
"","8244","indices page | tradingInstrument | sellBtn","chromium-CySEC-de-de-unauthorised","2026-09-30","passed","2026-09-30","","cta/generated.cta.spec.js","",""
"","3014","markets page | tradingInstrument | buyBtn","chromium-SCB-zh-hans-unregistered","2026-09-30","passed","2026-09-30","","cta/generated.cta.spec.js","",""
"","9055","interestRates page | tradingInstrument | tradedBtn","chromium-SCB-vi-unregistered","2026-09-30","passed","2026-09-30","","cta/generated.cta.spec.js","",""
"","7684","cryptocurrencies page | tradingInstrument | sellBtn","chromium-SCB-es-unauthorised","2026-09-30","passed","2026-09-30","","cta/generated.cta.spec.js","",""
"","7731","forex page | tradingInstrument | buyBtn","chromium-CySEC-pl-pl-unregistered","2026-09-30","passed","2026-09-30","","cta/generated.cta.spec.js","",""
"","7645","commodities page | tradingInstrument | buyBtn","chromium-SCB-es-unauthorised","2026-09-30","passed","2026-09-30","","cta/generated.cta.spec.js","",""
"","7411","commodities page | tradingInstrument | sellBtn","chromium-SCB-ar-unregistered","2026-09-30","passed","2026-09-30","","cta/generated.cta.spec.js","",""
"","7459","markets page | tradingInstrument | shortPositionGoToPlatformBtn","chromium-CySEC-pl-pl-unregistered","2026-09-30","passed","2026-09-30","","cta/generated.cta.spec.js","",""
"","12421","indices page | tradingInstrument | tradedBtn","chromium-SCB-fr-unauthorised","2026-09-30","failed","2026-09-30","","cta/generated.cta.spec.js","",""
"","7828","interestRates page | tradingInstrument | viewDetailedChartBtn","chromium-CySEC-fr-fr-unauthorised","2026-09-30","passed","2026-09-30","","cta/generated.cta.spec.js","",""
"","7652","interestRates page | tradingInstrument | longPositionGoToPlatformBtn","chromium-CySEC-pl-pl-unauthorised","2026-09-30","passed","2026-09-30","","cta/generated.cta.spec.js","",""
"","7409","markets page | tradingInstrument | shortPositionGoToPlatformBtn","chromium-CySEC-fr-fr-unregistered","2026-09-30","passed","2026-09-30","","cta/generated.cta.spec.js","",""
"","7056","bonds page | tradingInstrument | sellBtn","chromium-CMA-ar-unauthorised","2026-09-30","passed","2026-09-30","","cta/generated.cta.spec.js","",""
"","7947","shares page | tradingInstrument | buyBtn","chromium-CySEC-pl-pl-unauthorised","2026-09-30","passed","2026-09-30","","cta/generated.cta.spec.js","",""
"","9410","indices page | tradingInstrument | tradedBtn","chromium-SCB-mn-unauthorised","2026-09-30","passed","2026-09-30","","cta/generated.cta.spec.js","",""
"","9490","commodities page | tradingInstrument | tradedBtn","chromium-CySEC-hu-hu-unauthorised","2026-09-30","passed","2026-09-30","","cta/generated.cta.spec.js","",""
"","7127","bonds page | heroBanner | signupBtn","chromium-CySEC-it-it-unauthorised","2026-09-30","passed","2026-09-30","","cta/generated.cta.spec.js","",""
"","7576","interestRates page | tradingInstrument | viewDetailedChartBtn","chromium-CySEC-pl-pl-unauthorised","2026-09-30","passed","2026-09-30","","cta/generated.cta.spec.js","",""
"","10337","cryptocurrencies page | tradingInstrument | tradedBtn","chromium-SCB-mn-unauthorised","2026-09-30","passed","2026-09-30","","cta/generated.cta.spec.js","",""
"","7604","bonds page | tradingInstrument | sellBtn","chromium-CySEC-de-at-unauthorised","2026-09-30","passed","2026-09-30","","cta/generated.cta.spec.js","",""
"","7467","bonds page | tradingInstrument | addToFavouriteBtn","chromium-SCB-fr-unauthorised","2026-09-30","passed","2026-09-30","","cta/generated.cta.spec.js","",""
"","7809","forex page | tradingInstrument | addToFavouriteBtn","chromium-SCB-mn-unregistered","2026-09-30","passed","2026-09-30","","cta/generated.cta.spec.js","",""
"","6092","cryptocurrencies page | heroBanner | signupBtn","chromium-CMA-en-unauthorised","2026-09-30","passed","2026-09-30","","cta/generated.cta.spec.js","",""
"","7960","cryptocurrencies page | heroBanner | signupBtn","chromium-SCB-de-unregistered","2026-09-30","passed","2026-09-30","","cta/generated.cta.spec.js","",""
"","6923","indices page | tradingInstrument | tradedBtn","chromium-SCB-zh-hans-unauthorised","2026-09-30","passed","2026-09-30","","cta/generated.cta.spec.js","",""
"","7227","forex page | tradingInstrument | longPositionGoToPlatformBtn","chromium-CMA-ar-unregistered","2026-09-30","passed","2026-09-30","","cta/generated.cta.spec.js","",""
"","6981","cryptocurrencies page | tradingInstrument | readyToJoinSignUpBtn","chromium-CMA-en-unregistered","2026-09-30","passed","2026-09-30","","cta/generated.cta.spec.js","",""
"","9851","markets page | tradingInstrument | longPositionGoToPlatformBtn","chromium-CySEC-ro-ro-unauthorised","2026-09-30","passed","2026-09-30","","cta/generated.cta.spec.js","",""
"","8841","indices page | tradingInstrument | viewDetailedChartBtn","chromium-CySEC-pl-pl-unauthorised","2026-09-30","passed","2026-09-30","","cta/generated.cta.spec.js","",""
"","7021","forex page | tradingInstrument | buyBtn","chromium-CMA-ar-unregistered","2026-09-30","passed","2026-09-30","","cta/generated.cta.spec.js","",""
"","6188","marketAnalysis page | mostTradedMarketsBlock | tradedBtn","chromium-CMA-en-unauthorised","2026-09-30","passed","2026-09-30","","cta/generated.cta.spec.js","",""
"","7639","markets page | heroBanner | signupBtn","chromium-CySEC-hu-hu-unregistered","2026-09-30","passed","2026-09-30","","cta/generated.cta.spec.js","",""
"","7454","shares page | tradingInstrument | longPositionGoToPlatformBtn","chromium-SCB-en-unauthorised","2026-09-30","passed","2026-09-30","","cta/generated.cta.spec.js","",""
"","8013","commodities page | tradingInstrument | addToFavouriteBtn","chromium-CySEC-en-eu-unregistered","2026-09-30","passed","2026-09-30","","cta/generated.cta.spec.js","",""
"","7897","markets page | tradingInstrument | longPositionGoToPlatformBtn","chromium-SCB-ar-unauthorised","2026-09-30","passed","2026-09-30","","cta/generated.cta.spec.js","",""
"","6997","commodities page | heroBanner | signupBtn","chromium-SCB-es-unauthorised","2026-09-30","passed","2026-09-30","","cta/generated.cta.spec.js","",""
"","7617","commodities page | tradingInstrument | alertBtn","chromium-CySEC-hu-hu-unauthorised","2026-09-30","passed","2026-09-30","","cta/generated.cta.spec.js","",""
"","10371","bonds page | tradingInstrument | tradedBtn","chromium-CySEC-en-eu-unauthorised","2026-09-30","passed","2026-09-30","","cta/generated.cta.spec.js","",""
"","7407","shares page | tradingInstrument | shortPositionGoToPlatformBtn","chromium-CySEC-fr-fr-unregistered","2026-09-30","passed","2026-09-30","","cta/generated.cta.spec.js","",""
"","7325","cryptocurrencies page | tradingInstrument | buyBtn","chromium-SCB-mn-unregistered","2026-09-30","passed","2026-09-30","","cta/generated.cta.spec.js","",""
"","9238","forex page | tradingInstrument | tradedBtn","chromium-CySEC-el-gr-unregistered","2026-09-30","passed","2026-09-30","","cta/generated.cta.spec.js","",""
"","7649","indices page | tradingInstrument | addToFavouriteBtn","chromium-SCB-fr-unauthorised","2026-09-30","passed","2026-09-30","","cta/generated.cta.spec.js","",""
"","7846","markets page | tradingInstrument | shortPositionGoToPlatformBtn","chromium-SCB-ru-unregistered","2026-09-30","passed","2026-09-30","","cta/generated.cta.spec.js","",""
"","7229","markets page | tradingInstrument | alertBtn","chromium-SCB-en-unauthorised","2026-09-30","passed","2026-09-30","","cta/generated.cta.spec.js","",""
"","7800","cryptocurrencies page | tradingInstrument | buyBtn","chromium-CySEC-it-it-unauthorised","2026-09-30","passed","2026-09-30","","cta/generated.cta.spec.js","",""
"","7850","markets page | tradingInstrument | addToFavouriteBtn","chromium-SCB-es-unregistered","2026-09-30","passed","2026-09-30","","cta/generated.cta.spec.js","",""
"","7475","commodities page | tradingInstrument | addToFavouriteBtn","chromium-SCB-ru-unregistered","2026-09-30","passed","2026-09-30","","cta/generated.cta.spec.js","",""
"","7686","forex page | tradingInstrument | shortPositionGoToPlatformBtn","chromium-SCB-zh-hant-unauthorised","2026-09-30","passed","2026-09-30","","cta/generated.cta.spec.js","",""
"","7328","interestRates page | heroBanner | signupBtn","chromium-CySEC-hu-hu-unauthorised","2026-09-30","passed","2026-09-30","","cta/generated.cta.spec.js","",""
"","7638","commodities page | tradingInstrument | sellBtn","chromium-CySEC-hu-hu-unregistered","2026-09-30","passed","2026-09-30","","cta/generated.cta.spec.js","",""
"","7271","markets page | tradingInstrument | viewDetailedChartBtn","chromium-CySEC-pl-pl-unregistered","2026-09-30","passed","2026-09-30","","cta/generated.cta.spec.js","",""
"","7445","forex page | heroBanner | signupBtn","chromium-CySEC-hu-hu-unregistered","2026-09-30","passed","2026-09-30","","cta/generated.cta.spec.js","",""
"","7565","cryptocurrencies page | tradingInstrument | buyBtn","chromium-CySEC-ro-ro-unregistered","2026-09-30","passed","2026-09-30","","cta/generated.cta.spec.js","",""
"","7187","shares page | tradingInstrument | alertBtn","chromium-SCB-vi-unregistered","2026-09-30","passed","2026-09-30","","cta/generated.cta.spec.js","",""
"","6908","commodities page | tradingInstrument | shortPositionGoToPlatformBtn","chromium-CMA-ar-unauthorised","2026-09-30","passed","2026-09-30","","cta/generated.cta.spec.js","",""
"","9070","markets page | tradingInstrument | tradedBtn","chromium-CySEC-pl-pl-unregistered","2026-09-30","passed","2026-09-30","","cta/generated.cta.spec.js","",""
"","2986","interestRates page | tradingInstrument | viewDetailedChartBtn","chromium-SCB-zh-hans-unregistered","2026-09-30","passed","2026-09-30","","cta/generated.cta.spec.js","",""
"","7321","markets page | tradingInstrument | alertBtn","chromium-CySEC-el-gr-unregistered","2026-09-30","passed","2026-09-30","","cta/generated.cta.spec.js","",""
"","7569","shares page | heroBanner | signupBtn","chromium-CySEC-ro-ro-unregistered","2026-09-30","passed","2026-09-30","","cta/generated.cta.spec.js","",""
"","7915","commodities page | tradingInstrument | addToFavouriteBtn","chromium-CySEC-fr-fr-unregistered","2026-09-30","passed","2026-09-30","","cta/generated.cta.spec.js","",""
"","7179","commodities page | tradingInstrument | viewDetailedChartBtn","chromium-CySEC-de-de-unregistered","2026-09-30","passed","2026-09-30","","cta/generated.cta.spec.js","",""
"","7669","shares page | tradingInstrument | longPositionGoToPlatformBtn","chromium-CySEC-en-eu-unregistered","2026-09-30","passed","2026-09-30","","cta/generated.cta.spec.js","",""
"","7822","indices page | tradingInstrument | shortPositionGoToPlatformBtn","chromium-CySEC-el-gr-unauthorised","2026-09-30","passed","2026-09-30","","cta/generated.cta.spec.js","",""
"","7340","interestRates page | tradingInstrument | longPositionGoToPlatformBtn","chromium-CySEC-de-at-unregistered","2026-09-30","passed","2026-09-30","","cta/generated.cta.spec.js","",""
"","7726","forex page | tradingInstrument | readyToJoinSignUpBtn","chromium-CySEC-it-it-unauthorised","2026-09-30","passed","2026-09-30","","cta/generated.cta.spec.js","",""
"","7563","shares page | tradingInstrument | sellBtn","chromium-CMA-en-unregistered","2026-09-30","passed","2026-09-30","","cta/generated.cta.spec.js","",""
"","7381","indices page | tradingInstrument | addToFavouriteBtn","chromium-SCB-fr-unregistered","2026-09-30","passed","2026-09-30","","cta/generated.cta.spec.js","",""
"","7234","interestRates page | tradingInstrument | longPositionGoToPlatformBtn","chromium-SCB-es-unregistered","2026-09-30","passed","2026-09-30","","cta/generated.cta.spec.js","",""
"","9276","bonds page | tradingInstrument | tradedBtn","chromium-SCB-mn-unauthorised","2026-09-30","passed","2026-09-30","","cta/generated.cta.spec.js","",""
"","6692","bonds page | tradingInstrument | alertBtn","chromium-CMA-ar-unauthorised","2026-09-30","passed","2026-09-30","","cta/generated.cta.spec.js","",""
"","7599","cryptocurrencies page | tradingInstrument | longPositionGoToPlatformBtn","chromium-SCB-zh-hant-unauthorised","2026-09-30","passed","2026-09-30","","cta/generated.cta.spec.js","",""
"","7776","cryptocurrencies page | tradingInstrument | readyToJoinSignUpBtn","chromium-CySEC-en-eu-unauthorised","2026-09-30","passed","2026-09-30","","cta/generated.cta.spec.js","",""
"","7207","indices page | tradingInstrument | viewDetailedChartBtn","chromium-CySEC-de-de-unregistered","2026-09-30","passed","2026-09-30","","cta/generated.cta.spec.js","",""
"","7112","interestRates page | tradingInstrument | viewDetailedChartBtn","chromium-CySEC-ro-ro-unregistered","2026-09-30","passed","2026-09-30","","cta/generated.cta.spec.js","",""
"","12150","indices page | tradingInstrument | tradedBtn","chromium-SCB-ar-unregistered","2026-09-30","failed","2026-09-30","","cta/generated.cta.spec.js","",""
"","7242","markets page | tradingInstrument | viewDetailedChartBtn","chromium-SCB-vi-unregistered","2026-09-30","passed","2026-09-30","","cta/generated.cta.spec.js","",""
"","7464","interestRates page | tradingInstrument | addToFavouriteBtn","chromium-SCB-es-unauthorised","2026-09-30","passed","2026-09-30","","cta/generated.cta.spec.js","",""
"","8479","markets page | tradingInstrument | buyBtn","chromium-CySEC-nl-nl-unauthorised","2026-09-30","passed","2026-09-30","","cta/generated.cta.spec.js","",""
"","7390","commodities page | tradingInstrument | shortPositionGoToPlatformBtn","chromium-CySEC-fr-fr-unregistered","2026-09-30","passed","2026-09-30","","cta/generated.cta.spec.js","",""
"","7568","cryptocurrencies page | tradingInstrument | addToFavouriteBtn","chromium-SCB-fr-unauthorised","2026-09-30","passed","2026-09-30","","cta/generated.cta.spec.js","",""
"","7185","interestRates page | heroBanner | signupBtn","chromium-SCB-zh-hant-unregistered","2026-09-30","passed","2026-09-30","","cta/generated.cta.spec.js","",""
"","7461","markets page | heroBanner | signupBtn","chromium-CySEC-it-it-unregistered","2026-09-30","passed","2026-09-30","","cta/generated.cta.spec.js","",""
"","7755","markets page | tradingInstrument | shortPositionGoToPlatformBtn","chromium-SCB-de-unauthorised","2026-09-30","passed","2026-09-30","","cta/generated.cta.spec.js","",""
"","7229","bonds page | tradingInstrument | viewDetailedChartBtn","chromium-SCB-vi-unregistered","2026-09-30","passed","2026-09-30","","cta/generated.cta.spec.js","",""
"","8222","interestRates page | tradingInstrument | alertBtn","chromium-CySEC-ro-ro-unauthorised","2026-09-30","passed","2026-09-30","","cta/generated.cta.spec.js","",""
"","7610","bonds page | tradingInstrument | viewDetailedChartBtn","chromium-CySEC-de-de-unauthorised","2026-09-30","passed","2026-09-30","","cta/generated.cta.spec.js","",""
"","7004","marketAnalysis page | readyToJoinBlock | signupBtn","chromium-SCB-es-unauthorised","2026-09-30","passed","2026-09-30","","cta/generated.cta.spec.js","",""
"","8685","shares page | tradingInstrument | tradedBtn","chromium-CMA-ar-unauthorised","2026-09-30","passed","2026-09-30","","cta/generated.cta.spec.js","",""
"","7160","forex page | tradingInstrument | alertBtn","chromium-SCB-fr-unregistered","2026-09-30","passed","2026-09-30","","cta/generated.cta.spec.js","",""
"","7964","commodities page | tradingInstrument | alertBtn","chromium-SCB-fr-unauthorised","2026-09-30","passed","2026-09-30","","cta/generated.cta.spec.js","",""
"","11759","interestRates page | tradingInstrument | tradedBtn","chromium-CMA-ar-unauthorised","2026-09-30","failed","2026-09-30","","cta/generated.cta.spec.js","",""
"","7105","interestRates page | tradingInstrument | readyToJoinSignUpBtn","chromium-CySEC-hu-hu-unregistered","2026-09-30","passed","2026-09-30","","cta/generated.cta.spec.js","",""
"","7432","commodities page | tradingInstrument | longPositionGoToPlatformBtn","chromium-CySEC-de-at-unregistered","2026-09-30","passed","2026-09-30","","cta/generated.cta.spec.js","",""
"","7704","markets page | tradingInstrument | shortPositionGoToPlatformBtn","chromium-SCB-fr-unauthorised","2026-09-30","passed","2026-09-30","","cta/generated.cta.spec.js","",""
"","7716","commodities page | tradingInstrument | buyBtn","chromium-CySEC-it-it-unauthorised","2026-09-30","passed","2026-09-30","","cta/generated.cta.spec.js","",""
"","7159","interestRates page | tradingInstrument | viewDetailedChartBtn","chromium-SCB-en-unregistered","2026-09-30","passed","2026-09-30","","cta/generated.cta.spec.js","",""
"","7440","markets page | tradingInstrument | sellBtn","chromium-SCB-de-unregistered","2026-09-30","passed","2026-09-30","","cta/generated.cta.spec.js","",""
"","7150","cryptocurrencies page | tradingInstrument | viewDetailedChartBtn","chromium-CySEC-de-de-unregistered","2026-09-30","passed","2026-09-30","","cta/generated.cta.spec.js","",""
"","7474","commodities page | tradingInstrument | addToFavouriteBtn","chromium-SCB-ar-unregistered","2026-09-30","passed","2026-09-30","","cta/generated.cta.spec.js","",""
"","7734","shares page | heroBanner | signupBtn","chromium-CySEC-it-it-unregistered","2026-09-30","passed","2026-09-30","","cta/generated.cta.spec.js","",""
"","37","marketAnalysis page | readyToJoinBlock | signupBtn","chromium-SCB-mn-unregistered","2026-09-30","skipped","2026-09-30","","cta/generated.cta.spec.js","",""
"","7117","interestRates page | heroBanner | signupBtn","chromium-SCB-vi-unauthorised","2026-09-30","passed","2026-09-30","","cta/generated.cta.spec.js","",""
"","9848","commodities page | tradingInstrument | tradedBtn","chromium-CySEC-it-it-unauthorised","2026-09-30","passed","2026-09-30","","cta/generated.cta.spec.js","",""
"","9251","commodities page | tradingInstrument | tradedBtn","chromium-CySEC-en-eu-unregistered","2026-09-30","passed","2026-09-30","","cta/generated.cta.spec.js","",""
"","7528","interestRates page | tradingInstrument | viewDetailedChartBtn","chromium-CySEC-en-eu-unauthorised","2026-09-30","passed","2026-09-30","","cta/generated.cta.spec.js","",""
"","7549","indices page | tradingInstrument | alertBtn","chromium-CySEC-hu-hu-unauthorised","2026-09-30","passed","2026-09-30","","cta/generated.cta.spec.js","",""
"","7602","indices page | tradingInstrument | addToFavouriteBtn","chromium-SCB-de-unregistered","2026-09-30","passed","2026-09-30","","cta/generated.cta.spec.js","",""
"","7012","indices page | tradingInstrument | buyBtn","chromium-CMA-ar-unauthorised","2026-09-30","passed","2026-09-30","","cta/generated.cta.spec.js","",""
"","8162","indices page | tradingInstrument | sellBtn","chromium-SCB-es-unauthorised","2026-09-30","passed","2026-09-30","","cta/generated.cta.spec.js","",""
"","7343","bonds page | tradingInstrument | readyToJoinSignUpBtn","chromium-CySEC-el-gr-unregistered","2026-09-30","passed","2026-09-30","","cta/generated.cta.spec.js","",""
"","7505","cryptocurrencies page | tradingInstrument | readyToJoinSignUpBtn","chromium-SCB-fr-unauthorised","2026-09-30","passed","2026-09-30","","cta/generated.cta.spec.js","",""
"","7406","cryptocurrencies page | tradingInstrument | readyToJoinSignUpBtn","chromium-SCB-de-unauthorised","2026-09-30","passed","2026-09-30","","cta/generated.cta.spec.js","",""
"","7348","marketAnalysis page | mostTradedMarketsBlock | tradedBtn","chromium-CySEC-it-it-unregistered","2026-09-30","passed","2026-09-30","","cta/generated.cta.spec.js","",""
"","7295","interestRates page | tradingInstrument | shortPositionGoToPlatformBtn","chromium-SCB-zh-hant-unregistered","2026-09-30","passed","2026-09-30","","cta/generated.cta.spec.js","",""
"","7265","forex page | heroBanner | signupBtn","chromium-SCB-mn-unregistered","2026-09-30","passed","2026-09-30","","cta/generated.cta.spec.js","",""
"","7038","cryptocurrencies page | heroBanner | signupBtn","chromium-SCB-mn-unauthorised","2026-09-30","passed","2026-09-30","","cta/generated.cta.spec.js","",""
"","7458","interestRates page | tradingInstrument | addToFavouriteBtn","chromium-SCB-es-unregistered","2026-09-30","passed","2026-09-30","","cta/generated.cta.spec.js","",""
"","7216","forex page | tradingInstrument | addToFavouriteBtn","chromium-ASIC-en-unauthorised","2026-09-30","passed","2026-09-30","","cta/generated.cta.spec.js","",""
"","7572","interestRates page | tradingInstrument | addToFavouriteBtn","chromium-SCB-zh-hant-unregistered","2026-09-30","passed","2026-09-30","","cta/generated.cta.spec.js","",""
"","7143","bonds page | tradingInstrument | addToFavouriteBtn","chromium-CySEC-de-at-unauthorised","2026-09-30","passed","2026-09-30","","cta/generated.cta.spec.js","",""
"","7637","markets page | tradingInstrument | buyBtn","chromium-SCB-zh-hant-unauthorised","2026-09-30","passed","2026-09-30","","cta/generated.cta.spec.js","",""
"","7406","bonds page | tradingInstrument | longPositionGoToPlatformBtn","chromium-SCB-zh-hant-unregistered","2026-09-30","passed","2026-09-30","","cta/generated.cta.spec.js","",""
"","40","financeNews page | mostTradedMarketsBlock | tradedBtn","chromium-SCB-zh-hans-unauthorised","2026-09-30","skipped","2026-09-30","","cta/generated.cta.spec.js","",""
"","6707","interestRates page | tradingInstrument | readyToJoinSignUpBtn","chromium-CMA-en-unregistered","2026-09-30","passed","2026-09-30","","cta/generated.cta.spec.js","",""
"","6888","interestRates page | tradingInstrument | buyBtn","chromium-FCA-en-unauthorised","2026-09-30","passed","2026-09-30","","cta/generated.cta.spec.js","",""
"","9692","commodities page | tradingInstrument | tradedBtn","chromium-CySEC-ro-ro-unauthorised","2026-09-30","passed","2026-09-30","","cta/generated.cta.spec.js","",""
"","7773","cryptocurrencies page | tradingInstrument | viewDetailedChartBtn","chromium-SCB-zh-hant-unauthorised","2026-09-30","passed","2026-09-30","","cta/generated.cta.spec.js","",""
"","7646","forex page | tradingInstrument | viewDetailedChartBtn","chromium-CySEC-de-de-unauthorised","2026-09-30","passed","2026-09-30","","cta/generated.cta.spec.js","",""
"","7464","cryptocurrencies page | tradingInstrument | buyBtn","chromium-ASIC-en-unregistered","2026-09-30","passed","2026-09-30","","cta/generated.cta.spec.js","",""
"","6814","commodities page | tradingInstrument | readyToJoinSignUpBtn","chromium-FCA-en-unauthorised","2026-09-30","passed","2026-09-30","","cta/generated.cta.spec.js","",""
"","7063","bonds page | tradingInstrument | viewDetailedChartBtn","chromium-CySEC-pl-pl-unregistered","2026-09-30","passed","2026-09-30","","cta/generated.cta.spec.js","",""
"","7417","cryptocurrencies page | tradingInstrument | viewDetailedChartBtn","chromium-CySEC-nl-nl-unregistered","2026-09-30","passed","2026-09-30","","cta/generated.cta.spec.js","",""
"","7551","interestRates page | tradingInstrument | readyToJoinSignUpBtn","chromium-SCB-es-unauthorised","2026-09-30","passed","2026-09-30","","cta/generated.cta.spec.js","",""
"","7734","shares page | tradingInstrument | sellBtn","chromium-SCB-ar-unauthorised","2026-09-30","passed","2026-09-30","","cta/generated.cta.spec.js","",""
"","7395","indices page | tradingInstrument | buyBtn","chromium-ASIC-en-unauthorised","2026-09-30","passed","2026-09-30","","cta/generated.cta.spec.js","",""
"","7107","bonds page | tradingInstrument | viewDetailedChartBtn","chromium-CySEC-de-at-unregistered","2026-09-30","passed","2026-09-30","","cta/generated.cta.spec.js","",""
"","7968","cryptocurrencies page | tradingInstrument | addToFavouriteBtn","chromium-CySEC-el-gr-unregistered","2026-09-30","passed","2026-09-30","","cta/generated.cta.spec.js","",""
"","7310","interestRates page | tradingInstrument | addToFavouriteBtn","chromium-SCB-vi-unregistered","2026-09-30","passed","2026-09-30","","cta/generated.cta.spec.js","",""
"","7569","shares page | tradingInstrument | shortPositionGoToPlatformBtn","chromium-SCB-zh-hant-unregistered","2026-09-30","passed","2026-09-30","","cta/generated.cta.spec.js","",""
"","7474","forex page | tradingInstrument | alertBtn","chromium-SCB-de-unregistered","2026-09-30","passed","2026-09-30","","cta/generated.cta.spec.js","",""
"","7144","bonds page | tradingInstrument | readyToJoinSignUpBtn","chromium-CySEC-pl-pl-unregistered","2026-09-30","passed","2026-09-30","","cta/generated.cta.spec.js","",""
"","7239","marketAnalysis page | mostTradedMarketsBlock | tradedBtn","chromium-CySEC-pl-pl-unauthorised","2026-09-30","passed","2026-09-30","","cta/generated.cta.spec.js","",""
"","7098","indices page | heroBanner | signupBtn","chromium-SCB-ar-unauthorised","2026-09-30","passed","2026-09-30","","cta/generated.cta.spec.js","",""
"","7336","bonds page | tradingInstrument | longPositionGoToPlatformBtn","chromium-SCB-fr-unregistered","2026-09-30","passed","2026-09-30","","cta/generated.cta.spec.js","",""
"","8175","cryptocurrencies page | tradingInstrument | shortPositionGoToPlatformBtn","chromium-CySEC-de-de-unauthorised","2026-09-30","passed","2026-09-30","","cta/generated.cta.spec.js","",""
"","6945","marketAnalysis page | mostTradedMarketsBlock | tradedBtn","chromium-SCB-ru-unregistered","2026-09-30","passed","2026-09-30","","cta/generated.cta.spec.js","",""
"","7079","interestRates page | tradingInstrument | readyToJoinSignUpBtn","chromium-CySEC-de-de-unregistered","2026-09-30","passed","2026-09-30","","cta/generated.cta.spec.js","",""
"","7567","shares page | tradingInstrument | addToFavouriteBtn","chromium-ASIC-en-unauthorised","2026-09-30","passed","2026-09-30","","cta/generated.cta.spec.js","",""
"","7089","indices page | heroBanner | signupBtn","chromium-CySEC-fr-fr-unauthorised","2026-09-30","passed","2026-09-30","","cta/generated.cta.spec.js","",""
"","12606","markets page | tradingInstrument | tradedBtn","chromium-SCB-fr-unauthorised","2026-09-30","failed","2026-09-30","","cta/generated.cta.spec.js","",""
"","6199","forex page | heroBanner | signupBtn","chromium-FCA-en-unauthorised","2026-09-30","passed","2026-09-30","","cta/generated.cta.spec.js","",""
"","7485","cryptocurrencies page | heroBanner | signupBtn","chromium-SCB-es-unauthorised","2026-09-30","passed","2026-09-30","","cta/generated.cta.spec.js","",""
"","7772","indices page | tradingInstrument | longPositionGoToPlatformBtn","chromium-CySEC-en-eu-unauthorised","2026-09-30","passed","2026-09-30","","cta/generated.cta.spec.js","",""
"","8343","forex page | tradingInstrument | alertBtn","chromium-SCB-fr-unauthorised","2026-09-30","passed","2026-09-30","","cta/generated.cta.spec.js","",""
"","7778","markets page | tradingInstrument | buyBtn","chromium-CySEC-nl-nl-unregistered","2026-09-30","passed","2026-09-30","","cta/generated.cta.spec.js","",""
"","8072","shares page | tradingInstrument | viewDetailedChartBtn","chromium-CySEC-en-eu-unauthorised","2026-09-30","passed","2026-09-30","","cta/generated.cta.spec.js","",""
"","7089","interestRates page | tradingInstrument | readyToJoinSignUpBtn","chromium-SCB-de-unregistered","2026-09-30","passed","2026-09-30","","cta/generated.cta.spec.js","",""
"","8084","interestRates page | tradingInstrument | buyBtn","chromium-SCB-en-unauthorised","2026-09-30","passed","2026-09-30","","cta/generated.cta.spec.js","",""
"","6738","forex page | tradingInstrument | viewDetailedChartBtn","chromium-FCA-en-unregistered","2026-09-30","passed","2026-09-30","","cta/generated.cta.spec.js","",""
"","7656","cryptocurrencies page | tradingInstrument | longPositionGoToPlatformBtn","chromium-SCB-de-unregistered","2026-09-30","passed","2026-09-30","","cta/generated.cta.spec.js","",""
"","7358","markets page | tradingInstrument | viewDetailedChartBtn","chromium-CySEC-fr-fr-unregistered","2026-09-30","passed","2026-09-30","","cta/generated.cta.spec.js","",""
"","7262","bonds page | tradingInstrument | sellBtn","chromium-SCB-vi-unregistered","2026-09-30","passed","2026-09-30","","cta/generated.cta.spec.js","",""
"","7093","bonds page | tradingInstrument | readyToJoinSignUpBtn","chromium-SCB-vi-unregistered","2026-09-30","passed","2026-09-30","","cta/generated.cta.spec.js","",""
"","7791","cryptocurrencies page | tradingInstrument | viewDetailedChartBtn","chromium-CySEC-ro-ro-unauthorised","2026-09-30","passed","2026-09-30","","cta/generated.cta.spec.js","",""
"","6804","marketPricing page | readyToJoinBlock | signupBtn","chromium-CySEC-nl-nl-unauthorised","2026-09-30","passed","2026-09-30","","cta/generated.cta.spec.js","",""
"","7928","shares page | tradingInstrument | buyBtn","chromium-CySEC-fr-fr-unauthorised","2026-09-30","passed","2026-09-30","","cta/generated.cta.spec.js","",""
"","5244","commodities page | tradingInstrument | readyToJoinSignUpBtn","chromium-SCB-zh-hans-unauthorised","2026-09-30","passed","2026-09-30","","cta/generated.cta.spec.js","",""
"","7962","commodities page | tradingInstrument | shortPositionGoToPlatformBtn","chromium-CySEC-de-de-unauthorised","2026-09-30","passed","2026-09-30","","cta/generated.cta.spec.js","",""
"","7847","shares page | tradingInstrument | shortPositionGoToPlatformBtn","chromium-CySEC-hu-hu-unauthorised","2026-09-30","passed","2026-09-30","","cta/generated.cta.spec.js","",""
"","12161","shares page | tradingInstrument | tradedBtn","chromium-SCB-zh-hant-unregistered","2026-09-30","failed","2026-09-30","","cta/generated.cta.spec.js","",""
"","6992","indices page | tradingInstrument | alertBtn","chromium-CMA-en-unauthorised","2026-09-30","passed","2026-09-30","","cta/generated.cta.spec.js","",""
"","7896","shares page | tradingInstrument | buyBtn","chromium-CySEC-hu-hu-unauthorised","2026-09-30","passed","2026-09-30","","cta/generated.cta.spec.js","",""
"","7460","commodities page | tradingInstrument | buyBtn","chromium-ASIC-en-unregistered","2026-09-30","passed","2026-09-30","","cta/generated.cta.spec.js","",""
"","7649","bonds page | tradingInstrument | viewDetailedChartBtn","chromium-SCB-ar-unauthorised","2026-09-30","passed","2026-09-30","","cta/generated.cta.spec.js","",""
"","7153","interestRates page | tradingInstrument | buyBtn","chromium-CMA-ar-unregistered","2026-09-30","passed","2026-09-30","","cta/generated.cta.spec.js","",""
"","7286","markets page | tradingInstrument | alertBtn","chromium-CySEC-de-at-unregistered","2026-09-30","passed","2026-09-30","","cta/generated.cta.spec.js","",""
"","8304","bonds page | heroBanner | signupBtn","chromium-SCB-mn-unregistered","2026-09-30","passed","2026-09-30","","cta/generated.cta.spec.js","",""
"","7690","shares page | tradingInstrument | addToFavouriteBtn","chromium-SCB-zh-hant-unauthorised","2026-09-30","passed","2026-09-30","","cta/generated.cta.spec.js","",""
"","7456","cryptocurrencies page | tradingInstrument | shortPositionGoToPlatformBtn","chromium-CySEC-fr-fr-unregistered","2026-09-30","passed","2026-09-30","","cta/generated.cta.spec.js","",""
"","7160","interestRates page | tradingInstrument | readyToJoinSignUpBtn","chromium-CySEC-en-eu-unregistered","2026-09-30","passed","2026-09-30","","cta/generated.cta.spec.js","",""
"","15772","financeNews page | mostTradedMarketsBlock | tradedBtn","chromium-SCB-en-unauthorised","2026-09-30","passed","2026-09-30","","cta/generated.cta.spec.js","",""
"","9291","indices page | tradingInstrument | tradedBtn","chromium-SCB-vi-unauthorised","2026-09-30","passed","2026-09-30","","cta/generated.cta.spec.js","",""
"","7476","commodities page | tradingInstrument | sellBtn","chromium-SCB-fr-unregistered","2026-09-30","passed","2026-09-30","","cta/generated.cta.spec.js","",""
"","7013","interestRates page | tradingInstrument | longPositionGoToPlatformBtn","chromium-CMA-ar-unauthorised","2026-09-30","passed","2026-09-30","","cta/generated.cta.spec.js","",""
"","7450","markets page | tradingInstrument | readyToJoinSignUpBtn","chromium-SCB-ru-unregistered","2026-09-30","passed","2026-09-30","","cta/generated.cta.spec.js","",""
"","8658","bonds page | tradingInstrument | readyToJoinSignUpBtn","chromium-SCB-ar-unauthorised","2026-09-30","passed","2026-09-30","","cta/generated.cta.spec.js","",""
"","7125","interestRates page | tradingInstrument | alertBtn","chromium-CySEC-it-it-unregistered","2026-09-30","passed","2026-09-30","","cta/generated.cta.spec.js","",""
"","7449","commodities page | tradingInstrument | viewDetailedChartBtn","chromium-SCB-vi-unauthorised","2026-09-30","passed","2026-09-30","","cta/generated.cta.spec.js","",""
"","9061","bonds page | tradingInstrument | tradedBtn","chromium-CySEC-it-it-unregistered","2026-09-30","passed","2026-09-30","","cta/generated.cta.spec.js","",""
"","4587","indices page | tradingInstrument | alertBtn","chromium-SCB-zh-hans-unauthorised","2026-09-30","passed","2026-09-30","","cta/generated.cta.spec.js","",""
"","7484","shares page | tradingInstrument | shortPositionGoToPlatformBtn","chromium-CySEC-el-gr-unregistered","2026-09-30","passed","2026-09-30","","cta/generated.cta.spec.js","",""
"","7692","indices page | tradingInstrument | shortPositionGoToPlatformBtn","chromium-ASIC-en-unregistered","2026-09-30","passed","2026-09-30","","cta/generated.cta.spec.js","",""
"","7189","forex page | tradingInstrument | addToFavouriteBtn","chromium-SCB-en-unauthorised","2026-09-30","passed","2026-09-30","","cta/generated.cta.spec.js","",""
"","7093","bonds page | tradingInstrument | readyToJoinSignUpBtn","chromium-CySEC-fr-fr-unregistered","2026-09-30","passed","2026-09-30","","cta/generated.cta.spec.js","",""
"","7006","commodities page | tradingInstrument | shortPositionGoToPlatformBtn","chromium-FCA-en-unregistered","2026-09-30","passed","2026-09-30","","cta/generated.cta.spec.js","",""
"","7460","bonds page | tradingInstrument | readyToJoinSignUpBtn","chromium-SCB-de-unauthorised","2026-09-30","passed","2026-09-30","","cta/generated.cta.spec.js","",""
"","7741","cryptocurrencies page | heroBanner | signupBtn","chromium-CySEC-de-at-unregistered","2026-09-30","passed","2026-09-30","","cta/generated.cta.spec.js","",""
"","7127","marketAnalysis page | mostTradedMarketsBlock | tradedBtn","chromium-CySEC-it-it-unauthorised","2026-09-30","passed","2026-09-30","","cta/generated.cta.spec.js","",""
"","7669","indices page | tradingInstrument | readyToJoinSignUpBtn","chromium-CySEC-hu-hu-unauthorised","2026-09-30","passed","2026-09-30","","cta/generated.cta.spec.js","",""
"","7273","forex page | tradingInstrument | addToFavouriteBtn","chromium-CySEC-el-gr-unauthorised","2026-09-30","passed","2026-09-30","","cta/generated.cta.spec.js","",""
"","8700","shares page | tradingInstrument | longPositionGoToPlatformBtn","chromium-CySEC-hu-hu-unauthorised","2026-09-30","passed","2026-09-30","","cta/generated.cta.spec.js","",""
"","7404","forex page | tradingInstrument | buyBtn","chromium-SCB-ar-unregistered","2026-09-30","passed","2026-09-30","","cta/generated.cta.spec.js","",""
"","7456","forex page | tradingInstrument | readyToJoinSignUpBtn","chromium-SCB-de-unregistered","2026-09-30","passed","2026-09-30","","cta/generated.cta.spec.js","",""
"","6940","cryptocurrencies page | tradingInstrument | readyToJoinSignUpBtn","chromium-CMA-en-unauthorised","2026-09-30","passed","2026-09-30","","cta/generated.cta.spec.js","",""
"","7353","indices page | tradingInstrument | viewDetailedChartBtn","chromium-SCB-zh-hant-unregistered","2026-09-30","passed","2026-09-30","","cta/generated.cta.spec.js","",""
"","9163","cryptocurrencies page | tradingInstrument | tradedBtn","chromium-SCB-vi-unregistered","2026-09-30","passed","2026-09-30","","cta/generated.cta.spec.js","",""
"","7387","bonds page | tradingInstrument | buyBtn","chromium-CySEC-de-at-unregistered","2026-09-30","passed","2026-09-30","","cta/generated.cta.spec.js","",""
"","7132","cryptocurrencies page | tradingInstrument | alertBtn","chromium-SCB-vi-unregistered","2026-09-30","passed","2026-09-30","","cta/generated.cta.spec.js","",""
"","6987","commodities page | heroBanner | signupBtn","chromium-SCB-zh-hant-unauthorised","2026-09-30","passed","2026-09-30","","cta/generated.cta.spec.js","",""
"","12392","interestRates page | tradingInstrument | tradedBtn","chromium-SCB-ar-unauthorised","2026-09-30","failed","2026-09-30","","cta/generated.cta.spec.js","",""
"","7192","shares page | tradingInstrument | readyToJoinSignUpBtn","chromium-CySEC-de-at-unregistered","2026-09-30","passed","2026-09-30","","cta/generated.cta.spec.js","",""
"","8172","forex page | tradingInstrument | alertBtn","chromium-CySEC-it-it-unauthorised","2026-09-30","passed","2026-09-30","","cta/generated.cta.spec.js","",""
"","7017","commodities page | tradingInstrument | alertBtn","chromium-CMA-en-unregistered","2026-09-30","passed","2026-09-30","","cta/generated.cta.spec.js","",""
"","7735","cryptocurrencies page | tradingInstrument | sellBtn","chromium-CySEC-it-it-unregistered","2026-09-30","passed","2026-09-30","","cta/generated.cta.spec.js","",""
"","7591","bonds page | tradingInstrument | sellBtn","chromium-SCB-ru-unregistered","2026-09-30","passed","2026-09-30","","cta/generated.cta.spec.js","",""
"","7523","forex page | tradingInstrument | readyToJoinSignUpBtn","chromium-CySEC-pl-pl-unauthorised","2026-09-30","passed","2026-09-30","","cta/generated.cta.spec.js","",""
"","7222","cryptocurrencies page | tradingInstrument | readyToJoinSignUpBtn","chromium-ASIC-en-unregistered","2026-09-30","passed","2026-09-30","","cta/generated.cta.spec.js","",""
"","7250","commodities page | tradingInstrument | alertBtn","chromium-SCB-fr-unregistered","2026-09-30","passed","2026-09-30","","cta/generated.cta.spec.js","",""
"","6795","interestRates page | tradingInstrument | viewDetailedChartBtn","chromium-CMA-ar-unregistered","2026-09-30","passed","2026-09-30","","cta/generated.cta.spec.js","",""
"","9749","markets page | tradingInstrument | tradedBtn","chromium-SCB-de-unauthorised","2026-09-30","passed","2026-09-30","","cta/generated.cta.spec.js","",""
"","9003","interestRates page | tradingInstrument | tradedBtn","chromium-SCB-es-unregistered","2026-09-30","passed","2026-09-30","","cta/generated.cta.spec.js","",""
"","7502","cryptocurrencies page | tradingInstrument | buyBtn","chromium-CySEC-de-de-unregistered","2026-09-30","passed","2026-09-30","","cta/generated.cta.spec.js","",""
"","7810","indices page | tradingInstrument | shortPositionGoToPlatformBtn","chromium-CySEC-fr-fr-unauthorised","2026-09-30","passed","2026-09-30","","cta/generated.cta.spec.js","",""
"","7367","forex page | heroBanner | signupBtn","chromium-SCB-fr-unregistered","2026-09-30","passed","2026-09-30","","cta/generated.cta.spec.js","",""
"","7690","commodities page | tradingInstrument | sellBtn","chromium-CySEC-it-it-unregistered","2026-09-30","passed","2026-09-30","","cta/generated.cta.spec.js","",""
"","8913","indices page | tradingInstrument | readyToJoinSignUpBtn","chromium-CySEC-it-it-unauthorised","2026-09-30","passed","2026-09-30","","cta/generated.cta.spec.js","",""
"","7790","interestRates page | tradingInstrument | addToFavouriteBtn","chromium-SCB-ru-unauthorised","2026-09-30","passed","2026-09-30","","cta/generated.cta.spec.js","",""
"","7602","commodities page | tradingInstrument | addToFavouriteBtn","chromium-CySEC-hu-hu-unauthorised","2026-09-30","passed","2026-09-30","","cta/generated.cta.spec.js","",""
"","8730","forex page | tradingInstrument | shortPositionGoToPlatformBtn","chromium-SCB-es-unauthorised","2026-09-30","passed","2026-09-30","","cta/generated.cta.spec.js","",""
"","7037","commodities page | heroBanner | signupBtn","chromium-SCB-fr-unregistered","2026-09-30","passed","2026-09-30","","cta/generated.cta.spec.js","",""
"","7312","commodities page | tradingInstrument | alertBtn","chromium-SCB-en-unregistered","2026-09-30","passed","2026-09-30","","cta/generated.cta.spec.js","",""
"","5261","cryptocurrencies page | tradingInstrument | shortPositionGoToPlatformBtn","chromium-SCB-zh-hans-unauthorised","2026-09-30","passed","2026-09-30","","cta/generated.cta.spec.js","",""
"","3153","cryptocurrencies page | tradingInstrument | alertBtn","chromium-SCB-zh-hans-unregistered","2026-09-30","passed","2026-09-30","","cta/generated.cta.spec.js","",""
"","6976","marketAnalysis page | mostTradedMarketsBlock | tradedBtn","chromium-CySEC-en-eu-unauthorised","2026-09-30","passed","2026-09-30","","cta/generated.cta.spec.js","",""
"","8732","commodities page | tradingInstrument | buyBtn","chromium-CySEC-hu-hu-unauthorised","2026-09-30","passed","2026-09-30","","cta/generated.cta.spec.js","",""
"","9752","forex page | tradingInstrument | tradedBtn","chromium-CySEC-el-gr-unauthorised","2026-09-30","passed","2026-09-30","","cta/generated.cta.spec.js","",""
"","6902","commodities page | tradingInstrument | alertBtn","chromium-FCA-en-unregistered","2026-09-30","passed","2026-09-30","","cta/generated.cta.spec.js","",""
"","6949","indices page | tradingInstrument | shortPositionGoToPlatformBtn","chromium-FCA-en-unregistered","2026-09-30","passed","2026-09-30","","cta/generated.cta.spec.js","",""
"","6979","interestRates page | tradingInstrument | alertBtn","chromium-SCB-vi-unregistered","2026-09-30","passed","2026-09-30","","cta/generated.cta.spec.js","",""
"","7025","bonds page | tradingInstrument | buyBtn","chromium-CMA-ar-unauthorised","2026-09-30","passed","2026-09-30","","cta/generated.cta.spec.js","",""
"","7158","cryptocurrencies page | tradingInstrument | alertBtn","chromium-CySEC-de-at-unauthorised","2026-09-30","passed","2026-09-30","","cta/generated.cta.spec.js","",""
"","7323","interestRates page | tradingInstrument | shortPositionGoToPlatformBtn","chromium-SCB-en-unregistered","2026-09-30","passed","2026-09-30","","cta/generated.cta.spec.js","",""
"","7424","shares page | tradingInstrument | shortPositionGoToPlatformBtn","chromium-SCB-vi-unregistered","2026-09-30","passed","2026-09-30","","cta/generated.cta.spec.js","",""
"","7241","forex page | tradingInstrument | viewDetailedChartBtn","chromium-SCB-en-unauthorised","2026-09-30","passed","2026-09-30","","cta/generated.cta.spec.js","",""
"","7361","shares page | heroBanner | signupBtn","chromium-CySEC-nl-nl-unregistered","2026-09-30","passed","2026-09-30","","cta/generated.cta.spec.js","",""
"","7375","interestRates page | tradingInstrument | shortPositionGoToPlatformBtn","chromium-CySEC-pl-pl-unregistered","2026-09-30","passed","2026-09-30","","cta/generated.cta.spec.js","",""
"","7278","shares page | tradingInstrument | viewDetailedChartBtn","chromium-CySEC-de-de-unregistered","2026-09-30","passed","2026-09-30","","cta/generated.cta.spec.js","",""
"","7773","indices page | tradingInstrument | longPositionGoToPlatformBtn","chromium-SCB-fr-unauthorised","2026-09-30","passed","2026-09-30","","cta/generated.cta.spec.js","",""
"","7427","commodities page | tradingInstrument | sellBtn","chromium-CMA-ar-unauthorised","2026-09-30","passed","2026-09-30","","cta/generated.cta.spec.js","",""
"","7459","bonds page | tradingInstrument | sellBtn","chromium-SCB-zh-hant-unauthorised","2026-09-30","passed","2026-09-30","","cta/generated.cta.spec.js","",""
"","7155","forex page | tradingInstrument | alertBtn","chromium-SCB-mn-unregistered","2026-09-30","passed","2026-09-30","","cta/generated.cta.spec.js","",""
"","7270","commodities page | tradingInstrument | sellBtn","chromium-ASIC-en-unregistered","2026-09-30","passed","2026-09-30","","cta/generated.cta.spec.js","",""
"","8017","markets page | tradingInstrument | shortPositionGoToPlatformBtn","chromium-ASIC-en-unregistered","2026-09-30","passed","2026-09-30","","cta/generated.cta.spec.js","",""
"","6992","shares page | tradingInstrument | longPositionGoToPlatformBtn","chromium-FCA-en-unauthorised","2026-09-30","passed","2026-09-30","","cta/generated.cta.spec.js","",""
"","7354","interestRates page | tradingInstrument | buyBtn","chromium-CySEC-ro-ro-unregistered","2026-09-30","passed","2026-09-30","","cta/generated.cta.spec.js","",""
"","7519","bonds page | tradingInstrument | viewDetailedChartBtn","chromium-SCB-de-unauthorised","2026-09-30","passed","2026-09-30","","cta/generated.cta.spec.js","",""
"","7180","commodities page | heroBanner | signupBtn","chromium-CySEC-pl-pl-unauthorised","2026-09-30","passed","2026-09-30","","cta/generated.cta.spec.js","",""
"","8117","cryptocurrencies page | tradingInstrument | addToFavouriteBtn","chromium-CySEC-pl-pl-unauthorised","2026-09-30","passed","2026-09-30","","cta/generated.cta.spec.js","",""
"","7422","bonds page | tradingInstrument | shortPositionGoToPlatformBtn","chromium-SCB-es-unregistered","2026-09-30","passed","2026-09-30","","cta/generated.cta.spec.js","",""
"","4897","commodities page | tradingInstrument | shortPositionGoToPlatformBtn","chromium-SCB-zh-hans-unauthorised","2026-09-30","passed","2026-09-30","","cta/generated.cta.spec.js","",""
"","10436","interestRates page | tradingInstrument | tradedBtn","chromium-CySEC-nl-nl-unauthorised","2026-09-30","passed","2026-09-30","","cta/generated.cta.spec.js","",""
"","3359","forex page | tradingInstrument | longPositionGoToPlatformBtn","chromium-SCB-zh-hans-unregistered","2026-09-30","passed","2026-09-30","","cta/generated.cta.spec.js","",""
"","6966","marketAnalysis page | readyToJoinBlock | signupBtn","chromium-SCB-ru-unauthorised","2026-09-30","passed","2026-09-30","","cta/generated.cta.spec.js","",""
"","6958","commodities page | tradingInstrument | shortPositionGoToPlatformBtn","chromium-CMA-ar-unregistered","2026-09-30","passed","2026-09-30","","cta/generated.cta.spec.js","",""
"","7902","markets page | tradingInstrument | sellBtn","chromium-CySEC-nl-nl-unauthorised","2026-09-30","passed","2026-09-30","","cta/generated.cta.spec.js","",""
"","7545","markets page | tradingInstrument | viewDetailedChartBtn","chromium-SCB-fr-unauthorised","2026-09-30","passed","2026-09-30","","cta/generated.cta.spec.js","",""
"","6765","indices page | tradingInstrument | readyToJoinSignUpBtn","chromium-FCA-en-unauthorised","2026-09-30","passed","2026-09-30","","cta/generated.cta.spec.js","",""
"","7242","shares page | tradingInstrument | alertBtn","chromium-CySEC-it-it-unregistered","2026-09-30","passed","2026-09-30","","cta/generated.cta.spec.js","",""
"","9285","shares page | tradingInstrument | tradedBtn","chromium-CySEC-de-de-unregistered","2026-09-30","passed","2026-09-30","","cta/generated.cta.spec.js","",""
"","7556","commodities page | tradingInstrument | longPositionGoToPlatformBtn","chromium-SCB-de-unregistered","2026-09-30","passed","2026-09-30","","cta/generated.cta.spec.js","",""
"","7516","indices page | tradingInstrument | readyToJoinSignUpBtn","chromium-SCB-ru-unauthorised","2026-09-30","passed","2026-09-30","","cta/generated.cta.spec.js","",""
"","7017","forex page | tradingInstrument | readyToJoinSignUpBtn","chromium-CMA-en-unregistered","2026-09-30","passed","2026-09-30","","cta/generated.cta.spec.js","",""
"","7786","commodities page | tradingInstrument | longPositionGoToPlatformBtn","chromium-CySEC-en-eu-unauthorised","2026-09-30","passed","2026-09-30","","cta/generated.cta.spec.js","",""
"","4207","interestRates page | tradingInstrument | shortPositionGoToPlatformBtn","chromium-SCB-zh-hans-unregistered","2026-09-30","passed","2026-09-30","","cta/generated.cta.spec.js","",""
"","6763","bonds page | tradingInstrument | addToFavouriteBtn","chromium-CMA-en-unauthorised","2026-09-30","passed","2026-09-30","","cta/generated.cta.spec.js","",""
"","7909","indices page | tradingInstrument | buyBtn","chromium-CySEC-hu-hu-unregistered","2026-09-30","passed","2026-09-30","","cta/generated.cta.spec.js","",""
"","8021","markets page | tradingInstrument | alertBtn","chromium-CySEC-ro-ro-unauthorised","2026-09-30","passed","2026-09-30","","cta/generated.cta.spec.js","",""
"","7287","markets page | tradingInstrument | alertBtn","chromium-SCB-es-unregistered","2026-09-30","passed","2026-09-30","","cta/generated.cta.spec.js","",""
"","6530","shares page | heroBanner | signupBtn","chromium-FCA-en-unregistered","2026-09-30","passed","2026-09-30","","cta/generated.cta.spec.js","",""
"","7578","bonds page | tradingInstrument | addToFavouriteBtn","chromium-CySEC-hu-hu-unregistered","2026-09-30","passed","2026-09-30","","cta/generated.cta.spec.js","",""
"","7634","cryptocurrencies page | tradingInstrument | buyBtn","chromium-SCB-es-unauthorised","2026-09-30","passed","2026-09-30","","cta/generated.cta.spec.js","",""
"","12048","forex page | tradingInstrument | tradedBtn","chromium-CySEC-ro-ro-unregistered","2026-09-30","failed","2026-09-30","","cta/generated.cta.spec.js","",""
"","3155","indices page | heroBanner | signupBtn","chromium-SCB-zh-hans-unauthorised","2026-09-30","passed","2026-09-30","","cta/generated.cta.spec.js","",""
"","8019","cryptocurrencies page | tradingInstrument | addToFavouriteBtn","chromium-CySEC-nl-nl-unauthorised","2026-09-30","passed","2026-09-30","","cta/generated.cta.spec.js","",""
"","8737","bonds page | tradingInstrument | addToFavouriteBtn","chromium-CySEC-ro-ro-unregistered","2026-09-30","passed","2026-09-30","","cta/generated.cta.spec.js","",""
"","10037","commodities page | tradingInstrument | tradedBtn","chromium-CySEC-en-eu-unauthorised","2026-09-30","passed","2026-09-30","","cta/generated.cta.spec.js","",""
"","9626","cryptocurrencies page | tradingInstrument | tradedBtn","chromium-SCB-fr-unauthorised","2026-09-30","passed","2026-09-30","","cta/generated.cta.spec.js","",""
"","7661","cryptocurrencies page | tradingInstrument | shortPositionGoToPlatformBtn","chromium-CySEC-el-gr-unauthorised","2026-09-30","passed","2026-09-30","","cta/generated.cta.spec.js","",""
"","4762","interestRates page | tradingInstrument | viewDetailedChartBtn","chromium-SCB-zh-hans-unauthorised","2026-09-30","passed","2026-09-30","","cta/generated.cta.spec.js","",""
"","7379","cryptocurrencies page | tradingInstrument | shortPositionGoToPlatformBtn","chromium-CySEC-nl-nl-unregistered","2026-09-30","passed","2026-09-30","","cta/generated.cta.spec.js","",""
"","7240","forex page | tradingInstrument | sellBtn","chromium-SCB-mn-unregistered","2026-09-30","passed","2026-09-30","","cta/generated.cta.spec.js","",""
"","7336","markets page | tradingInstrument | alertBtn","chromium-SCB-zh-hant-unregistered","2026-09-30","passed","2026-09-30","","cta/generated.cta.spec.js","",""
"","7573","indices page | tradingInstrument | shortPositionGoToPlatformBtn","chromium-CySEC-en-eu-unregistered","2026-09-30","passed","2026-09-30","","cta/generated.cta.spec.js","",""
"","7424","forex page | tradingInstrument | viewDetailedChartBtn","chromium-SCB-fr-unauthorised","2026-09-30","passed","2026-09-30","","cta/generated.cta.spec.js","",""
"","7468","cryptocurrencies page | tradingInstrument | addToFavouriteBtn","chromium-SCB-zh-hant-unauthorised","2026-09-30","passed","2026-09-30","","cta/generated.cta.spec.js","",""
"","7467","cryptocurrencies page | tradingInstrument | sellBtn","chromium-SCB-es-unregistered","2026-09-30","passed","2026-09-30","","cta/generated.cta.spec.js","",""
"","5044","forex page | tradingInstrument | viewDetailedChartBtn","chromium-SCB-zh-hans-unauthorised","2026-09-30","passed","2026-09-30","","cta/generated.cta.spec.js","",""
"","4907","cryptocurrencies page | tradingInstrument | viewDetailedChartBtn","chromium-SCB-zh-hans-unauthorised","2026-09-30","passed","2026-09-30","","cta/generated.cta.spec.js","",""
"","6913","interestRates page | tradingInstrument | longPositionGoToPlatformBtn","chromium-CMA-en-unregistered","2026-09-30","passed","2026-09-30","","cta/generated.cta.spec.js","",""
"","7285","interestRates page | tradingInstrument | buyBtn","chromium-SCB-zh-hant-unregistered","2026-09-30","passed","2026-09-30","","cta/generated.cta.spec.js","",""
"","7709","bonds page | tradingInstrument | readyToJoinSignUpBtn","chromium-SCB-en-unauthorised","2026-09-30","passed","2026-09-30","","cta/generated.cta.spec.js","",""
"","5039","markets page | tradingInstrument | addToFavouriteBtn","chromium-SCB-zh-hans-unauthorised","2026-09-30","passed","2026-09-30","","cta/generated.cta.spec.js","",""
"","7247","interestRates page | tradingInstrument | buyBtn","chromium-SCB-en-unregistered","2026-09-30","passed","2026-09-30","","cta/generated.cta.spec.js","",""
"","7314","shares page | tradingInstrument | addToFavouriteBtn","chromium-SCB-en-unauthorised","2026-09-30","passed","2026-09-30","","cta/generated.cta.spec.js","",""
"","7657","markets page | tradingInstrument | readyToJoinSignUpBtn","chromium-SCB-es-unauthorised","2026-09-30","passed","2026-09-30","","cta/generated.cta.spec.js","",""
"","7807","cryptocurrencies page | tradingInstrument | addToFavouriteBtn","chromium-CySEC-en-eu-unauthorised","2026-09-30","passed","2026-09-30","","cta/generated.cta.spec.js","",""
"","7388","commodities page | tradingInstrument | longPositionGoToPlatformBtn","chromium-CySEC-en-eu-unregistered","2026-09-30","passed","2026-09-30","","cta/generated.cta.spec.js","",""
"","7342","shares page | tradingInstrument | longPositionGoToPlatformBtn","chromium-SCB-vi-unregistered","2026-09-30","passed","2026-09-30","","cta/generated.cta.spec.js","",""
"","7466","shares page | tradingInstrument | shortPositionGoToPlatformBtn","chromium-CySEC-de-at-unauthorised","2026-09-30","passed","2026-09-30","","cta/generated.cta.spec.js","",""
"","7612","indices page | tradingInstrument | addToFavouriteBtn","chromium-CySEC-de-at-unregistered","2026-09-30","passed","2026-09-30","","cta/generated.cta.spec.js","",""
"","7215","commodities page | tradingInstrument | alertBtn","chromium-CySEC-de-de-unregistered","2026-09-30","passed","2026-09-30","","cta/generated.cta.spec.js","",""
"","7193","interestRates page | tradingInstrument | viewDetailedChartBtn","chromium-SCB-es-unregistered","2026-09-30","passed","2026-09-30","","cta/generated.cta.spec.js","",""
"","7498","cryptocurrencies page | tradingInstrument | shortPositionGoToPlatformBtn","chromium-SCB-vi-unauthorised","2026-09-30","passed","2026-09-30","","cta/generated.cta.spec.js","",""
"","8263","indices page | heroBanner | signupBtn","chromium-CySEC-ro-ro-unregistered","2026-09-30","passed","2026-09-30","","cta/generated.cta.spec.js","",""
"","7585","bonds page | tradingInstrument | longPositionGoToPlatformBtn","chromium-SCB-mn-unauthorised","2026-09-30","passed","2026-09-30","","cta/generated.cta.spec.js","",""
"","7639","cryptocurrencies page | tradingInstrument | alertBtn","chromium-CySEC-en-eu-unauthorised","2026-09-30","passed","2026-09-30","","cta/generated.cta.spec.js","",""
"","7749","bonds page | tradingInstrument | readyToJoinSignUpBtn","chromium-CySEC-ro-ro-unauthorised","2026-09-30","passed","2026-09-30","","cta/generated.cta.spec.js","",""
"","6966","commodities page | tradingInstrument | longPositionGoToPlatformBtn","chromium-CMA-ar-unregistered","2026-09-30","passed","2026-09-30","","cta/generated.cta.spec.js","",""
"","7534","forex page | tradingInstrument | alertBtn","chromium-SCB-zh-hant-unauthorised","2026-09-30","passed","2026-09-30","","cta/generated.cta.spec.js","",""
"","7652","forex page | tradingInstrument | sellBtn","chromium-FCA-en-unregistered","2026-09-30","passed","2026-09-30","","cta/generated.cta.spec.js","",""
"","7481","marketPricing page | readyToJoinBlock | signupBtn","chromium-CySEC-en-eu-unregistered","2026-09-30","passed","2026-09-30","","cta/generated.cta.spec.js","",""
"","7310","bonds page | tradingInstrument | addToFavouriteBtn","chromium-SCB-de-unauthorised","2026-09-30","passed","2026-09-30","","cta/generated.cta.spec.js","",""
"","7868","forex page | tradingInstrument | addToFavouriteBtn","chromium-CySEC-hu-hu-unauthorised","2026-09-30","passed","2026-09-30","","cta/generated.cta.spec.js","",""
"","7999","shares page | tradingInstrument | longPositionGoToPlatformBtn","chromium-SCB-fr-unauthorised","2026-09-30","passed","2026-09-30","","cta/generated.cta.spec.js","",""
"","7958","indices page | tradingInstrument | viewDetailedChartBtn","chromium-CySEC-fr-fr-unauthorised","2026-09-30","passed","2026-09-30","","cta/generated.cta.spec.js","",""
"","7219","markets page | tradingInstrument | viewDetailedChartBtn","chromium-CySEC-de-at-unauthorised","2026-09-30","passed","2026-09-30","","cta/generated.cta.spec.js","",""
"","7849","shares page | tradingInstrument | viewDetailedChartBtn","chromium-SCB-ar-unregistered","2026-09-30","passed","2026-09-30","","cta/generated.cta.spec.js","",""
"","7560","forex page | tradingInstrument | readyToJoinSignUpBtn","chromium-SCB-zh-hant-unauthorised","2026-09-30","passed","2026-09-30","","cta/generated.cta.spec.js","",""
"","7038","interestRates page | tradingInstrument | addToFavouriteBtn","chromium-CMA-en-unregistered","2026-09-30","passed","2026-09-30","","cta/generated.cta.spec.js","",""
"","9306","forex page | tradingInstrument | tradedBtn","chromium-SCB-vi-unauthorised","2026-09-30","passed","2026-09-30","","cta/generated.cta.spec.js","",""
"","7725","bonds page | tradingInstrument | shortPositionGoToPlatformBtn","chromium-CySEC-pl-pl-unauthorised","2026-09-30","passed","2026-09-30","","cta/generated.cta.spec.js","",""
"","8354","indices page | tradingInstrument | buyBtn","chromium-CySEC-hu-hu-unauthorised","2026-09-30","passed","2026-09-30","","cta/generated.cta.spec.js","",""
"","7279","bonds page | tradingInstrument | shortPositionGoToPlatformBtn","chromium-CySEC-it-it-unregistered","2026-09-30","passed","2026-09-30","","cta/generated.cta.spec.js","",""
"","7190","markets page | heroBanner | signupBtn","chromium-SCB-es-unregistered","2026-09-30","passed","2026-09-30","","cta/generated.cta.spec.js","",""
"","7040","interestRates page | tradingInstrument | buyBtn","chromium-CMA-ar-unauthorised","2026-09-30","passed","2026-09-30","","cta/generated.cta.spec.js","",""
"","7730","cryptocurrencies page | tradingInstrument | shortPositionGoToPlatformBtn","chromium-CySEC-ro-ro-unregistered","2026-09-30","passed","2026-09-30","","cta/generated.cta.spec.js","",""
"","5186","cryptocurrencies page | tradingInstrument | alertBtn","chromium-SCB-zh-hans-unauthorised","2026-09-30","passed","2026-09-30","","cta/generated.cta.spec.js","",""
"","9339","interestRates page | tradingInstrument | tradedBtn","chromium-CySEC-it-it-unregistered","2026-09-30","passed","2026-09-30","","cta/generated.cta.spec.js","",""
"","7707","shares page | tradingInstrument | alertBtn","chromium-CySEC-ro-ro-unregistered","2026-09-30","passed","2026-09-30","","cta/generated.cta.spec.js","",""
"","7836","forex page | tradingInstrument | shortPositionGoToPlatformBtn","chromium-CySEC-pl-pl-unauthorised","2026-09-30","passed","2026-09-30","","cta/generated.cta.spec.js","",""
"","7413","interestRates page | tradingInstrument | readyToJoinSignUpBtn","chromium-SCB-ru-unauthorised","2026-09-30","passed","2026-09-30","","cta/generated.cta.spec.js","",""
"","7062","bonds page | tradingInstrument | alertBtn","chromium-SCB-ru-unregistered","2026-09-30","passed","2026-09-30","","cta/generated.cta.spec.js","",""
"","9041","bonds page | tradingInstrument | tradedBtn","chromium-CySEC-fr-fr-unregistered","2026-09-30","passed","2026-09-30","","cta/generated.cta.spec.js","",""
"","7529","interestRates page | tradingInstrument | buyBtn","chromium-SCB-fr-unauthorised","2026-09-30","passed","2026-09-30","","cta/generated.cta.spec.js","",""
"","4935","commodities page | tradingInstrument | longPositionGoToPlatformBtn","chromium-SCB-zh-hans-unauthorised","2026-09-30","passed","2026-09-30","","cta/generated.cta.spec.js","",""
"","7295","interestRates page | tradingInstrument | longPositionGoToPlatformBtn","chromium-CySEC-de-de-unregistered","2026-09-30","passed","2026-09-30","","cta/generated.cta.spec.js","",""
"","7236","markets page | heroBanner | signupBtn","chromium-SCB-de-unregistered","2026-09-30","passed","2026-09-30","","cta/generated.cta.spec.js","",""
"","7871","cryptocurrencies page | tradingInstrument | shortPositionGoToPlatformBtn","chromium-SCB-ar-unauthorised","2026-09-30","passed","2026-09-30","","cta/generated.cta.spec.js","",""
"","9245","indices page | tradingInstrument | tradedBtn","chromium-CySEC-en-eu-unregistered","2026-09-30","passed","2026-09-30","","cta/generated.cta.spec.js","",""
"","5049","interestRates page | tradingInstrument | buyBtn","chromium-SCB-zh-hans-unauthorised","2026-09-30","passed","2026-09-30","","cta/generated.cta.spec.js","",""
"","7604","marketAnalysis page | mostTradedMarketsBlock | tradedBtn","chromium-SCB-es-unregistered","2026-09-30","passed","2026-09-30","","cta/generated.cta.spec.js","",""
"","8202","interestRates page | heroBanner | signupBtn","chromium-SCB-es-unauthorised","2026-09-30","passed","2026-09-30","","cta/generated.cta.spec.js","",""
"","6869","marketAnalysis page | mostTradedMarketsBlock | tradedBtn","chromium-CySEC-nl-nl-unauthorised","2026-09-30","passed","2026-09-30","","cta/generated.cta.spec.js","",""
"","7587","markets page | tradingInstrument | buyBtn","chromium-SCB-es-unauthorised","2026-09-30","passed","2026-09-30","","cta/generated.cta.spec.js","",""
"","7446","shares page | tradingInstrument | shortPositionGoToPlatformBtn","chromium-CySEC-hu-hu-unregistered","2026-09-30","passed","2026-09-30","","cta/generated.cta.spec.js","",""
"","7311","bonds page | tradingInstrument | longPositionGoToPlatformBtn","chromium-SCB-vi-unregistered","2026-09-30","passed","2026-09-30","","cta/generated.cta.spec.js","",""
"","6968","interestRates page | heroBanner | signupBtn","chromium-CySEC-en-eu-unregistered","2026-09-30","passed","2026-09-30","","cta/generated.cta.spec.js","",""
"","7814","markets page | tradingInstrument | viewDetailedChartBtn","chromium-CySEC-nl-nl-unauthorised","2026-09-30","passed","2026-09-30","","cta/generated.cta.spec.js","",""
"","7351","forex page | tradingInstrument | longPositionGoToPlatformBtn","chromium-CySEC-it-it-unregistered","2026-09-30","passed","2026-09-30","","cta/generated.cta.spec.js","",""
"","8111","indices page | tradingInstrument | longPositionGoToPlatformBtn","chromium-SCB-mn-unauthorised","2026-09-30","passed","2026-09-30","","cta/generated.cta.spec.js","",""
"","7184","cryptocurrencies page | tradingInstrument | alertBtn","chromium-CySEC-en-eu-unregistered","2026-09-30","passed","2026-09-30","","cta/generated.cta.spec.js","",""
"","7441","markets page | tradingInstrument | sellBtn","chromium-CySEC-it-it-unregistered","2026-09-30","passed","2026-09-30","","cta/generated.cta.spec.js","",""
"","7802","markets page | tradingInstrument | buyBtn","chromium-CySEC-hu-hu-unauthorised","2026-09-30","passed","2026-09-30","","cta/generated.cta.spec.js","",""
"","7297","bonds page | tradingInstrument | viewDetailedChartBtn","chromium-SCB-mn-unauthorised","2026-09-30","passed","2026-09-30","","cta/generated.cta.spec.js","",""
"","9165","bonds page | tradingInstrument | tradedBtn","chromium-CySEC-de-at-unregistered","2026-09-30","passed","2026-09-30","","cta/generated.cta.spec.js","",""
"","7426","cryptocurrencies page | heroBanner | signupBtn","chromium-SCB-ru-unregistered","2026-09-30","passed","2026-09-30","","cta/generated.cta.spec.js","",""
"","9327","markets page | tradingInstrument | tradedBtn","chromium-CySEC-el-gr-unregistered","2026-09-30","passed","2026-09-30","","cta/generated.cta.spec.js","",""
"","7128","forex page | tradingInstrument | viewDetailedChartBtn","chromium-SCB-zh-hant-unregistered","2026-09-30","passed","2026-09-30","","cta/generated.cta.spec.js","",""
"","7268","interestRates page | tradingInstrument | addToFavouriteBtn","chromium-SCB-en-unregistered","2026-09-30","passed","2026-09-30","","cta/generated.cta.spec.js","",""
"","7101","bonds page | tradingInstrument | readyToJoinSignUpBtn","chromium-ASIC-en-unregistered","2026-09-30","passed","2026-09-30","","cta/generated.cta.spec.js","",""
"","7739","indices page | tradingInstrument | addToFavouriteBtn","chromium-SCB-ru-unauthorised","2026-09-30","passed","2026-09-30","","cta/generated.cta.spec.js","",""
"","7251","marketPricing page | readyToJoinBlock | signupBtn","chromium-CySEC-fr-fr-unregistered","2026-09-30","passed","2026-09-30","","cta/generated.cta.spec.js","",""
"","7557","marketAnalysis page | mostTradedMarketsBlock | tradedBtn","chromium-SCB-zh-hant-unauthorised","2026-09-30","passed","2026-09-30","","cta/generated.cta.spec.js","",""
"","7170","shares page | tradingInstrument | viewDetailedChartBtn","chromium-SCB-mn-unregistered","2026-09-30","passed","2026-09-30","","cta/generated.cta.spec.js","",""
"","7653","shares page | tradingInstrument | alertBtn","chromium-CySEC-pl-pl-unauthorised","2026-09-30","passed","2026-09-30","","cta/generated.cta.spec.js","",""
"","6864","shares page | heroBanner | signupBtn","chromium-SCB-es-unauthorised","2026-09-30","passed","2026-09-30","","cta/generated.cta.spec.js","",""
"","7959","indices page | tradingInstrument | viewDetailedChartBtn","chromium-CySEC-nl-nl-unauthorised","2026-09-30","passed","2026-09-30","","cta/generated.cta.spec.js","",""
"","7625","commodities page | tradingInstrument | sellBtn","chromium-SCB-en-unregistered","2026-09-30","passed","2026-09-30","","cta/generated.cta.spec.js","",""
"","6855","interestRates page | heroBanner | signupBtn","chromium-CySEC-en-eu-unauthorised","2026-09-30","passed","2026-09-30","","cta/generated.cta.spec.js","",""
"","7513","commodities page | tradingInstrument | alertBtn","chromium-CySEC-nl-nl-unregistered","2026-09-30","passed","2026-09-30","","cta/generated.cta.spec.js","",""
"","9042","bonds page | tradingInstrument | tradedBtn","chromium-SCB-vi-unregistered","2026-09-30","passed","2026-09-30","","cta/generated.cta.spec.js","",""
"","7356","bonds page | heroBanner | signupBtn","chromium-CySEC-fr-fr-unauthorised","2026-09-30","passed","2026-09-30","","cta/generated.cta.spec.js","",""
"","7396","cryptocurrencies page | tradingInstrument | alertBtn","chromium-SCB-en-unregistered","2026-09-30","passed","2026-09-30","","cta/generated.cta.spec.js","",""
"","7597","shares page | tradingInstrument | shortPositionGoToPlatformBtn","chromium-SCB-es-unregistered","2026-09-30","passed","2026-09-30","","cta/generated.cta.spec.js","",""
"","7314","bonds page | tradingInstrument | buyBtn","chromium-SCB-zh-hant-unregistered","2026-09-30","passed","2026-09-30","","cta/generated.cta.spec.js","",""
"","7304","forex page | tradingInstrument | buyBtn","chromium-CySEC-ro-ro-unregistered","2026-09-30","passed","2026-09-30","","cta/generated.cta.spec.js","",""
"","6868","forex page | tradingInstrument | addToFavouriteBtn","chromium-CMA-en-unauthorised","2026-09-30","passed","2026-09-30","","cta/generated.cta.spec.js","",""
"","9318","indices page | tradingInstrument | tradedBtn","chromium-ASIC-en-unauthorised","2026-09-30","passed","2026-09-30","","cta/generated.cta.spec.js","",""
"","7439","cryptocurrencies page | tradingInstrument | alertBtn","chromium-CySEC-el-gr-unregistered","2026-09-30","passed","2026-09-30","","cta/generated.cta.spec.js","",""
"","7422","shares page | heroBanner | signupBtn","chromium-CySEC-nl-nl-unauthorised","2026-09-30","passed","2026-09-30","","cta/generated.cta.spec.js","",""
"","3134","markets page | tradingInstrument | viewDetailedChartBtn","chromium-SCB-zh-hans-unregistered","2026-09-30","passed","2026-09-30","","cta/generated.cta.spec.js","",""
"","7394","markets page | tradingInstrument | sellBtn","chromium-ASIC-en-unregistered","2026-09-30","passed","2026-09-30","","cta/generated.cta.spec.js","",""
"","7677","cryptocurrencies page | tradingInstrument | addToFavouriteBtn","chromium-SCB-mn-unauthorised","2026-09-30","passed","2026-09-30","","cta/generated.cta.spec.js","",""
"","7582","bonds page | tradingInstrument | sellBtn","chromium-CySEC-ro-ro-unregistered","2026-09-30","passed","2026-09-30","","cta/generated.cta.spec.js","",""
"","7485","interestRates page | tradingInstrument | buyBtn","chromium-CySEC-el-gr-unregistered","2026-09-30","passed","2026-09-30","","cta/generated.cta.spec.js","",""
"","6697","interestRates page | heroBanner | signupBtn","chromium-CySEC-de-at-unauthorised","2026-09-30","passed","2026-09-30","","cta/generated.cta.spec.js","",""
"","7489","commodities page | tradingInstrument | readyToJoinSignUpBtn","chromium-SCB-ru-unregistered","2026-09-30","passed","2026-09-30","","cta/generated.cta.spec.js","",""
"","7718","shares page | tradingInstrument | buyBtn","chromium-SCB-de-unregistered","2026-09-30","passed","2026-09-30","","cta/generated.cta.spec.js","",""
"","7032","commodities page | tradingInstrument | sellBtn","chromium-CMA-en-unregistered","2026-09-30","passed","2026-09-30","","cta/generated.cta.spec.js","",""
"","7336","markets page | tradingInstrument | viewDetailedChartBtn","chromium-CySEC-nl-nl-unregistered","2026-09-30","passed","2026-09-30","","cta/generated.cta.spec.js","",""
"","7850","commodities page | tradingInstrument | sellBtn","chromium-CySEC-ro-ro-unregistered","2026-09-30","passed","2026-09-30","","cta/generated.cta.spec.js","",""
"","7341","markets page | tradingInstrument | alertBtn","chromium-CySEC-el-gr-unauthorised","2026-09-30","passed","2026-09-30","","cta/generated.cta.spec.js","",""
"","10538","bonds page | tradingInstrument | tradedBtn","chromium-CySEC-de-de-unauthorised","2026-09-30","passed","2026-09-30","","cta/generated.cta.spec.js","",""
"","8356","markets page | tradingInstrument | viewDetailedChartBtn","chromium-CySEC-it-it-unauthorised","2026-09-30","passed","2026-09-30","","cta/generated.cta.spec.js","",""
"","9366","cryptocurrencies page | tradingInstrument | tradedBtn","chromium-CySEC-en-eu-unregistered","2026-09-30","passed","2026-09-30","","cta/generated.cta.spec.js","",""
"","7506","cryptocurrencies page | tradingInstrument | shortPositionGoToPlatformBtn","chromium-SCB-ar-unregistered","2026-09-30","passed","2026-09-30","","cta/generated.cta.spec.js","",""
"","3163","commodities page | tradingInstrument | shortPositionGoToPlatformBtn","chromium-SCB-zh-hans-unregistered","2026-09-30","passed","2026-09-30","","cta/generated.cta.spec.js","",""
"","7236","cryptocurrencies page | heroBanner | signupBtn","chromium-SCB-ru-unauthorised","2026-09-30","passed","2026-09-30","","cta/generated.cta.spec.js","",""
"","7234","bonds page | tradingInstrument | alertBtn","chromium-CMA-ar-unregistered","2026-09-30","passed","2026-09-30","","cta/generated.cta.spec.js","",""
"","3094","cryptocurrencies page | tradingInstrument | readyToJoinSignUpBtn","chromium-SCB-zh-hans-unregistered","2026-09-30","passed","2026-09-30","","cta/generated.cta.spec.js","",""
"","7611","markets page | tradingInstrument | longPositionGoToPlatformBtn","chromium-CySEC-el-gr-unregistered","2026-09-30","passed","2026-09-30","","cta/generated.cta.spec.js","",""
"","7198","interestRates page | tradingInstrument | buyBtn","chromium-CySEC-hu-hu-unregistered","2026-09-30","passed","2026-09-30","","cta/generated.cta.spec.js","",""
"","7493","shares page | tradingInstrument | alertBtn","chromium-SCB-mn-unregistered","2026-09-30","passed","2026-09-30","","cta/generated.cta.spec.js","",""
"","7712","forex page | tradingInstrument | addToFavouriteBtn","chromium-SCB-fr-unauthorised","2026-09-30","passed","2026-09-30","","cta/generated.cta.spec.js","",""
"","7103","interestRates page | tradingInstrument | viewDetailedChartBtn","chromium-CySEC-it-it-unregistered","2026-09-30","passed","2026-09-30","","cta/generated.cta.spec.js","",""
"","7482","bonds page | heroBanner | signupBtn","chromium-SCB-de-unregistered","2026-09-30","passed","2026-09-30","","cta/generated.cta.spec.js","",""
"","7527","shares page | tradingInstrument | viewDetailedChartBtn","chromium-SCB-de-unauthorised","2026-09-30","passed","2026-09-30","","cta/generated.cta.spec.js","",""
"","7087","bonds page | tradingInstrument | viewDetailedChartBtn","chromium-CySEC-de-at-unauthorised","2026-09-30","passed","2026-09-30","","cta/generated.cta.spec.js","",""
"","7357","bonds page | tradingInstrument | sellBtn","chromium-CySEC-de-de-unregistered","2026-09-30","passed","2026-09-30","","cta/generated.cta.spec.js","",""
"","6959","markets page | tradingInstrument | longPositionGoToPlatformBtn","chromium-CMA-en-unauthorised","2026-09-30","passed","2026-09-30","","cta/generated.cta.spec.js","",""
"","7162","interestRates page | tradingInstrument | addToFavouriteBtn","chromium-ASIC-en-unauthorised","2026-09-30","passed","2026-09-30","","cta/generated.cta.spec.js","",""
"","7391","indices page | tradingInstrument | sellBtn","chromium-CySEC-de-at-unauthorised","2026-09-30","passed","2026-09-30","","cta/generated.cta.spec.js","",""
"","7284","markets page | tradingInstrument | alertBtn","chromium-SCB-fr-unregistered","2026-09-30","passed","2026-09-30","","cta/generated.cta.spec.js","",""
"","7761","interestRates page | tradingInstrument | viewDetailedChartBtn","chromium-CySEC-ro-ro-unauthorised","2026-09-30","passed","2026-09-30","","cta/generated.cta.spec.js","",""
"","7202","markets page | tradingInstrument | viewDetailedChartBtn","chromium-CySEC-hu-hu-unregistered","2026-09-30","passed","2026-09-30","","cta/generated.cta.spec.js","",""
"","7462","forex page | tradingInstrument | addToFavouriteBtn","chromium-SCB-mn-unauthorised","2026-09-30","passed","2026-09-30","","cta/generated.cta.spec.js","",""
"","7563","shares page | tradingInstrument | sellBtn","chromium-ASIC-en-unauthorised","2026-09-30","passed","2026-09-30","","cta/generated.cta.spec.js","",""
"","8173","interestRates page | tradingInstrument | sellBtn","chromium-CySEC-ro-ro-unauthorised","2026-09-30","passed","2026-09-30","","cta/generated.cta.spec.js","",""
"","7458","bonds page | tradingInstrument | sellBtn","chromium-ASIC-en-unregistered","2026-09-30","passed","2026-09-30","","cta/generated.cta.spec.js","",""
"","6789","commodities page | heroBanner | signupBtn","chromium-CySEC-de-at-unauthorised","2026-09-30","passed","2026-09-30","","cta/generated.cta.spec.js","",""
"","7488","commodities page | tradingInstrument | shortPositionGoToPlatformBtn","chromium-CySEC-de-at-unregistered","2026-09-30","passed","2026-09-30","","cta/generated.cta.spec.js","",""
"","7272","bonds page | tradingInstrument | viewDetailedChartBtn","chromium-SCB-zh-hant-unauthorised","2026-09-30","passed","2026-09-30","","cta/generated.cta.spec.js","",""
"","7135","marketAnalysis page | mostTradedMarketsBlock | tradedBtn","chromium-ASIC-en-unregistered","2026-09-30","passed","2026-09-30","","cta/generated.cta.spec.js","",""
"","7716","interestRates page | tradingInstrument | addToFavouriteBtn","chromium-ASIC-en-unregistered","2026-09-30","passed","2026-09-30","","cta/generated.cta.spec.js","",""
"","7342","markets page | tradingInstrument | viewDetailedChartBtn","chromium-ASIC-en-unregistered","2026-09-30","passed","2026-09-30","","cta/generated.cta.spec.js","",""
"","7445","commodities page | tradingInstrument | longPositionGoToPlatformBtn","chromium-SCB-es-unregistered","2026-09-30","passed","2026-09-30","","cta/generated.cta.spec.js","",""
"","4590","indices page | tradingInstrument | viewDetailedChartBtn","chromium-SCB-zh-hans-unauthorised","2026-09-30","passed","2026-09-30","","cta/generated.cta.spec.js","",""
"","7151","cryptocurrencies page | tradingInstrument | viewDetailedChartBtn","chromium-CySEC-it-it-unregistered","2026-09-30","passed","2026-09-30","","cta/generated.cta.spec.js","",""
"","7198","indices page | tradingInstrument | alertBtn","chromium-CySEC-el-gr-unregistered","2026-09-30","passed","2026-09-30","","cta/generated.cta.spec.js","",""
"","8570","interestRates page | tradingInstrument | sellBtn","chromium-CySEC-el-gr-unauthorised","2026-09-30","passed","2026-09-30","","cta/generated.cta.spec.js","",""
"","6993","interestRates page | tradingInstrument | sellBtn","chromium-CMA-ar-unregistered","2026-09-30","passed","2026-09-30","","cta/generated.cta.spec.js","",""
"","7725","interestRates page | tradingInstrument | longPositionGoToPlatformBtn","chromium-CySEC-el-gr-unauthorised","2026-09-30","passed","2026-09-30","","cta/generated.cta.spec.js","",""
"","7744","forex page | tradingInstrument | buyBtn","chromium-CySEC-ro-ro-unauthorised","2026-09-30","passed","2026-09-30","","cta/generated.cta.spec.js","",""
"","6772","bonds page | tradingInstrument | alertBtn","chromium-CMA-en-unregistered","2026-09-30","passed","2026-09-30","","cta/generated.cta.spec.js","",""
"","7537","shares page | tradingInstrument | addToFavouriteBtn","chromium-SCB-zh-hant-unregistered","2026-09-30","passed","2026-09-30","","cta/generated.cta.spec.js","",""
"","7326","forex page | tradingInstrument | buyBtn","chromium-CySEC-de-de-unregistered","2026-09-30","passed","2026-09-30","","cta/generated.cta.spec.js","",""
"","7544","commodities page | tradingInstrument | shortPositionGoToPlatformBtn","chromium-SCB-en-unregistered","2026-09-30","passed","2026-09-30","","cta/generated.cta.spec.js","",""
"","7277","cryptocurrencies page | tradingInstrument | viewDetailedChartBtn","chromium-CySEC-hu-hu-unregistered","2026-09-30","passed","2026-09-30","","cta/generated.cta.spec.js","",""
"","12182","commodities page | tradingInstrument | tradedBtn","chromium-SCB-fr-unregistered","2026-09-30","failed","2026-09-30","","cta/generated.cta.spec.js","",""
"","7342","interestRates page | tradingInstrument | sellBtn","chromium-SCB-ar-unregistered","2026-09-30","passed","2026-09-30","","cta/generated.cta.spec.js","",""
"","7901","forex page | tradingInstrument | alertBtn","chromium-CySEC-hu-hu-unauthorised","2026-09-30","passed","2026-09-30","","cta/generated.cta.spec.js","",""
"","7131","markets page | tradingInstrument | buyBtn","chromium-FCA-en-unregistered","2026-09-30","passed","2026-09-30","","cta/generated.cta.spec.js","",""
"","7778","indices page | tradingInstrument | sellBtn","chromium-SCB-vi-unregistered","2026-09-30","passed","2026-09-30","","cta/generated.cta.spec.js","",""
"","9785","interestRates page | tradingInstrument | tradedBtn","chromium-SCB-de-unauthorised","2026-09-30","passed","2026-09-30","","cta/generated.cta.spec.js","",""
"","5709","interestRates page | tradingInstrument | tradedBtn","chromium-SCB-zh-hans-unauthorised","2026-09-30","passed","2026-09-30","","cta/generated.cta.spec.js","",""
"","7004","shares page | tradingInstrument | shortPositionGoToPlatformBtn","chromium-CMA-en-unregistered","2026-09-30","passed","2026-09-30","","cta/generated.cta.spec.js","",""
"","7448","indices page | tradingInstrument | readyToJoinSignUpBtn","chromium-SCB-es-unregistered","2026-09-30","passed","2026-09-30","","cta/generated.cta.spec.js","",""
"","9440","markets page | tradingInstrument | tradedBtn","chromium-SCB-zh-hans-unauthorised","2026-09-30","failed","2026-09-30","","cta/generated.cta.spec.js","",""
"","8370","interestRates page | tradingInstrument | sellBtn","chromium-CySEC-fr-fr-unauthorised","2026-09-30","passed","2026-09-30","","cta/generated.cta.spec.js","",""
"","7526","shares page | heroBanner | signupBtn","chromium-CySEC-en-eu-unregistered","2026-09-30","passed","2026-09-30","","cta/generated.cta.spec.js","",""
"","8038","shares page | tradingInstrument | sellBtn","chromium-CySEC-en-eu-unauthorised","2026-09-30","passed","2026-09-30","","cta/generated.cta.spec.js","",""
"","7070","interestRates page | heroBanner | signupBtn","chromium-CySEC-nl-nl-unauthorised","2026-09-30","passed","2026-09-30","","cta/generated.cta.spec.js","",""
"","7556","commodities page | tradingInstrument | buyBtn","chromium-SCB-vi-unauthorised","2026-09-30","passed","2026-09-30","","cta/generated.cta.spec.js","",""
"","7746","indices page | tradingInstrument | sellBtn","chromium-CySEC-it-it-unauthorised","2026-09-30","passed","2026-09-30","","cta/generated.cta.spec.js","",""
"","8276","forex page | tradingInstrument | longPositionGoToPlatformBtn","chromium-SCB-vi-unauthorised","2026-09-30","passed","2026-09-30","","cta/generated.cta.spec.js","",""
"","7886","interestRates page | tradingInstrument | buyBtn","chromium-CySEC-nl-nl-unauthorised","2026-09-30","passed","2026-09-30","","cta/generated.cta.spec.js","",""
"","8042","cryptocurrencies page | tradingInstrument | sellBtn","chromium-CySEC-fr-fr-unregistered","2026-09-30","passed","2026-09-30","","cta/generated.cta.spec.js","",""
"","6750","forex page | heroBanner | signupBtn","chromium-SCB-en-unauthorised","2026-09-30","passed","2026-09-30","","cta/generated.cta.spec.js","",""
"","8297","cryptocurrencies page | tradingInstrument | sellBtn","chromium-CySEC-el-gr-unregistered","2026-09-30","passed","2026-09-30","","cta/generated.cta.spec.js","",""
"","7424","forex page | tradingInstrument | shortPositionGoToPlatformBtn","chromium-SCB-en-unregistered","2026-09-30","passed","2026-09-30","","cta/generated.cta.spec.js","",""
"","7062","indices page | heroBanner | signupBtn","chromium-SCB-vi-unauthorised","2026-09-30","passed","2026-09-30","","cta/generated.cta.spec.js","",""
"","7466","bonds page | tradingInstrument | shortPositionGoToPlatformBtn","chromium-ASIC-en-unauthorised","2026-09-30","passed","2026-09-30","","cta/generated.cta.spec.js","",""
"","7329","indices page | tradingInstrument | longPositionGoToPlatformBtn","chromium-SCB-fr-unregistered","2026-09-30","passed","2026-09-30","","cta/generated.cta.spec.js","",""
"","7425","bonds page | tradingInstrument | buyBtn","chromium-CMA-ar-unregistered","2026-09-30","passed","2026-09-30","","cta/generated.cta.spec.js","",""
"","7210","forex page | tradingInstrument | alertBtn","chromium-CySEC-fr-fr-unregistered","2026-09-30","passed","2026-09-30","","cta/generated.cta.spec.js","",""
"","46","financeNews page | mostTradedMarketsBlock | tradedBtn","chromium-SCB-zh-hant-unauthorised","2026-09-30","skipped","2026-09-30","","cta/generated.cta.spec.js","",""
"","6815","shares page | tradingInstrument | viewDetailedChartBtn","chromium-CMA-ar-unregistered","2026-09-30","passed","2026-09-30","","cta/generated.cta.spec.js","",""
"","7407","commodities page | tradingInstrument | alertBtn","chromium-SCB-mn-unauthorised","2026-09-30","passed","2026-09-30","","cta/generated.cta.spec.js","",""
"","5084","indices page | tradingInstrument | longPositionGoToPlatformBtn","chromium-SCB-zh-hans-unauthorised","2026-09-30","passed","2026-09-30","","cta/generated.cta.spec.js","",""
"","7381","markets page | tradingInstrument | viewDetailedChartBtn","chromium-ASIC-en-unauthorised","2026-09-30","passed","2026-09-30","","cta/generated.cta.spec.js","",""
"","8624","shares page | tradingInstrument | readyToJoinSignUpBtn","chromium-CMA-ar-unregistered","2026-09-30","passed","2026-09-30","","cta/generated.cta.spec.js","",""
"","7175","interestRates page | tradingInstrument | addToFavouriteBtn","chromium-CMA-ar-unregistered","2026-09-30","passed","2026-09-30","","cta/generated.cta.spec.js","",""
"","7558","interestRates page | tradingInstrument | buyBtn","chromium-SCB-vi-unregistered","2026-09-30","passed","2026-09-30","","cta/generated.cta.spec.js","",""
"","7309","indices page | tradingInstrument | sellBtn","chromium-SCB-zh-hant-unregistered","2026-09-30","passed","2026-09-30","","cta/generated.cta.spec.js","",""
"","7203","shares page | tradingInstrument | sellBtn","chromium-FCA-en-unauthorised","2026-09-30","passed","2026-09-30","","cta/generated.cta.spec.js","",""
"","7120","cryptocurrencies page | tradingInstrument | addToFavouriteBtn","chromium-CMA-en-unregistered","2026-09-30","passed","2026-09-30","","cta/generated.cta.spec.js","",""
"","6822","interestRates page | tradingInstrument | readyToJoinSignUpBtn","chromium-CMA-en-unauthorised","2026-09-30","passed","2026-09-30","","cta/generated.cta.spec.js","",""
"","6782","shares page | tradingInstrument | alertBtn","chromium-CMA-ar-unregistered","2026-09-30","passed","2026-09-30","","cta/generated.cta.spec.js","",""
"","9647","shares page | tradingInstrument | tradedBtn","chromium-SCB-de-unauthorised","2026-09-30","passed","2026-09-30","","cta/generated.cta.spec.js","",""
"","7170","shares page | tradingInstrument | addToFavouriteBtn","chromium-FCA-en-unauthorised","2026-09-30","passed","2026-09-30","","cta/generated.cta.spec.js","",""
"","7277","cryptocurrencies page | tradingInstrument | alertBtn","chromium-SCB-ar-unregistered","2026-09-30","passed","2026-09-30","","cta/generated.cta.spec.js","",""
"","7868","cryptocurrencies page | tradingInstrument | readyToJoinSignUpBtn","chromium-CySEC-de-de-unregistered","2026-09-30","passed","2026-09-30","","cta/generated.cta.spec.js","",""
"","6931","interestRates page | heroBanner | signupBtn","chromium-SCB-mn-unauthorised","2026-09-30","passed","2026-09-30","","cta/generated.cta.spec.js","",""
"","9113","cryptocurrencies page | tradingInstrument | addToFavouriteBtn","chromium-SCB-ar-unauthorised","2026-09-30","passed","2026-09-30","","cta/generated.cta.spec.js","",""
"","7488","indices page | tradingInstrument | viewDetailedChartBtn","chromium-CySEC-ro-ro-unauthorised","2026-09-30","passed","2026-09-30","","cta/generated.cta.spec.js","",""
"","8011","cryptocurrencies page | heroBanner | signupBtn","chromium-CySEC-fr-fr-unregistered","2026-09-30","passed","2026-09-30","","cta/generated.cta.spec.js","",""
"","6928","markets page | heroBanner | signupBtn","chromium-CySEC-de-at-unauthorised","2026-09-30","passed","2026-09-30","","cta/generated.cta.spec.js","",""
"","7078","commodities page | tradingInstrument | sellBtn","chromium-CMA-en-unauthorised","2026-09-30","passed","2026-09-30","","cta/generated.cta.spec.js","",""
"","7188","forex page | tradingInstrument | buyBtn","chromium-CMA-en-unregistered","2026-09-30","passed","2026-09-30","","cta/generated.cta.spec.js","",""
"","7008","markets page | tradingInstrument | longPositionGoToPlatformBtn","chromium-FCA-en-unauthorised","2026-09-30","passed","2026-09-30","","cta/generated.cta.spec.js","",""
"","7411","bonds page | tradingInstrument | longPositionGoToPlatformBtn","chromium-SCB-en-unregistered","2026-09-30","passed","2026-09-30","","cta/generated.cta.spec.js","",""
"","7448","shares page | tradingInstrument | buyBtn","chromium-ASIC-en-unregistered","2026-09-30","passed","2026-09-30","","cta/generated.cta.spec.js","",""
"","9163","shares page | tradingInstrument | tradedBtn","chromium-CySEC-pl-pl-unregistered","2026-09-30","passed","2026-09-30","","cta/generated.cta.spec.js","",""
"","7618","interestRates page | tradingInstrument | sellBtn","chromium-SCB-mn-unregistered","2026-09-30","passed","2026-09-30","","cta/generated.cta.spec.js","",""
"","7472","commodities page | tradingInstrument | addToFavouriteBtn","chromium-ASIC-en-unregistered","2026-09-30","passed","2026-09-30","","cta/generated.cta.spec.js","",""
"","7321","cryptocurrencies page | tradingInstrument | shortPositionGoToPlatformBtn","chromium-SCB-mn-unregistered","2026-09-30","passed","2026-09-30","","cta/generated.cta.spec.js","",""
"","7336","commodities page | tradingInstrument | readyToJoinSignUpBtn","chromium-CySEC-el-gr-unregistered","2026-09-30","passed","2026-09-30","","cta/generated.cta.spec.js","",""
"","7780","commodities page | tradingInstrument | longPositionGoToPlatformBtn","chromium-SCB-mn-unauthorised","2026-09-30","passed","2026-09-30","","cta/generated.cta.spec.js","",""
"","10066","shares page | tradingInstrument | tradedBtn","chromium-CySEC-ro-ro-unauthorised","2026-09-30","passed","2026-09-30","","cta/generated.cta.spec.js","",""
"","7291","commodities page | tradingInstrument | alertBtn","chromium-SCB-es-unregistered","2026-09-30","passed","2026-09-30","","cta/generated.cta.spec.js","",""
"","6738","interestRates page | tradingInstrument | alertBtn","chromium-CMA-ar-unregistered","2026-09-30","passed","2026-09-30","","cta/generated.cta.spec.js","",""
"","6791","commodities page | heroBanner | signupBtn","chromium-ASIC-en-unauthorised","2026-09-30","passed","2026-09-30","","cta/generated.cta.spec.js","",""
"","10232","commodities page | tradingInstrument | addToFavouriteBtn","chromium-CySEC-it-it-unauthorised","2026-09-30","passed","2026-09-30","","cta/generated.cta.spec.js","",""
"","7939","commodities page | tradingInstrument | sellBtn","chromium-CySEC-en-eu-unregistered","2026-09-30","passed","2026-09-30","","cta/generated.cta.spec.js","",""
"","7357","forex page | tradingInstrument | alertBtn","chromium-SCB-de-unauthorised","2026-09-30","passed","2026-09-30","","cta/generated.cta.spec.js","",""
"","7580","commodities page | tradingInstrument | readyToJoinSignUpBtn","chromium-CySEC-fr-fr-unauthorised","2026-09-30","passed","2026-09-30","","cta/generated.cta.spec.js","",""
"","7466","forex page | tradingInstrument | buyBtn","chromium-CySEC-hu-hu-unregistered","2026-09-30","passed","2026-09-30","","cta/generated.cta.spec.js","",""
"","7377","commodities page | tradingInstrument | longPositionGoToPlatformBtn","chromium-CySEC-pl-pl-unregistered","2026-09-30","passed","2026-09-30","","cta/generated.cta.spec.js","",""
"","3027","bonds page | tradingInstrument | sellBtn","chromium-SCB-zh-hans-unregistered","2026-09-30","passed","2026-09-30","","cta/generated.cta.spec.js","",""
"","7176","forex page | tradingInstrument | viewDetailedChartBtn","chromium-SCB-ar-unregistered","2026-09-30","passed","2026-09-30","","cta/generated.cta.spec.js","",""
"","9121","bonds page | tradingInstrument | tradedBtn","chromium-SCB-es-unregistered","2026-09-30","passed","2026-09-30","","cta/generated.cta.spec.js","",""
"","7556","cryptocurrencies page | tradingInstrument | alertBtn","chromium-CySEC-pl-pl-unauthorised","2026-09-30","passed","2026-09-30","","cta/generated.cta.spec.js","",""
"","7691","indices page | tradingInstrument | buyBtn","chromium-CySEC-it-it-unregistered","2026-09-30","passed","2026-09-30","","cta/generated.cta.spec.js","",""
"","3479","cryptocurrencies page | tradingInstrument | longPositionGoToPlatformBtn","chromium-SCB-zh-hans-unregistered","2026-09-30","passed","2026-09-30","","cta/generated.cta.spec.js","",""
"","7101","shares page | heroBanner | signupBtn","chromium-SCB-fr-unauthorised","2026-09-30","passed","2026-09-30","","cta/generated.cta.spec.js","",""
"","7006","markets page | heroBanner | signupBtn","chromium-SCB-ru-unregistered","2026-09-30","passed","2026-09-30","","cta/generated.cta.spec.js","",""
"","8963","cryptocurrencies page | tradingInstrument | addToFavouriteBtn","chromium-SCB-es-unauthorised","2026-09-30","passed","2026-09-30","","cta/generated.cta.spec.js","",""
"","7669","shares page | tradingInstrument | shortPositionGoToPlatformBtn","chromium-SCB-ar-unauthorised","2026-09-30","passed","2026-09-30","","cta/generated.cta.spec.js","",""
"","7158","indices page | heroBanner | signupBtn","chromium-CySEC-hu-hu-unregistered","2026-09-30","passed","2026-09-30","","cta/generated.cta.spec.js","",""
"","7445","markets page | tradingInstrument | shortPositionGoToPlatformBtn","chromium-SCB-mn-unregistered","2026-09-30","passed","2026-09-30","","cta/generated.cta.spec.js","",""
"","7749","bonds page | tradingInstrument | shortPositionGoToPlatformBtn","chromium-CySEC-en-eu-unauthorised","2026-09-30","passed","2026-09-30","","cta/generated.cta.spec.js","",""
"","7713","indices page | tradingInstrument | shortPositionGoToPlatformBtn","chromium-CySEC-ro-ro-unauthorised","2026-09-30","passed","2026-09-30","","cta/generated.cta.spec.js","",""
"","7470","indices page | tradingInstrument | buyBtn","chromium-CySEC-nl-nl-unregistered","2026-09-30","passed","2026-09-30","","cta/generated.cta.spec.js","",""
"","7444","indices page | tradingInstrument | shortPositionGoToPlatformBtn","chromium-SCB-es-unregistered","2026-09-30","passed","2026-09-30","","cta/generated.cta.spec.js","",""
"","7464","commodities page | tradingInstrument | buyBtn","chromium-CySEC-hu-hu-unregistered","2026-09-30","passed","2026-09-30","","cta/generated.cta.spec.js","",""
"","7244","markets page | tradingInstrument | viewDetailedChartBtn","chromium-CySEC-it-it-unregistered","2026-09-30","passed","2026-09-30","","cta/generated.cta.spec.js","",""
"","7466","cryptocurrencies page | tradingInstrument | alertBtn","chromium-SCB-fr-unauthorised","2026-09-30","passed","2026-09-30","","cta/generated.cta.spec.js","",""
"","9018","markets page | tradingInstrument | sellBtn","chromium-SCB-en-unregistered","2026-09-30","passed","2026-09-30","","cta/generated.cta.spec.js","",""
"","7196","forex page | tradingInstrument | readyToJoinSignUpBtn","chromium-CySEC-nl-nl-unregistered","2026-09-30","passed","2026-09-30","","cta/generated.cta.spec.js","",""
"","7779","forex page | tradingInstrument | sellBtn","chromium-CySEC-hu-hu-unauthorised","2026-09-30","passed","2026-09-30","","cta/generated.cta.spec.js","",""
"","7224","indices page | tradingInstrument | alertBtn","chromium-SCB-en-unauthorised","2026-09-30","passed","2026-09-30","","cta/generated.cta.spec.js","",""
"","7673","commodities page | tradingInstrument | addToFavouriteBtn","chromium-SCB-es-unregistered","2026-09-30","passed","2026-09-30","","cta/generated.cta.spec.js","",""
"","8229","forex page | tradingInstrument | readyToJoinSignUpBtn","chromium-SCB-de-unauthorised","2026-09-30","passed","2026-09-30","","cta/generated.cta.spec.js","",""
"","6965","commodities page | heroBanner | signupBtn","chromium-CySEC-de-de-unauthorised","2026-09-30","passed","2026-09-30","","cta/generated.cta.spec.js","",""
"","8998","commodities page | tradingInstrument | viewDetailedChartBtn","chromium-CySEC-fr-fr-unauthorised","2026-09-30","passed","2026-09-30","","cta/generated.cta.spec.js","",""
"","3086","shares page | tradingInstrument | alertBtn","chromium-SCB-zh-hans-unregistered","2026-09-30","passed","2026-09-30","","cta/generated.cta.spec.js","",""
"","7551","forex page | tradingInstrument | buyBtn","chromium-SCB-de-unregistered","2026-09-30","passed","2026-09-30","","cta/generated.cta.spec.js","",""
"","7647","forex page | tradingInstrument | longPositionGoToPlatformBtn","chromium-CySEC-hu-hu-unauthorised","2026-09-30","passed","2026-09-30","","cta/generated.cta.spec.js","",""
"","6960","forex page | heroBanner | signupBtn","chromium-CySEC-de-de-unauthorised","2026-09-30","passed","2026-09-30","","cta/generated.cta.spec.js","",""
"","7672","shares page | tradingInstrument | addToFavouriteBtn","chromium-CySEC-en-eu-unauthorised","2026-09-30","passed","2026-09-30","","cta/generated.cta.spec.js","",""
"","7495","interestRates page | tradingInstrument | alertBtn","chromium-SCB-es-unauthorised","2026-09-30","passed","2026-09-30","","cta/generated.cta.spec.js","",""
"","7366","commodities page | tradingInstrument | longPositionGoToPlatformBtn","chromium-CySEC-ro-ro-unregistered","2026-09-30","passed","2026-09-30","","cta/generated.cta.spec.js","",""
"","7657","markets page | tradingInstrument | shortPositionGoToPlatformBtn","chromium-SCB-ar-unauthorised","2026-09-30","passed","2026-09-30","","cta/generated.cta.spec.js","",""
"","7308","interestRates page | tradingInstrument | shortPositionGoToPlatformBtn","chromium-CySEC-en-eu-unregistered","2026-09-30","passed","2026-09-30","","cta/generated.cta.spec.js","",""
"","6924","bonds page | tradingInstrument | shortPositionGoToPlatformBtn","chromium-CMA-ar-unauthorised","2026-09-30","passed","2026-09-30","","cta/generated.cta.spec.js","",""
"","7512","shares page | tradingInstrument | alertBtn","chromium-SCB-zh-hant-unauthorised","2026-09-30","passed","2026-09-30","","cta/generated.cta.spec.js","",""
"","7430","indices page | tradingInstrument | readyToJoinSignUpBtn","chromium-CySEC-de-de-unauthorised","2026-09-30","passed","2026-09-30","","cta/generated.cta.spec.js","",""
"","6773","indices page | tradingInstrument | addToFavouriteBtn","chromium-CMA-en-unregistered","2026-09-30","passed","2026-09-30","","cta/generated.cta.spec.js","",""
"","7588","markets page | tradingInstrument | readyToJoinSignUpBtn","chromium-SCB-de-unregistered","2026-09-30","passed","2026-09-30","","cta/generated.cta.spec.js","",""
"","7561","bonds page | tradingInstrument | buyBtn","chromium-SCB-es-unauthorised","2026-09-30","passed","2026-09-30","","cta/generated.cta.spec.js","",""
"","7048","forex page | heroBanner | signupBtn","chromium-CySEC-ro-ro-unauthorised","2026-09-30","passed","2026-09-30","","cta/generated.cta.spec.js","",""
"","7735","shares page | tradingInstrument | addToFavouriteBtn","chromium-CySEC-ro-ro-unauthorised","2026-09-30","passed","2026-09-30","","cta/generated.cta.spec.js","",""
"","7186","forex page | tradingInstrument | readyToJoinSignUpBtn","chromium-SCB-en-unauthorised","2026-09-30","passed","2026-09-30","","cta/generated.cta.spec.js","",""
"","7352","forex page | tradingInstrument | shortPositionGoToPlatformBtn","chromium-CMA-en-unregistered","2026-09-30","passed","2026-09-30","","cta/generated.cta.spec.js","",""
"","7710","cryptocurrencies page | tradingInstrument | shortPositionGoToPlatformBtn","chromium-SCB-ru-unauthorised","2026-09-30","passed","2026-09-30","","cta/generated.cta.spec.js","",""
"","7360","forex page | tradingInstrument | longPositionGoToPlatformBtn","chromium-SCB-mn-unregistered","2026-09-30","passed","2026-09-30","","cta/generated.cta.spec.js","",""
"","9137","forex page | tradingInstrument | tradedBtn","chromium-CySEC-fr-fr-unregistered","2026-09-30","passed","2026-09-30","","cta/generated.cta.spec.js","",""
"","9317","forex page | tradingInstrument | addToFavouriteBtn","chromium-CMA-en-unregistered","2026-09-30","passed","2026-09-30","","cta/generated.cta.spec.js","",""
"","6430","indices page | heroBanner | signupBtn","chromium-CMA-en-unauthorised","2026-09-30","passed","2026-09-30","","cta/generated.cta.spec.js","",""
"","8160","indices page | tradingInstrument | longPositionGoToPlatformBtn","chromium-FCA-en-unregistered","2026-09-30","passed","2026-09-30","","cta/generated.cta.spec.js","",""
"","6856","indices page | tradingInstrument | alertBtn","chromium-FCA-en-unauthorised","2026-09-30","passed","2026-09-30","","cta/generated.cta.spec.js","",""
"","7310","indices page | tradingInstrument | readyToJoinSignUpBtn","chromium-CySEC-de-de-unregistered","2026-09-30","passed","2026-09-30","","cta/generated.cta.spec.js","",""
"","7223","interestRates page | tradingInstrument | viewDetailedChartBtn","chromium-CySEC-el-gr-unregistered","2026-09-30","passed","2026-09-30","","cta/generated.cta.spec.js","",""
"","7406","cryptocurrencies page | heroBanner | signupBtn","chromium-CySEC-nl-nl-unregistered","2026-09-30","passed","2026-09-30","","cta/generated.cta.spec.js","",""
"","7305","forex page | tradingInstrument | alertBtn","chromium-SCB-vi-unregistered","2026-09-30","passed","2026-09-30","","cta/generated.cta.spec.js","",""
"","6705","indices page | tradingInstrument | addToFavouriteBtn","chromium-FCA-en-unauthorised","2026-09-30","passed","2026-09-30","","cta/generated.cta.spec.js","",""
"","9031","interestRates page | tradingInstrument | tradedBtn","chromium-CySEC-ro-ro-unregistered","2026-09-30","passed","2026-09-30","","cta/generated.cta.spec.js","",""
"","7919","forex page | tradingInstrument | longPositionGoToPlatformBtn","chromium-SCB-de-unauthorised","2026-09-30","passed","2026-09-30","","cta/generated.cta.spec.js","",""
"","6781","interestRates page | tradingInstrument | shortPositionGoToPlatformBtn","chromium-CMA-en-unauthorised","2026-09-30","passed","2026-09-30","","cta/generated.cta.spec.js","",""
"","7695","bonds page | tradingInstrument | longPositionGoToPlatformBtn","chromium-CySEC-fr-fr-unauthorised","2026-09-30","passed","2026-09-30","","cta/generated.cta.spec.js","",""
"","7904","interestRates page | tradingInstrument | shortPositionGoToPlatformBtn","chromium-CySEC-en-eu-unauthorised","2026-09-30","passed","2026-09-30","","cta/generated.cta.spec.js","",""
"","3279","interestRates page | tradingInstrument | buyBtn","chromium-SCB-zh-hans-unregistered","2026-09-30","passed","2026-09-30","","cta/generated.cta.spec.js","",""
"","7706","shares page | tradingInstrument | buyBtn","chromium-SCB-vi-unauthorised","2026-09-30","passed","2026-09-30","","cta/generated.cta.spec.js","",""
"","7103","interestRates page | tradingInstrument | alertBtn","chromium-SCB-ru-unregistered","2026-09-30","passed","2026-09-30","","cta/generated.cta.spec.js","",""
"","7114","forex page | heroBanner | signupBtn","chromium-SCB-ru-unauthorised","2026-09-30","passed","2026-09-30","","cta/generated.cta.spec.js","",""
"","6193","commodities page | heroBanner | signupBtn","chromium-CMA-en-unauthorised","2026-09-30","passed","2026-09-30","","cta/generated.cta.spec.js","",""
"","8108","forex page | tradingInstrument | shortPositionGoToPlatformBtn","chromium-CySEC-en-eu-unauthorised","2026-09-30","passed","2026-09-30","","cta/generated.cta.spec.js","",""
"","8438","indices page | tradingInstrument | longPositionGoToPlatformBtn","chromium-SCB-vi-unauthorised","2026-09-30","passed","2026-09-30","","cta/generated.cta.spec.js","",""
"","9053","interestRates page | tradingInstrument | tradedBtn","chromium-CySEC-pl-pl-unregistered","2026-09-30","passed","2026-09-30","","cta/generated.cta.spec.js","",""
"","12524","markets page | tradingInstrument | tradedBtn","chromium-SCB-zh-hant-unauthorised","2026-09-30","failed","2026-09-30","","cta/generated.cta.spec.js","",""
"","7169","shares page | tradingInstrument | alertBtn","chromium-CMA-en-unregistered","2026-09-30","passed","2026-09-30","","cta/generated.cta.spec.js","",""
"","9355","markets page | tradingInstrument | tradedBtn","chromium-ASIC-en-unauthorised","2026-09-30","passed","2026-09-30","","cta/generated.cta.spec.js","",""
"","8233","markets page | tradingInstrument | addToFavouriteBtn","chromium-CySEC-el-gr-unregistered","2026-09-30","passed","2026-09-30","","cta/generated.cta.spec.js","",""
"","7727","forex page | tradingInstrument | sellBtn","chromium-SCB-mn-unauthorised","2026-09-30","passed","2026-09-30","","cta/generated.cta.spec.js","",""
"","7657","commodities page | tradingInstrument | buyBtn","chromium-CySEC-de-at-unregistered","2026-09-30","passed","2026-09-30","","cta/generated.cta.spec.js","",""
"","7467","cryptocurrencies page | tradingInstrument | shortPositionGoToPlatformBtn","chromium-SCB-en-unregistered","2026-09-30","passed","2026-09-30","","cta/generated.cta.spec.js","",""
"","8020","shares page | tradingInstrument | addToFavouriteBtn","chromium-SCB-es-unauthorised","2026-09-30","passed","2026-09-30","","cta/generated.cta.spec.js","",""
"","6970","markets page | heroBanner | signupBtn","chromium-CySEC-el-gr-unauthorised","2026-09-30","passed","2026-09-30","","cta/generated.cta.spec.js","",""
"","7544","markets page | tradingInstrument | buyBtn","chromium-SCB-en-unregistered","2026-09-30","passed","2026-09-30","","cta/generated.cta.spec.js","",""
"","8657","cryptocurrencies page | tradingInstrument | tradedBtn","chromium-CMA-en-unauthorised","2026-09-30","passed","2026-09-30","","cta/generated.cta.spec.js","",""
"","8015","forex page | tradingInstrument | readyToJoinSignUpBtn","chromium-CySEC-hu-hu-unauthorised","2026-09-30","passed","2026-09-30","","cta/generated.cta.spec.js","",""
"","9181","bonds page | tradingInstrument | tradedBtn","chromium-CySEC-el-gr-unregistered","2026-09-30","passed","2026-09-30","","cta/generated.cta.spec.js","",""
"","12234","forex page | tradingInstrument | tradedBtn","chromium-SCB-ru-unauthorised","2026-09-30","failed","2026-09-30","","cta/generated.cta.spec.js","",""
"","7228","cryptocurrencies page | tradingInstrument | readyToJoinSignUpBtn","chromium-CySEC-de-at-unauthorised","2026-09-30","passed","2026-09-30","","cta/generated.cta.spec.js","",""
"","5041","bonds page | tradingInstrument | alertBtn","chromium-SCB-zh-hans-unauthorised","2026-09-30","passed","2026-09-30","","cta/generated.cta.spec.js","",""
"","7899","cryptocurrencies page | tradingInstrument | alertBtn","chromium-SCB-de-unauthorised","2026-09-30","passed","2026-09-30","","cta/generated.cta.spec.js","",""
"","7675","indices page | tradingInstrument | buyBtn","chromium-SCB-vi-unregistered","2026-09-30","passed","2026-09-30","","cta/generated.cta.spec.js","",""
"","7414","shares page | tradingInstrument | sellBtn","chromium-CySEC-pl-pl-unregistered","2026-09-30","passed","2026-09-30","","cta/generated.cta.spec.js","",""
"","7708","cryptocurrencies page | tradingInstrument | readyToJoinSignUpBtn","chromium-CySEC-de-de-unauthorised","2026-09-30","passed","2026-09-30","","cta/generated.cta.spec.js","",""
"","7535","interestRates page | heroBanner | signupBtn","chromium-SCB-vi-unregistered","2026-09-30","passed","2026-09-30","","cta/generated.cta.spec.js","",""
"","7404","indices page | tradingInstrument | buyBtn","chromium-SCB-mn-unregistered","2026-09-30","passed","2026-09-30","","cta/generated.cta.spec.js","",""
"","8026","cryptocurrencies page | tradingInstrument | sellBtn","chromium-CySEC-el-gr-unauthorised","2026-09-30","passed","2026-09-30","","cta/generated.cta.spec.js","",""
"","2993","cryptocurrencies page | heroBanner | signupBtn","chromium-SCB-zh-hans-unregistered","2026-09-30","passed","2026-09-30","","cta/generated.cta.spec.js","",""
"","12432","indices page | tradingInstrument | tradedBtn","chromium-SCB-ru-unauthorised","2026-09-30","failed","2026-09-30","","cta/generated.cta.spec.js","",""
"","6959","cryptocurrencies page | tradingInstrument | viewDetailedChartBtn","chromium-CMA-ar-unregistered","2026-09-30","passed","2026-09-30","","cta/generated.cta.spec.js","",""
"","7657","forex page | tradingInstrument | sellBtn","chromium-CySEC-de-at-unregistered","2026-09-30","passed","2026-09-30","","cta/generated.cta.spec.js","",""
"","7461","cryptocurrencies page | tradingInstrument | viewDetailedChartBtn","chromium-SCB-es-unauthorised","2026-09-30","passed","2026-09-30","","cta/generated.cta.spec.js","",""
"","7595","bonds page | tradingInstrument | addToFavouriteBtn","chromium-SCB-mn-unregistered","2026-09-30","passed","2026-09-30","","cta/generated.cta.spec.js","",""
"","7274","commodities page | tradingInstrument | shortPositionGoToPlatformBtn","chromium-CySEC-de-de-unregistered","2026-09-30","passed","2026-09-30","","cta/generated.cta.spec.js","",""
"","6336","indices page | heroBanner | signupBtn","chromium-FCA-en-unregistered","2026-09-30","passed","2026-09-30","","cta/generated.cta.spec.js","",""
"","7189","commodities page | tradingInstrument | viewDetailedChartBtn","chromium-CySEC-en-eu-unregistered","2026-09-30","passed","2026-09-30","","cta/generated.cta.spec.js","",""
"","7393","cryptocurrencies page | tradingInstrument | longPositionGoToPlatformBtn","chromium-SCB-zh-hant-unregistered","2026-09-30","passed","2026-09-30","","cta/generated.cta.spec.js","",""
"","7304","bonds page | heroBanner | signupBtn","chromium-SCB-ru-unauthorised","2026-09-30","passed","2026-09-30","","cta/generated.cta.spec.js","",""
"","7321","shares page | tradingInstrument | alertBtn","chromium-ASIC-en-unregistered","2026-09-30","passed","2026-09-30","","cta/generated.cta.spec.js","",""
"","7066","interestRates page | tradingInstrument | readyToJoinSignUpBtn","chromium-SCB-fr-unregistered","2026-09-30","passed","2026-09-30","","cta/generated.cta.spec.js","",""
"","7672","forex page | tradingInstrument | buyBtn","chromium-SCB-en-unauthorised","2026-09-30","passed","2026-09-30","","cta/generated.cta.spec.js","",""
"","7608","indices page | tradingInstrument | addToFavouriteBtn","chromium-SCB-de-unauthorised","2026-09-30","passed","2026-09-30","","cta/generated.cta.spec.js","",""
"","7355","indices page | tradingInstrument | sellBtn","chromium-ASIC-en-unregistered","2026-09-30","passed","2026-09-30","","cta/generated.cta.spec.js","",""
"","7370","interestRates page | tradingInstrument | sellBtn","chromium-CySEC-de-at-unauthorised","2026-09-30","passed","2026-09-30","","cta/generated.cta.spec.js","",""
"","7286","markets page | tradingInstrument | addToFavouriteBtn","chromium-CySEC-de-at-unauthorised","2026-09-30","passed","2026-09-30","","cta/generated.cta.spec.js","",""
"","7478","commodities page | tradingInstrument | longPositionGoToPlatformBtn","chromium-SCB-vi-unauthorised","2026-09-30","passed","2026-09-30","","cta/generated.cta.spec.js","",""
"","6942","indices page | tradingInstrument | longPositionGoToPlatformBtn","chromium-CMA-ar-unregistered","2026-09-30","passed","2026-09-30","","cta/generated.cta.spec.js","",""
"","7059","shares page | tradingInstrument | readyToJoinSignUpBtn","chromium-CySEC-ro-ro-unregistered","2026-09-30","passed","2026-09-30","","cta/generated.cta.spec.js","",""
"","7347","cryptocurrencies page | tradingInstrument | readyToJoinSignUpBtn","chromium-SCB-ar-unregistered","2026-09-30","passed","2026-09-30","","cta/generated.cta.spec.js","",""
"","8793","commodities page | tradingInstrument | tradedBtn","chromium-CMA-en-unregistered","2026-09-30","passed","2026-09-30","","cta/generated.cta.spec.js","",""
"","8222","bonds page | tradingInstrument | shortPositionGoToPlatformBtn","chromium-CySEC-nl-nl-unauthorised","2026-09-30","passed","2026-09-30","","cta/generated.cta.spec.js","",""
"","6938","markets page | tradingInstrument | viewDetailedChartBtn","chromium-FCA-en-unregistered","2026-09-30","passed","2026-09-30","","cta/generated.cta.spec.js","",""
"","7461","forex page | tradingInstrument | longPositionGoToPlatformBtn","chromium-CySEC-de-at-unregistered","2026-09-30","passed","2026-09-30","","cta/generated.cta.spec.js","",""
"","7991","bonds page | tradingInstrument | buyBtn","chromium-CySEC-fr-fr-unauthorised","2026-09-30","passed","2026-09-30","","cta/generated.cta.spec.js","",""
"","7446","interestRates page | tradingInstrument | readyToJoinSignUpBtn","chromium-CySEC-nl-nl-unregistered","2026-09-30","passed","2026-09-30","","cta/generated.cta.spec.js","",""
"","7170","interestRates page | tradingInstrument | alertBtn","chromium-SCB-mn-unregistered","2026-09-30","passed","2026-09-30","","cta/generated.cta.spec.js","",""
"","7839","interestRates page | heroBanner | signupBtn","chromium-SCB-ar-unauthorised","2026-09-30","passed","2026-09-30","","cta/generated.cta.spec.js","",""
"","6817","marketPricing page | readyToJoinBlock | signupBtn","chromium-CySEC-de-at-unregistered","2026-09-30","passed","2026-09-30","","cta/generated.cta.spec.js","",""
"","7374","shares page | heroBanner | signupBtn","chromium-SCB-fr-unregistered","2026-09-30","passed","2026-09-30","","cta/generated.cta.spec.js","",""
"","7540","commodities page | tradingInstrument | addToFavouriteBtn","chromium-SCB-es-unauthorised","2026-09-30","passed","2026-09-30","","cta/generated.cta.spec.js","",""
"","5069","bonds page | tradingInstrument | longPositionGoToPlatformBtn","chromium-SCB-zh-hans-unauthorised","2026-09-30","passed","2026-09-30","","cta/generated.cta.spec.js","",""
"","7320","forex page | tradingInstrument | shortPositionGoToPlatformBtn","chromium-SCB-zh-hant-unregistered","2026-09-30","passed","2026-09-30","","cta/generated.cta.spec.js","",""
"","8011","commodities page | tradingInstrument | viewDetailedChartBtn","chromium-CySEC-ro-ro-unauthorised","2026-09-30","passed","2026-09-30","","cta/generated.cta.spec.js","",""
"","7151","forex page | tradingInstrument | alertBtn","chromium-CySEC-pl-pl-unregistered","2026-09-30","passed","2026-09-30","","cta/generated.cta.spec.js","",""
"","6745","interestRates page | tradingInstrument | viewDetailedChartBtn","chromium-FCA-en-unauthorised","2026-09-30","passed","2026-09-30","","cta/generated.cta.spec.js","",""
"","8118","interestRates page | tradingInstrument | addToFavouriteBtn","chromium-CySEC-hu-hu-unregistered","2026-09-30","passed","2026-09-30","","cta/generated.cta.spec.js","",""
"","8235","shares page | heroBanner | signupBtn","chromium-SCB-mn-unauthorised","2026-09-30","passed","2026-09-30","","cta/generated.cta.spec.js","",""
"","7344","indices page | tradingInstrument | shortPositionGoToPlatformBtn","chromium-SCB-fr-unregistered","2026-09-30","passed","2026-09-30","","cta/generated.cta.spec.js","",""
"","8142","bonds page | tradingInstrument | alertBtn","chromium-CySEC-nl-nl-unauthorised","2026-09-30","passed","2026-09-30","","cta/generated.cta.spec.js","",""
"","8154","forex page | tradingInstrument | buyBtn","chromium-ASIC-en-unregistered","2026-09-30","passed","2026-09-30","","cta/generated.cta.spec.js","",""
"","7855","forex page | tradingInstrument | viewDetailedChartBtn","chromium-CySEC-it-it-unauthorised","2026-09-30","passed","2026-09-30","","cta/generated.cta.spec.js","",""
"","7655","commodities page | tradingInstrument | readyToJoinSignUpBtn","chromium-SCB-fr-unauthorised","2026-09-30","passed","2026-09-30","","cta/generated.cta.spec.js","",""
"","7371","bonds page | tradingInstrument | readyToJoinSignUpBtn","chromium-CySEC-el-gr-unauthorised","2026-09-30","passed","2026-09-30","","cta/generated.cta.spec.js","",""
"","7221","markets page | tradingInstrument | alertBtn","chromium-SCB-mn-unregistered","2026-09-30","passed","2026-09-30","","cta/generated.cta.spec.js","",""
"","7527","interestRates page | tradingInstrument | shortPositionGoToPlatformBtn","chromium-SCB-vi-unauthorised","2026-09-30","passed","2026-09-30","","cta/generated.cta.spec.js","",""
"","7078","forex page | heroBanner | signupBtn","chromium-CySEC-ro-ro-unregistered","2026-09-30","passed","2026-09-30","","cta/generated.cta.spec.js","",""
"","6744","markets page | tradingInstrument | readyToJoinSignUpBtn","chromium-FCA-en-unauthorised","2026-09-30","passed","2026-09-30","","cta/generated.cta.spec.js","",""
"","7447","cryptocurrencies page | tradingInstrument | longPositionGoToPlatformBtn","chromium-SCB-ru-unregistered","2026-09-30","passed","2026-09-30","","cta/generated.cta.spec.js","",""
"","7231","shares page | tradingInstrument | viewDetailedChartBtn","chromium-ASIC-en-unregistered","2026-09-30","passed","2026-09-30","","cta/generated.cta.spec.js","",""
"","8389","shares page | tradingInstrument | addToFavouriteBtn","chromium-CySEC-de-de-unregistered","2026-09-30","passed","2026-09-30","","cta/generated.cta.spec.js","",""
"","7535","markets page | tradingInstrument | shortPositionGoToPlatformBtn","chromium-SCB-es-unregistered","2026-09-30","passed","2026-09-30","","cta/generated.cta.spec.js","",""
"","8474","bonds page | tradingInstrument | longPositionGoToPlatformBtn","chromium-SCB-zh-hant-unauthorised","2026-09-30","passed","2026-09-30","","cta/generated.cta.spec.js","",""
"","7030","cryptocurrencies page | heroBanner | signupBtn","chromium-CySEC-en-eu-unauthorised","2026-09-30","passed","2026-09-30","","cta/generated.cta.spec.js","",""
"","7605","interestRates page | heroBanner | signupBtn","chromium-CySEC-el-gr-unregistered","2026-09-30","passed","2026-09-30","","cta/generated.cta.spec.js","",""
"","7565","markets page | tradingInstrument | longPositionGoToPlatformBtn","chromium-CySEC-hu-hu-unregistered","2026-09-30","passed","2026-09-30","","cta/generated.cta.spec.js","",""
"","3699","forex page | tradingInstrument | sellBtn","chromium-SCB-zh-hans-unregistered","2026-09-30","passed","2026-09-30","","cta/generated.cta.spec.js","",""
"","7851","interestRates page | tradingInstrument | buyBtn","chromium-CySEC-hu-hu-unauthorised","2026-09-30","passed","2026-09-30","","cta/generated.cta.spec.js","",""
"","7100","shares page | tradingInstrument | readyToJoinSignUpBtn","chromium-CySEC-it-it-unregistered","2026-09-30","passed","2026-09-30","","cta/generated.cta.spec.js","",""
"","8837","cryptocurrencies page | tradingInstrument | tradedBtn","chromium-CMA-en-unregistered","2026-09-30","passed","2026-09-30","","cta/generated.cta.spec.js","",""
"","7336","markets page | tradingInstrument | readyToJoinSignUpBtn","chromium-CySEC-hu-hu-unregistered","2026-09-30","passed","2026-09-30","","cta/generated.cta.spec.js","",""
"","7655","bonds page | tradingInstrument | shortPositionGoToPlatformBtn","chromium-SCB-de-unauthorised","2026-09-30","passed","2026-09-30","","cta/generated.cta.spec.js","",""
"","9646","shares page | tradingInstrument | tradedBtn","chromium-CySEC-de-de-unauthorised","2026-09-30","passed","2026-09-30","","cta/generated.cta.spec.js","",""
"","7634","bonds page | tradingInstrument | readyToJoinSignUpBtn","chromium-CySEC-nl-nl-unauthorised","2026-09-30","passed","2026-09-30","","cta/generated.cta.spec.js","",""
"","7181","shares page | tradingInstrument | viewDetailedChartBtn","chromium-SCB-ru-unregistered","2026-09-30","passed","2026-09-30","","cta/generated.cta.spec.js","",""
"","7527","shares page | tradingInstrument | buyBtn","chromium-CySEC-el-gr-unregistered","2026-09-30","passed","2026-09-30","","cta/generated.cta.spec.js","",""
"","7288","markets page | tradingInstrument | addToFavouriteBtn","chromium-SCB-en-unauthorised","2026-09-30","passed","2026-09-30","","cta/generated.cta.spec.js","",""
"","6858","markets page | tradingInstrument | longPositionGoToPlatformBtn","chromium-CMA-ar-unauthorised","2026-09-30","passed","2026-09-30","","cta/generated.cta.spec.js","",""
"","7610","forex page | tradingInstrument | sellBtn","chromium-SCB-fr-unauthorised","2026-09-30","passed","2026-09-30","","cta/generated.cta.spec.js","",""
"","7240","bonds page | tradingInstrument | shortPositionGoToPlatformBtn","chromium-CySEC-fr-fr-unregistered","2026-09-30","passed","2026-09-30","","cta/generated.cta.spec.js","",""
"","7160","forex page | heroBanner | signupBtn","chromium-SCB-es-unregistered","2026-09-30","passed","2026-09-30","","cta/generated.cta.spec.js","",""
"","7066","bonds page | tradingInstrument | alertBtn","chromium-CySEC-it-it-unregistered","2026-09-30","passed","2026-09-30","","cta/generated.cta.spec.js","",""
"","7554","shares page | tradingInstrument | buyBtn","chromium-SCB-zh-hant-unauthorised","2026-09-30","passed","2026-09-30","","cta/generated.cta.spec.js","",""
"","7264","indices page | tradingInstrument | readyToJoinSignUpBtn","chromium-CySEC-el-gr-unregistered","2026-09-30","passed","2026-09-30","","cta/generated.cta.spec.js","",""
"","7895","markets page | tradingInstrument | sellBtn","chromium-CySEC-it-it-unauthorised","2026-09-30","passed","2026-09-30","","cta/generated.cta.spec.js","",""
"","7728","interestRates page | tradingInstrument | buyBtn","chromium-CySEC-de-de-unauthorised","2026-09-30","passed","2026-09-30","","cta/generated.cta.spec.js","",""
"","7782","markets page | tradingInstrument | readyToJoinSignUpBtn","chromium-CySEC-nl-nl-unauthorised","2026-09-30","passed","2026-09-30","","cta/generated.cta.spec.js","",""
"","10008","interestRates page | tradingInstrument | addToFavouriteBtn","chromium-SCB-de-unauthorised","2026-09-30","passed","2026-09-30","","cta/generated.cta.spec.js","",""
"","7396","indices page | tradingInstrument | shortPositionGoToPlatformBtn","chromium-CySEC-pl-pl-unregistered","2026-09-30","passed","2026-09-30","","cta/generated.cta.spec.js","",""
"","7429","shares page | tradingInstrument | readyToJoinSignUpBtn","chromium-CySEC-hu-hu-unregistered","2026-09-30","passed","2026-09-30","","cta/generated.cta.spec.js","",""
"","7191","cryptocurrencies page | heroBanner | signupBtn","chromium-SCB-ar-unauthorised","2026-09-30","passed","2026-09-30","","cta/generated.cta.spec.js","",""
"","7653","indices page | tradingInstrument | addToFavouriteBtn","chromium-SCB-zh-hant-unregistered","2026-09-30","passed","2026-09-30","","cta/generated.cta.spec.js","",""
"","6889","commodities page | tradingInstrument | readyToJoinSignUpBtn","chromium-FCA-en-unregistered","2026-09-30","passed","2026-09-30","","cta/generated.cta.spec.js","",""
"","7803","indices page | tradingInstrument | sellBtn","chromium-CySEC-el-gr-unauthorised","2026-09-30","passed","2026-09-30","","cta/generated.cta.spec.js","",""
"","7733","cryptocurrencies page | tradingInstrument | buyBtn","chromium-CySEC-hu-hu-unauthorised","2026-09-30","passed","2026-09-30","","cta/generated.cta.spec.js","",""
"","7999","indices page | tradingInstrument | addToFavouriteBtn","chromium-CySEC-pl-pl-unregistered","2026-09-30","passed","2026-09-30","","cta/generated.cta.spec.js","",""
"","8277","indices page | tradingInstrument | shortPositionGoToPlatformBtn","chromium-SCB-ar-unauthorised","2026-09-30","passed","2026-09-30","","cta/generated.cta.spec.js","",""
"","7180","indices page | tradingInstrument | readyToJoinSignUpBtn","chromium-SCB-vi-unregistered","2026-09-30","passed","2026-09-30","","cta/generated.cta.spec.js","",""
"","7393","indices page | tradingInstrument | sellBtn","chromium-CySEC-de-de-unregistered","2026-09-30","passed","2026-09-30","","cta/generated.cta.spec.js","",""
"","7677","bonds page | tradingInstrument | viewDetailedChartBtn","chromium-SCB-vi-unauthorised","2026-09-30","passed","2026-09-30","","cta/generated.cta.spec.js","",""
"","7119","forex page | tradingInstrument | alertBtn","chromium-SCB-es-unregistered","2026-09-30","passed","2026-09-30","","cta/generated.cta.spec.js","",""
"","9652","cryptocurrencies page | tradingInstrument | tradedBtn","chromium-SCB-ar-unauthorised","2026-09-30","passed","2026-09-30","","cta/generated.cta.spec.js","",""
"","7064","markets page | tradingInstrument | shortPositionGoToPlatformBtn","chromium-CMA-en-unauthorised","2026-09-30","passed","2026-09-30","","cta/generated.cta.spec.js","",""
"","7574","commodities page | tradingInstrument | longPositionGoToPlatformBtn","chromium-SCB-zh-hant-unauthorised","2026-09-30","passed","2026-09-30","","cta/generated.cta.spec.js","",""
"","7985","cryptocurrencies page | tradingInstrument | buyBtn","chromium-CySEC-nl-nl-unauthorised","2026-09-30","passed","2026-09-30","","cta/generated.cta.spec.js","",""
"","7173","bonds page | tradingInstrument | shortPositionGoToPlatformBtn","chromium-CySEC-pl-pl-unregistered","2026-09-30","passed","2026-09-30","","cta/generated.cta.spec.js","",""
"","7499","cryptocurrencies page | tradingInstrument | buyBtn","chromium-CySEC-nl-nl-unregistered","2026-09-30","passed","2026-09-30","","cta/generated.cta.spec.js","",""
"","9342","markets page | tradingInstrument | tradedBtn","chromium-CySEC-en-eu-unregistered","2026-09-30","passed","2026-09-30","","cta/generated.cta.spec.js","",""
"","10839","shares page | tradingInstrument | tradedBtn","chromium-CySEC-it-it-unauthorised","2026-09-30","passed","2026-09-30","","cta/generated.cta.spec.js","",""
"","7789","markets page | tradingInstrument | buyBtn","chromium-CySEC-en-eu-unregistered","2026-09-30","passed","2026-09-30","","cta/generated.cta.spec.js","",""
"","8230","cryptocurrencies page | tradingInstrument | sellBtn","chromium-CySEC-nl-nl-unauthorised","2026-09-30","passed","2026-09-30","","cta/generated.cta.spec.js","",""
"","7197","forex page | tradingInstrument | viewDetailedChartBtn","chromium-CySEC-de-at-unregistered","2026-09-30","passed","2026-09-30","","cta/generated.cta.spec.js","",""
"","7230","forex page | tradingInstrument | viewDetailedChartBtn","chromium-CySEC-ro-ro-unregistered","2026-09-30","passed","2026-09-30","","cta/generated.cta.spec.js","",""
"","7486","markets page | tradingInstrument | longPositionGoToPlatformBtn","chromium-SCB-ar-unregistered","2026-09-30","passed","2026-09-30","","cta/generated.cta.spec.js","",""
"","7329","commodities page | heroBanner | signupBtn","chromium-SCB-de-unregistered","2026-09-30","passed","2026-09-30","","cta/generated.cta.spec.js","",""
"","6754","forex page | tradingInstrument | viewDetailedChartBtn","chromium-CMA-ar-unauthorised","2026-09-30","passed","2026-09-30","","cta/generated.cta.spec.js","",""
"","12759","forex page | tradingInstrument | tradedBtn","chromium-SCB-es-unregistered","2026-09-30","failed","2026-09-30","","cta/generated.cta.spec.js","",""
"","6912","marketPricing page | readyToJoinBlock | signupBtn","chromium-CySEC-it-it-unauthorised","2026-09-30","passed","2026-09-30","","cta/generated.cta.spec.js","",""
"","7194","cryptocurrencies page | tradingInstrument | readyToJoinSignUpBtn","chromium-CySEC-en-eu-unregistered","2026-09-30","passed","2026-09-30","","cta/generated.cta.spec.js","",""
"","7423","bonds page | tradingInstrument | sellBtn","chromium-SCB-en-unregistered","2026-09-30","passed","2026-09-30","","cta/generated.cta.spec.js","",""
"","8564","indices page | tradingInstrument | sellBtn","chromium-CySEC-pl-pl-unauthorised","2026-09-30","passed","2026-09-30","","cta/generated.cta.spec.js","",""
"","7478","shares page | tradingInstrument | sellBtn","chromium-SCB-vi-unauthorised","2026-09-30","passed","2026-09-30","","cta/generated.cta.spec.js","",""
"","7202","shares page | tradingInstrument | readyToJoinSignUpBtn","chromium-CySEC-nl-nl-unregistered","2026-09-30","passed","2026-09-30","","cta/generated.cta.spec.js","",""
"","8001","forex page | tradingInstrument | longPositionGoToPlatformBtn","chromium-CySEC-it-it-unauthorised","2026-09-30","passed","2026-09-30","","cta/generated.cta.spec.js","",""
"","6990","forex page | heroBanner | signupBtn","chromium-SCB-ru-unregistered","2026-09-30","passed","2026-09-30","","cta/generated.cta.spec.js","",""
"","7539","interestRates page | tradingInstrument | longPositionGoToPlatformBtn","chromium-SCB-es-unauthorised","2026-09-30","passed","2026-09-30","","cta/generated.cta.spec.js","",""
"","7646","cryptocurrencies page | tradingInstrument | buyBtn","chromium-SCB-mn-unauthorised","2026-09-30","passed","2026-09-30","","cta/generated.cta.spec.js","",""
"","7459","indices page | tradingInstrument | sellBtn","chromium-SCB-ar-unregistered","2026-09-30","passed","2026-09-30","","cta/generated.cta.spec.js","",""
"","7076","bonds page | tradingInstrument | addToFavouriteBtn","chromium-SCB-en-unauthorised","2026-09-30","passed","2026-09-30","","cta/generated.cta.spec.js","",""
"","7442","commodities page | tradingInstrument | addToFavouriteBtn","chromium-CySEC-el-gr-unregistered","2026-09-30","passed","2026-09-30","","cta/generated.cta.spec.js","",""
"","7253","interestRates page | heroBanner | signupBtn","chromium-CySEC-pl-pl-unregistered","2026-09-30","passed","2026-09-30","","cta/generated.cta.spec.js","",""
"","7670","commodities page | tradingInstrument | alertBtn","chromium-CySEC-de-de-unauthorised","2026-09-30","passed","2026-09-30","","cta/generated.cta.spec.js","",""
"","7315","cryptocurrencies page | tradingInstrument | buyBtn","chromium-SCB-en-unregistered","2026-09-30","passed","2026-09-30","","cta/generated.cta.spec.js","",""
"","7260","shares page | tradingInstrument | readyToJoinSignUpBtn","chromium-SCB-de-unregistered","2026-09-30","passed","2026-09-30","","cta/generated.cta.spec.js","",""
"","9157","indices page | tradingInstrument | tradedBtn","chromium-CySEC-pl-pl-unregistered","2026-09-30","passed","2026-09-30","","cta/generated.cta.spec.js","",""
"","9843","bonds page | tradingInstrument | tradedBtn","chromium-CySEC-nl-nl-unauthorised","2026-09-30","passed","2026-09-30","","cta/generated.cta.spec.js","",""
"","7417","shares page | heroBanner | signupBtn","chromium-CySEC-fr-fr-unauthorised","2026-09-30","passed","2026-09-30","","cta/generated.cta.spec.js","",""
"","6973","shares page | tradingInstrument | alertBtn","chromium-FCA-en-unregistered","2026-09-30","passed","2026-09-30","","cta/generated.cta.spec.js","",""
"","7564","forex page | tradingInstrument | buyBtn","chromium-CySEC-en-eu-unregistered","2026-09-30","passed","2026-09-30","","cta/generated.cta.spec.js","",""
"","7335","cryptocurrencies page | tradingInstrument | readyToJoinSignUpBtn","chromium-CySEC-de-at-unregistered","2026-09-30","passed","2026-09-30","","cta/generated.cta.spec.js","",""
"","6984","interestRates page | tradingInstrument | viewDetailedChartBtn","chromium-CySEC-de-de-unregistered","2026-09-30","passed","2026-09-30","","cta/generated.cta.spec.js","",""
"","7955","cryptocurrencies page | tradingInstrument | shortPositionGoToPlatformBtn","chromium-CySEC-nl-nl-unauthorised","2026-09-30","passed","2026-09-30","","cta/generated.cta.spec.js","",""
"","8187","shares page | tradingInstrument | viewDetailedChartBtn","chromium-SCB-ru-unauthorised","2026-09-30","passed","2026-09-30","","cta/generated.cta.spec.js","",""
"","7331","bonds page | tradingInstrument | sellBtn","chromium-SCB-es-unregistered","2026-09-30","passed","2026-09-30","","cta/generated.cta.spec.js","",""
"","7254","bonds page | tradingInstrument | shortPositionGoToPlatformBtn","chromium-ASIC-en-unregistered","2026-09-30","passed","2026-09-30","","cta/generated.cta.spec.js","",""
"","7500","cryptocurrencies page | tradingInstrument | alertBtn","chromium-CySEC-hu-hu-unauthorised","2026-09-30","passed","2026-09-30","","cta/generated.cta.spec.js","",""
"","7362","forex page | tradingInstrument | sellBtn","chromium-CySEC-nl-nl-unregistered","2026-09-30","passed","2026-09-30","","cta/generated.cta.spec.js","",""
"","7789","interestRates page | heroBanner | signupBtn","chromium-CySEC-ro-ro-unregistered","2026-09-30","passed","2026-09-30","","cta/generated.cta.spec.js","",""
"","7557","markets page | tradingInstrument | shortPositionGoToPlatformBtn","chromium-SCB-vi-unregistered","2026-09-30","passed","2026-09-30","","cta/generated.cta.spec.js","",""
"","7567","cryptocurrencies page | tradingInstrument | addToFavouriteBtn","chromium-SCB-ar-unregistered","2026-09-30","passed","2026-09-30","","cta/generated.cta.spec.js","",""
"","9626","indices page | tradingInstrument | tradedBtn","chromium-CySEC-fr-fr-unauthorised","2026-09-30","passed","2026-09-30","","cta/generated.cta.spec.js","",""
"","8256","cryptocurrencies page | tradingInstrument | addToFavouriteBtn","chromium-CySEC-it-it-unregistered","2026-09-30","passed","2026-09-30","","cta/generated.cta.spec.js","",""
"","6686","indices page | tradingInstrument | viewDetailedChartBtn","chromium-CMA-ar-unregistered","2026-09-30","passed","2026-09-30","","cta/generated.cta.spec.js","",""
"","7347","commodities page | tradingInstrument | shortPositionGoToPlatformBtn","chromium-CySEC-pl-pl-unregistered","2026-09-30","passed","2026-09-30","","cta/generated.cta.spec.js","",""
"","7007","indices page | tradingInstrument | readyToJoinSignUpBtn","chromium-FCA-en-unregistered","2026-09-30","passed","2026-09-30","","cta/generated.cta.spec.js","",""
"","9395","markets page | tradingInstrument | tradedBtn","chromium-SCB-vi-unauthorised","2026-09-30","passed","2026-09-30","","cta/generated.cta.spec.js","",""
"","7166","bonds page | tradingInstrument | sellBtn","chromium-SCB-zh-hant-unregistered","2026-09-30","passed","2026-09-30","","cta/generated.cta.spec.js","",""
"","7517","indices page | tradingInstrument | buyBtn","chromium-CySEC-en-eu-unregistered","2026-09-30","passed","2026-09-30","","cta/generated.cta.spec.js","",""
"","7215","markets page | tradingInstrument | sellBtn","chromium-CMA-ar-unauthorised","2026-09-30","passed","2026-09-30","","cta/generated.cta.spec.js","",""
"","9095","interestRates page | tradingInstrument | tradedBtn","chromium-CySEC-de-de-unregistered","2026-09-30","passed","2026-09-30","","cta/generated.cta.spec.js","",""
"","7723","forex page | tradingInstrument | shortPositionGoToPlatformBtn","chromium-CySEC-de-de-unauthorised","2026-09-30","passed","2026-09-30","","cta/generated.cta.spec.js","",""
"","7832","cryptocurrencies page | tradingInstrument | longPositionGoToPlatformBtn","chromium-SCB-es-unauthorised","2026-09-30","passed","2026-09-30","","cta/generated.cta.spec.js","",""
"","7295","forex page | tradingInstrument | viewDetailedChartBtn","chromium-CySEC-pl-pl-unregistered","2026-09-30","passed","2026-09-30","","cta/generated.cta.spec.js","",""
"","12024","indices page | tradingInstrument | tradedBtn","chromium-CySEC-ro-ro-unregistered","2026-09-30","failed","2026-09-30","","cta/generated.cta.spec.js","",""
"","7354","indices page | tradingInstrument | shortPositionGoToPlatformBtn","chromium-CySEC-fr-fr-unregistered","2026-09-30","passed","2026-09-30","","cta/generated.cta.spec.js","",""
"","7083","shares page | tradingInstrument | sellBtn","chromium-CMA-ar-unregistered","2026-09-30","passed","2026-09-30","","cta/generated.cta.spec.js","",""
"","7197","cryptocurrencies page | tradingInstrument | alertBtn","chromium-CySEC-de-de-unregistered","2026-09-30","passed","2026-09-30","","cta/generated.cta.spec.js","",""
"","7771","interestRates page | tradingInstrument | sellBtn","chromium-CySEC-hu-hu-unauthorised","2026-09-30","passed","2026-09-30","","cta/generated.cta.spec.js","",""
"","8242","forex page | tradingInstrument | addToFavouriteBtn","chromium-CySEC-de-at-unregistered","2026-09-30","passed","2026-09-30","","cta/generated.cta.spec.js","",""
"","9623","cryptocurrencies page | tradingInstrument | tradedBtn","chromium-SCB-de-unregistered","2026-09-30","passed","2026-09-30","","cta/generated.cta.spec.js","",""
"","7310","markets page | tradingInstrument | alertBtn","chromium-CySEC-hu-hu-unregistered","2026-09-30","passed","2026-09-30","","cta/generated.cta.spec.js","",""
"","7822","forex page | tradingInstrument | sellBtn","chromium-SCB-vi-unauthorised","2026-09-30","passed","2026-09-30","","cta/generated.cta.spec.js","",""
"","7760","bonds page | tradingInstrument | longPositionGoToPlatformBtn","chromium-ASIC-en-unregistered","2026-09-30","passed","2026-09-30","","cta/generated.cta.spec.js","",""
"","7914","forex page | tradingInstrument | sellBtn","chromium-CySEC-el-gr-unauthorised","2026-09-30","passed","2026-09-30","","cta/generated.cta.spec.js","",""
"","7564","shares page | tradingInstrument | sellBtn","chromium-SCB-zh-hant-unauthorised","2026-09-30","passed","2026-09-30","","cta/generated.cta.spec.js","",""
"","7990","interestRates page | tradingInstrument | sellBtn","chromium-CySEC-de-de-unauthorised","2026-09-30","passed","2026-09-30","","cta/generated.cta.spec.js","",""
"","7226","bonds page | tradingInstrument | readyToJoinSignUpBtn","chromium-SCB-mn-unauthorised","2026-09-30","passed","2026-09-30","","cta/generated.cta.spec.js","",""
"","6990","forex page | tradingInstrument | viewDetailedChartBtn","chromium-CMA-ar-unregistered","2026-09-30","passed","2026-09-30","","cta/generated.cta.spec.js","",""
"","7587","cryptocurrencies page | tradingInstrument | buyBtn","chromium-CySEC-fr-fr-unregistered","2026-09-30","passed","2026-09-30","","cta/generated.cta.spec.js","",""
"","7496","forex page | tradingInstrument | addToFavouriteBtn","chromium-ASIC-en-unregistered","2026-09-30","passed","2026-09-30","","cta/generated.cta.spec.js","",""
"","7071","bonds page | tradingInstrument | readyToJoinSignUpBtn","chromium-CySEC-de-de-unregistered","2026-09-30","passed","2026-09-30","","cta/generated.cta.spec.js","",""
"","8049","cryptocurrencies page | tradingInstrument | sellBtn","chromium-CySEC-pl-pl-unregistered","2026-09-30","passed","2026-09-30","","cta/generated.cta.spec.js","",""
"","7331","bonds page | tradingInstrument | readyToJoinSignUpBtn","chromium-SCB-ar-unregistered","2026-09-30","passed","2026-09-30","","cta/generated.cta.spec.js","",""
"","7260","shares page | tradingInstrument | alertBtn","chromium-CySEC-de-at-unregistered","2026-09-30","passed","2026-09-30","","cta/generated.cta.spec.js","",""
"","7371","interestRates page | tradingInstrument | alertBtn","chromium-SCB-ar-unregistered","2026-09-30","passed","2026-09-30","","cta/generated.cta.spec.js","",""
"","7035","shares page | heroBanner | signupBtn","chromium-SCB-en-unregistered","2026-09-30","passed","2026-09-30","","cta/generated.cta.spec.js","",""
"","7241","interestRates page | tradingInstrument | addToFavouriteBtn","chromium-SCB-ru-unregistered","2026-09-30","passed","2026-09-30","","cta/generated.cta.spec.js","",""
"","7581","indices page | tradingInstrument | sellBtn","chromium-SCB-zh-hant-unauthorised","2026-09-30","passed","2026-09-30","","cta/generated.cta.spec.js","",""
"","7332","commodities page | tradingInstrument | addToFavouriteBtn","chromium-CySEC-it-it-unregistered","2026-09-30","passed","2026-09-30","","cta/generated.cta.spec.js","",""
"","7427","shares page | tradingInstrument | buyBtn","chromium-CySEC-ro-ro-unregistered","2026-09-30","passed","2026-09-30","","cta/generated.cta.spec.js","",""
"","7563","interestRates page | tradingInstrument | shortPositionGoToPlatformBtn","chromium-SCB-de-unregistered","2026-09-30","passed","2026-09-30","","cta/generated.cta.spec.js","",""
"","11430","markets page | tradingInstrument | tradedBtn","chromium-CMA-ar-unauthorised","2026-09-30","failed","2026-09-30","","cta/generated.cta.spec.js","",""
"","9554","markets page | tradingInstrument | tradedBtn","chromium-CySEC-pl-pl-unauthorised","2026-09-30","passed","2026-09-30","","cta/generated.cta.spec.js","",""
"","7176","forex page | heroBanner | signupBtn","chromium-CySEC-hu-hu-unauthorised","2026-09-30","passed","2026-09-30","","cta/generated.cta.spec.js","",""
"","7255","markets page | tradingInstrument | viewDetailedChartBtn","chromium-CySEC-ro-ro-unregistered","2026-09-30","passed","2026-09-30","","cta/generated.cta.spec.js","",""
"","7319","markets page | tradingInstrument | readyToJoinSignUpBtn","chromium-CySEC-de-de-unregistered","2026-09-30","passed","2026-09-30","","cta/generated.cta.spec.js","",""
"","7562","cryptocurrencies page | tradingInstrument | alertBtn","chromium-CySEC-el-gr-unauthorised","2026-09-30","passed","2026-09-30","","cta/generated.cta.spec.js","",""
"","7903","bonds page | tradingInstrument | alertBtn","chromium-CySEC-el-gr-unauthorised","2026-09-30","passed","2026-09-30","","cta/generated.cta.spec.js","",""
"","7538","forex page | tradingInstrument | buyBtn","chromium-SCB-vi-unregistered","2026-09-30","passed","2026-09-30","","cta/generated.cta.spec.js","",""
"","7950","markets page | tradingInstrument | shortPositionGoToPlatformBtn","chromium-SCB-es-unauthorised","2026-09-30","passed","2026-09-30","","cta/generated.cta.spec.js","",""
"","9103","interestRates page | tradingInstrument | tradedBtn","chromium-CySEC-fr-fr-unregistered","2026-09-30","passed","2026-09-30","","cta/generated.cta.spec.js","",""
"","7874","interestRates page | tradingInstrument | sellBtn","chromium-CySEC-pl-pl-unauthorised","2026-09-30","passed","2026-09-30","","cta/generated.cta.spec.js","",""
"","6280","marketPricing page | readyToJoinBlock | signupBtn","chromium-FCA-en-unregistered","2026-09-30","passed","2026-09-30","","cta/generated.cta.spec.js","",""
"","7760","shares page | tradingInstrument | shortPositionGoToPlatformBtn","chromium-CySEC-nl-nl-unauthorised","2026-09-30","passed","2026-09-30","","cta/generated.cta.spec.js","",""
"","7390","commodities page | tradingInstrument | viewDetailedChartBtn","chromium-SCB-zh-hant-unauthorised","2026-09-30","passed","2026-09-30","","cta/generated.cta.spec.js","",""
"","7084","interestRates page | tradingInstrument | alertBtn","chromium-CySEC-hu-hu-unregistered","2026-09-30","passed","2026-09-30","","cta/generated.cta.spec.js","",""
"","12333","forex page | tradingInstrument | tradedBtn","chromium-SCB-fr-unauthorised","2026-09-30","failed","2026-09-30","","cta/generated.cta.spec.js","",""
"","7494","indices page | tradingInstrument | alertBtn","chromium-CySEC-pl-pl-unauthorised","2026-09-30","passed","2026-09-30","","cta/generated.cta.spec.js","",""
"","6836","cryptocurrencies page | heroBanner | signupBtn","chromium-SCB-en-unauthorised","2026-09-30","passed","2026-09-30","","cta/generated.cta.spec.js","",""
"","7442","indices page | tradingInstrument | alertBtn","chromium-SCB-zh-hant-unauthorised","2026-09-30","passed","2026-09-30","","cta/generated.cta.spec.js","",""
"","6866","bonds page | heroBanner | signupBtn","chromium-CMA-ar-unregistered","2026-09-30","passed","2026-09-30","","cta/generated.cta.spec.js","",""
"","8443","markets page | tradingInstrument | readyToJoinSignUpBtn","chromium-CySEC-pl-pl-unauthorised","2026-09-30","passed","2026-09-30","","cta/generated.cta.spec.js","",""
"","12451","indices page | tradingInstrument | tradedBtn","chromium-CySEC-ro-ro-unauthorised","2026-09-30","failed","2026-09-30","","cta/generated.cta.spec.js","",""
"","7937","markets page | tradingInstrument | longPositionGoToPlatformBtn","chromium-CySEC-nl-nl-unauthorised","2026-09-30","passed","2026-09-30","","cta/generated.cta.spec.js","",""
"","7316","shares page | tradingInstrument | viewDetailedChartBtn","chromium-CySEC-hu-hu-unregistered","2026-09-30","passed","2026-09-30","","cta/generated.cta.spec.js","",""
"","6998","indices page | heroBanner | signupBtn","chromium-CySEC-hu-hu-unauthorised","2026-09-30","passed","2026-09-30","","cta/generated.cta.spec.js","",""
"","3305","shares page | tradingInstrument | shortPositionGoToPlatformBtn","chromium-SCB-zh-hans-unregistered","2026-09-30","passed","2026-09-30","","cta/generated.cta.spec.js","",""
"","8831","forex page | tradingInstrument | viewDetailedChartBtn","chromium-CySEC-en-eu-unauthorised","2026-09-30","passed","2026-09-30","","cta/generated.cta.spec.js","",""
"","7931","cryptocurrencies page | tradingInstrument | sellBtn","chromium-CySEC-de-de-unauthorised","2026-09-30","passed","2026-09-30","","cta/generated.cta.spec.js","",""
"","7574","cryptocurrencies page | tradingInstrument | sellBtn","chromium-SCB-zh-hant-unauthorised","2026-09-30","passed","2026-09-30","","cta/generated.cta.spec.js","",""
"","7303","forex page | tradingInstrument | shortPositionGoToPlatformBtn","chromium-SCB-fr-unregistered","2026-09-30","passed","2026-09-30","","cta/generated.cta.spec.js","",""
"","7556","cryptocurrencies page | tradingInstrument | buyBtn","chromium-CySEC-de-at-unregistered","2026-09-30","passed","2026-09-30","","cta/generated.cta.spec.js","",""
"","7528","forex page | tradingInstrument | shortPositionGoToPlatformBtn","chromium-CySEC-el-gr-unauthorised","2026-09-30","passed","2026-09-30","","cta/generated.cta.spec.js","",""
"","6846","commodities page | tradingInstrument | alertBtn","chromium-CMA-en-unauthorised","2026-09-30","passed","2026-09-30","","cta/generated.cta.spec.js","",""
"","7317","indices page | tradingInstrument | buyBtn","chromium-SCB-fr-unregistered","2026-09-30","passed","2026-09-30","","cta/generated.cta.spec.js","",""
"","7139","indices page | tradingInstrument | viewDetailedChartBtn","chromium-SCB-fr-unregistered","2026-09-30","passed","2026-09-30","","cta/generated.cta.spec.js","",""
"","9526","bonds page | tradingInstrument | readyToJoinSignUpBtn","chromium-CySEC-fr-fr-unauthorised","2026-09-30","passed","2026-09-30","","cta/generated.cta.spec.js","",""
"","7110","bonds page | heroBanner | signupBtn","chromium-CySEC-en-eu-unauthorised","2026-09-30","passed","2026-09-30","","cta/generated.cta.spec.js","",""
"","8572","forex page | tradingInstrument | sellBtn","chromium-CySEC-fr-fr-unauthorised","2026-09-30","passed","2026-09-30","","cta/generated.cta.spec.js","",""
"","7630","indices page | tradingInstrument | shortPositionGoToPlatformBtn","chromium-SCB-ru-unauthorised","2026-09-30","passed","2026-09-30","","cta/generated.cta.spec.js","",""
"","7368","cryptocurrencies page | tradingInstrument | shortPositionGoToPlatformBtn","chromium-SCB-fr-unregistered","2026-09-30","passed","2026-09-30","","cta/generated.cta.spec.js","",""
"","7166","commodities page | tradingInstrument | viewDetailedChartBtn","chromium-CySEC-hu-hu-unregistered","2026-09-30","passed","2026-09-30","","cta/generated.cta.spec.js","",""
"","8644","cryptocurrencies page | tradingInstrument | alertBtn","chromium-CySEC-fr-fr-unauthorised","2026-09-30","passed","2026-09-30","","cta/generated.cta.spec.js","",""
"","7525","shares page | tradingInstrument | viewDetailedChartBtn","chromium-CySEC-de-de-unauthorised","2026-09-30","passed","2026-09-30","","cta/generated.cta.spec.js","",""
"","7725","markets page | tradingInstrument | buyBtn","chromium-CySEC-it-it-unregistered","2026-09-30","passed","2026-09-30","","cta/generated.cta.spec.js","",""
"","7720","commodities page | tradingInstrument | sellBtn","chromium-SCB-de-unregistered","2026-09-30","passed","2026-09-30","","cta/generated.cta.spec.js","",""
"","9400","bonds page | tradingInstrument | tradedBtn","chromium-CySEC-hu-hu-unauthorised","2026-09-30","passed","2026-09-30","","cta/generated.cta.spec.js","",""
"","9604","shares page | tradingInstrument | tradedBtn","chromium-CySEC-fr-fr-unregistered","2026-09-30","passed","2026-09-30","","cta/generated.cta.spec.js","",""
"","7846","commodities page | tradingInstrument | alertBtn","chromium-CySEC-nl-nl-unauthorised","2026-09-30","passed","2026-09-30","","cta/generated.cta.spec.js","",""
"","9186","shares page | tradingInstrument | readyToJoinSignUpBtn","chromium-CySEC-de-de-unauthorised","2026-09-30","passed","2026-09-30","","cta/generated.cta.spec.js","",""
"","6944","commodities page | tradingInstrument | buyBtn","chromium-FCA-en-unregistered","2026-09-30","passed","2026-09-30","","cta/generated.cta.spec.js","",""
"","6816","indices page | heroBanner | signupBtn","chromium-CySEC-de-at-unauthorised","2026-09-30","passed","2026-09-30","","cta/generated.cta.spec.js","",""
"","7387","shares page | tradingInstrument | alertBtn","chromium-SCB-en-unregistered","2026-09-30","passed","2026-09-30","","cta/generated.cta.spec.js","",""
"","7115","interestRates page | tradingInstrument | viewDetailedChartBtn","chromium-SCB-ar-unregistered","2026-09-30","passed","2026-09-30","","cta/generated.cta.spec.js","",""
"","7335","markets page | tradingInstrument | viewDetailedChartBtn","chromium-CySEC-el-gr-unauthorised","2026-09-30","passed","2026-09-30","","cta/generated.cta.spec.js","",""
"","7459","markets page | tradingInstrument | readyToJoinSignUpBtn","chromium-ASIC-en-unregistered","2026-09-30","passed","2026-09-30","","cta/generated.cta.spec.js","",""
"","11866","bonds page | tradingInstrument | tradedBtn","chromium-CMA-ar-unauthorised","2026-09-30","failed","2026-09-30","","cta/generated.cta.spec.js","",""
"","6764","commodities page | tradingInstrument | readyToJoinSignUpBtn","chromium-CMA-en-unregistered","2026-09-30","passed","2026-09-30","","cta/generated.cta.spec.js","",""
"","7085","interestRates page | tradingInstrument | alertBtn","chromium-CySEC-nl-nl-unregistered","2026-09-30","passed","2026-09-30","","cta/generated.cta.spec.js","",""
"","7211","interestRates page | tradingInstrument | readyToJoinSignUpBtn","chromium-CySEC-de-at-unregistered","2026-09-30","passed","2026-09-30","","cta/generated.cta.spec.js","",""
"","7412","interestRates page | tradingInstrument | shortPositionGoToPlatformBtn","chromium-SCB-en-unauthorised","2026-09-30","passed","2026-09-30","","cta/generated.cta.spec.js","",""
"","7900","forex page | tradingInstrument | sellBtn","chromium-CySEC-it-it-unregistered","2026-09-30","passed","2026-09-30","","cta/generated.cta.spec.js","",""
"","7688","commodities page | tradingInstrument | addToFavouriteBtn","chromium-CySEC-pl-pl-unauthorised","2026-09-30","passed","2026-09-30","","cta/generated.cta.spec.js","",""
"","8862","commodities page | tradingInstrument | alertBtn","chromium-SCB-zh-hant-unauthorised","2026-09-30","passed","2026-09-30","","cta/generated.cta.spec.js","",""
"","7715","bonds page | tradingInstrument | addToFavouriteBtn","chromium-SCB-ar-unregistered","2026-09-30","passed","2026-09-30","","cta/generated.cta.spec.js","",""
"","6908","shares page | tradingInstrument | longPositionGoToPlatformBtn","chromium-CMA-en-unauthorised","2026-09-30","passed","2026-09-30","","cta/generated.cta.spec.js","",""
"","7365","shares page | tradingInstrument | shortPositionGoToPlatformBtn","chromium-CySEC-pl-pl-unregistered","2026-09-30","passed","2026-09-30","","cta/generated.cta.spec.js","",""
"","7065","interestRates page | tradingInstrument | alertBtn","chromium-SCB-en-unregistered","2026-09-30","passed","2026-09-30","","cta/generated.cta.spec.js","",""
"","7684","forex page | tradingInstrument | addToFavouriteBtn","chromium-CySEC-ro-ro-unauthorised","2026-09-30","passed","2026-09-30","","cta/generated.cta.spec.js","",""
"","9722","commodities page | tradingInstrument | viewDetailedChartBtn","chromium-SCB-ar-unauthorised","2026-09-30","passed","2026-09-30","","cta/generated.cta.spec.js","",""
"","9248","indices page | tradingInstrument | tradedBtn","chromium-CySEC-el-gr-unregistered","2026-09-30","passed","2026-09-30","","cta/generated.cta.spec.js","",""
"","9732","indices page | tradingInstrument | tradedBtn","chromium-CySEC-de-de-unauthorised","2026-09-30","passed","2026-09-30","","cta/generated.cta.spec.js","",""
"","7470","markets page | tradingInstrument | buyBtn","chromium-SCB-es-unregistered","2026-09-30","passed","2026-09-30","","cta/generated.cta.spec.js","",""
"","7520","interestRates page | tradingInstrument | readyToJoinSignUpBtn","chromium-SCB-en-unauthorised","2026-09-30","passed","2026-09-30","","cta/generated.cta.spec.js","",""
"","6772","bonds page | tradingInstrument | addToFavouriteBtn","chromium-CMA-ar-unauthorised","2026-09-30","passed","2026-09-30","","cta/generated.cta.spec.js","",""
"","7923","bonds page | tradingInstrument | longPositionGoToPlatformBtn","chromium-CySEC-de-de-unauthorised","2026-09-30","passed","2026-09-30","","cta/generated.cta.spec.js","",""
"","7218","bonds page | tradingInstrument | shortPositionGoToPlatformBtn","chromium-CySEC-de-de-unregistered","2026-09-30","passed","2026-09-30","","cta/generated.cta.spec.js","",""
"","7011","shares page | tradingInstrument | viewDetailedChartBtn","chromium-CMA-ar-unauthorised","2026-09-30","passed","2026-09-30","","cta/generated.cta.spec.js","",""
"","7557","cryptocurrencies page | tradingInstrument | addToFavouriteBtn","chromium-CySEC-ro-ro-unregistered","2026-09-30","passed","2026-09-30","","cta/generated.cta.spec.js","",""
"","7092","marketAnalysis page | mostTradedMarketsBlock | tradedBtn","chromium-CySEC-en-eu-unregistered","2026-09-30","passed","2026-09-30","","cta/generated.cta.spec.js","",""
"","7965","forex page | tradingInstrument | buyBtn","chromium-SCB-vi-unauthorised","2026-09-30","passed","2026-09-30","","cta/generated.cta.spec.js","",""
"","7532","forex page | tradingInstrument | addToFavouriteBtn","chromium-CySEC-nl-nl-unregistered","2026-09-30","passed","2026-09-30","","cta/generated.cta.spec.js","",""
"","7173","commodities page | tradingInstrument | viewDetailedChartBtn","chromium-CySEC-fr-fr-unregistered","2026-09-30","passed","2026-09-30","","cta/generated.cta.spec.js","",""
"","3045","indices page | tradingInstrument | readyToJoinSignUpBtn","chromium-SCB-zh-hans-unregistered","2026-09-30","passed","2026-09-30","","cta/generated.cta.spec.js","",""
"","6786","cryptocurrencies page | tradingInstrument | viewDetailedChartBtn","chromium-CMA-en-unauthorised","2026-09-30","passed","2026-09-30","","cta/generated.cta.spec.js","",""
"","9149","shares page | tradingInstrument | tradedBtn","chromium-SCB-ru-unregistered","2026-09-30","passed","2026-09-30","","cta/generated.cta.spec.js","",""
"","8070","commodities page | tradingInstrument | tradedBtn","chromium-SCB-zh-hans-unregistered","2026-09-30","failed","2026-09-30","","cta/generated.cta.spec.js","",""
"","7188","shares page | tradingInstrument | alertBtn","chromium-CySEC-de-de-unregistered","2026-09-30","passed","2026-09-30","","cta/generated.cta.spec.js","",""
"","6703","shares page | tradingInstrument | readyToJoinSignUpBtn","chromium-SCB-zh-hans-unauthorised","2026-09-30","passed","2026-09-30","","cta/generated.cta.spec.js","",""
"","9481","markets page | tradingInstrument | tradedBtn","chromium-SCB-es-unregistered","2026-09-30","passed","2026-09-30","","cta/generated.cta.spec.js","",""
"","7281","forex page | tradingInstrument | alertBtn","chromium-CySEC-el-gr-unregistered","2026-09-30","passed","2026-09-30","","cta/generated.cta.spec.js","",""
"","9254","shares page | tradingInstrument | tradedBtn","chromium-ASIC-en-unauthorised","2026-09-30","passed","2026-09-30","","cta/generated.cta.spec.js","",""
"","7707","indices page | tradingInstrument | buyBtn","chromium-SCB-de-unregistered","2026-09-30","passed","2026-09-30","","cta/generated.cta.spec.js","",""
"","6727","forex page | tradingInstrument | readyToJoinSignUpBtn","chromium-FCA-en-unauthorised","2026-09-30","passed","2026-09-30","","cta/generated.cta.spec.js","",""
"","7787","cryptocurrencies page | tradingInstrument | longPositionGoToPlatformBtn","chromium-CySEC-el-gr-unauthorised","2026-09-30","passed","2026-09-30","","cta/generated.cta.spec.js","",""
"","4812","markets page | tradingInstrument | readyToJoinSignUpBtn","chromium-SCB-zh-hans-unauthorised","2026-09-30","passed","2026-09-30","","cta/generated.cta.spec.js","",""
"","7453","forex page | tradingInstrument | longPositionGoToPlatformBtn","chromium-SCB-ar-unregistered","2026-09-30","passed","2026-09-30","","cta/generated.cta.spec.js","",""
"","7354","interestRates page | tradingInstrument | alertBtn","chromium-SCB-mn-unauthorised","2026-09-30","passed","2026-09-30","","cta/generated.cta.spec.js","",""
"","7711","shares page | tradingInstrument | buyBtn","chromium-SCB-de-unauthorised","2026-09-30","passed","2026-09-30","","cta/generated.cta.spec.js","",""
"","9039","indices page | tradingInstrument | buyBtn","chromium-CySEC-pl-pl-unauthorised","2026-09-30","passed","2026-09-30","","cta/generated.cta.spec.js","",""
"","7137","bonds page | heroBanner | signupBtn","chromium-CySEC-nl-nl-unauthorised","2026-09-30","passed","2026-09-30","","cta/generated.cta.spec.js","",""
"","7089","shares page | heroBanner | signupBtn","chromium-CySEC-ro-ro-unauthorised","2026-09-30","passed","2026-09-30","","cta/generated.cta.spec.js","",""
"","7772","indices page | tradingInstrument | addToFavouriteBtn","chromium-CySEC-de-de-unauthorised","2026-09-30","passed","2026-09-30","","cta/generated.cta.spec.js","",""
"","7504","forex page | tradingInstrument | addToFavouriteBtn","chromium-SCB-ar-unregistered","2026-09-30","passed","2026-09-30","","cta/generated.cta.spec.js","",""
"","7566","forex page | tradingInstrument | buyBtn","chromium-ASIC-en-unauthorised","2026-09-30","passed","2026-09-30","","cta/generated.cta.spec.js","",""
"","8342","bonds page | tradingInstrument | addToFavouriteBtn","chromium-CySEC-it-it-unauthorised","2026-09-30","passed","2026-09-30","","cta/generated.cta.spec.js","",""
"","7331","indices page | tradingInstrument | alertBtn","chromium-CySEC-de-at-unauthorised","2026-09-30","passed","2026-09-30","","cta/generated.cta.spec.js","",""
"","3293","indices page | tradingInstrument | sellBtn","chromium-SCB-zh-hans-unregistered","2026-09-30","passed","2026-09-30","","cta/generated.cta.spec.js","",""
"","7112","commodities page | tradingInstrument | alertBtn","chromium-SCB-en-unauthorised","2026-09-30","passed","2026-09-30","","cta/generated.cta.spec.js","",""
"","6929","shares page | tradingInstrument | addToFavouriteBtn","chromium-CMA-ar-unregistered","2026-09-30","passed","2026-09-30","","cta/generated.cta.spec.js","",""
"","7628","forex page | tradingInstrument | viewDetailedChartBtn","chromium-CySEC-fr-fr-unauthorised","2026-09-30","passed","2026-09-30","","cta/generated.cta.spec.js","",""
"","9056","indices page | tradingInstrument | tradedBtn","chromium-SCB-zh-hant-unregistered","2026-09-30","passed","2026-09-30","","cta/generated.cta.spec.js","",""
"","7442","markets page | tradingInstrument | buyBtn","chromium-CySEC-pl-pl-unregistered","2026-09-30","passed","2026-09-30","","cta/generated.cta.spec.js","",""
"","6708","commodities page | tradingInstrument | alertBtn","chromium-FCA-en-unauthorised","2026-09-30","passed","2026-09-30","","cta/generated.cta.spec.js","",""
"","6890","commodities page | tradingInstrument | sellBtn","chromium-FCA-en-unauthorised","2026-09-30","passed","2026-09-30","","cta/generated.cta.spec.js","",""
"","6927","marketPricing page | readyToJoinBlock | signupBtn","chromium-CySEC-de-de-unregistered","2026-09-30","passed","2026-09-30","","cta/generated.cta.spec.js","",""
"","8164","cryptocurrencies page | tradingInstrument | sellBtn","chromium-CySEC-pl-pl-unauthorised","2026-09-30","passed","2026-09-30","","cta/generated.cta.spec.js","",""
"","7801","cryptocurrencies page | tradingInstrument | alertBtn","chromium-SCB-ru-unauthorised","2026-09-30","passed","2026-09-30","","cta/generated.cta.spec.js","",""
"","8291","indices page | tradingInstrument | longPositionGoToPlatformBtn","chromium-CySEC-ro-ro-unauthorised","2026-09-30","passed","2026-09-30","","cta/generated.cta.spec.js","",""
"","7395","interestRates page | tradingInstrument | longPositionGoToPlatformBtn","chromium-SCB-ru-unregistered","2026-09-30","passed","2026-09-30","","cta/generated.cta.spec.js","",""
"","35","financeNews page | mostTradedMarketsBlock | tradedBtn","chromium-SCB-mn-unauthorised","2026-09-30","skipped","2026-09-30","","cta/generated.cta.spec.js","",""
"","7351","indices page | tradingInstrument | longPositionGoToPlatformBtn","chromium-CySEC-hu-hu-unregistered","2026-09-30","passed","2026-09-30","","cta/generated.cta.spec.js","",""
"","7242","bonds page | tradingInstrument | shortPositionGoToPlatformBtn","chromium-SCB-vi-unregistered","2026-09-30","passed","2026-09-30","","cta/generated.cta.spec.js","",""
"","7594","interestRates page | tradingInstrument | addToFavouriteBtn","chromium-CySEC-hu-hu-unauthorised","2026-09-30","passed","2026-09-30","","cta/generated.cta.spec.js","",""
"","7504","markets page | tradingInstrument | readyToJoinSignUpBtn","chromium-SCB-zh-hant-unauthorised","2026-09-30","passed","2026-09-30","","cta/generated.cta.spec.js","",""
"","6878","interestRates page | tradingInstrument | longPositionGoToPlatformBtn","chromium-CMA-en-unauthorised","2026-09-30","passed","2026-09-30","","cta/generated.cta.spec.js","",""
"","7121","forex page | tradingInstrument | alertBtn","chromium-SCB-ru-unregistered","2026-09-30","passed","2026-09-30","","cta/generated.cta.spec.js","",""
"","7001","marketAnalysis page | mostTradedMarketsBlock | tradedBtn","chromium-SCB-ru-unauthorised","2026-09-30","passed","2026-09-30","","cta/generated.cta.spec.js","",""
"","7302","forex page | tradingInstrument | alertBtn","chromium-CySEC-hu-hu-unregistered","2026-09-30","passed","2026-09-30","","cta/generated.cta.spec.js","",""
"","7164","indices page | heroBanner | signupBtn","chromium-CySEC-it-it-unregistered","2026-09-30","passed","2026-09-30","","cta/generated.cta.spec.js","",""
"","7482","markets page | tradingInstrument | buyBtn","chromium-CySEC-de-de-unregistered","2026-09-30","passed","2026-09-30","","cta/generated.cta.spec.js","",""
"","7600","forex page | tradingInstrument | longPositionGoToPlatformBtn","chromium-SCB-fr-unauthorised","2026-09-30","passed","2026-09-30","","cta/generated.cta.spec.js","",""
"","7537","indices page | tradingInstrument | shortPositionGoToPlatformBtn","chromium-SCB-ar-unregistered","2026-09-30","passed","2026-09-30","","cta/generated.cta.spec.js","",""
"","7095","cryptocurrencies page | heroBanner | signupBtn","chromium-SCB-mn-unregistered","2026-09-30","passed","2026-09-30","","cta/generated.cta.spec.js","",""
"","7808","interestRates page | tradingInstrument | sellBtn","chromium-CySEC-en-eu-unauthorised","2026-09-30","passed","2026-09-30","","cta/generated.cta.spec.js","",""
"","7004","shares page | tradingInstrument | buyBtn","chromium-FCA-en-unregistered","2026-09-30","passed","2026-09-30","","cta/generated.cta.spec.js","",""
"","7776","interestRates page | tradingInstrument | shortPositionGoToPlatformBtn","chromium-SCB-de-unauthorised","2026-09-30","passed","2026-09-30","","cta/generated.cta.spec.js","",""
"","9679","bonds page | tradingInstrument | tradedBtn","chromium-CySEC-pl-pl-unauthorised","2026-09-30","passed","2026-09-30","","cta/generated.cta.spec.js","",""
"","7260","bonds page | tradingInstrument | buyBtn","chromium-SCB-fr-unregistered","2026-09-30","passed","2026-09-30","","cta/generated.cta.spec.js","",""
"","7517","cryptocurrencies page | tradingInstrument | readyToJoinSignUpBtn","chromium-SCB-vi-unauthorised","2026-09-30","passed","2026-09-30","","cta/generated.cta.spec.js","",""
"","7280","forex page | heroBanner | signupBtn","chromium-SCB-zh-hant-unregistered","2026-09-30","passed","2026-09-30","","cta/generated.cta.spec.js","",""
"","9367","interestRates page | tradingInstrument | tradedBtn","chromium-CySEC-pl-pl-unauthorised","2026-09-30","passed","2026-09-30","","cta/generated.cta.spec.js","",""
"","7476","markets page | tradingInstrument | longPositionGoToPlatformBtn","chromium-CySEC-de-de-unregistered","2026-09-30","passed","2026-09-30","","cta/generated.cta.spec.js","",""
"","6905","bonds page | tradingInstrument | longPositionGoToPlatformBtn","chromium-CMA-ar-unauthorised","2026-09-30","passed","2026-09-30","","cta/generated.cta.spec.js","",""
"","7412","markets page | tradingInstrument | alertBtn","chromium-SCB-vi-unauthorised","2026-09-30","passed","2026-09-30","","cta/generated.cta.spec.js","",""
"","7305","bonds page | tradingInstrument | alertBtn","chromium-SCB-mn-unauthorised","2026-09-30","passed","2026-09-30","","cta/generated.cta.spec.js","",""
"","7137","commodities page | tradingInstrument | alertBtn","chromium-CySEC-en-eu-unregistered","2026-09-30","passed","2026-09-30","","cta/generated.cta.spec.js","",""
"","7499","interestRates page | tradingInstrument | addToFavouriteBtn","chromium-SCB-mn-unauthorised","2026-09-30","passed","2026-09-30","","cta/generated.cta.spec.js","",""
"","7208","interestRates page | tradingInstrument | readyToJoinSignUpBtn","chromium-ASIC-en-unregistered","2026-09-30","passed","2026-09-30","","cta/generated.cta.spec.js","",""
"","7356","interestRates page | tradingInstrument | shortPositionGoToPlatformBtn","chromium-ASIC-en-unauthorised","2026-09-30","passed","2026-09-30","","cta/generated.cta.spec.js","",""
"","9136","indices page | tradingInstrument | tradedBtn","chromium-SCB-mn-unregistered","2026-09-30","passed","2026-09-30","","cta/generated.cta.spec.js","",""
"","6924","markets page | tradingInstrument | viewDetailedChartBtn","chromium-CMA-en-unregistered","2026-09-30","passed","2026-09-30","","cta/generated.cta.spec.js","",""
"","8268","interestRates page | tradingInstrument | shortPositionGoToPlatformBtn","chromium-CySEC-fr-fr-unauthorised","2026-09-30","passed","2026-09-30","","cta/generated.cta.spec.js","",""
"","7066","forex page | tradingInstrument | viewDetailedChartBtn","chromium-SCB-mn-unregistered","2026-09-30","passed","2026-09-30","","cta/generated.cta.spec.js","",""
"","7547","commodities page | tradingInstrument | addToFavouriteBtn","chromium-SCB-fr-unregistered","2026-09-30","passed","2026-09-30","","cta/generated.cta.spec.js","",""
"","7493","indices page | tradingInstrument | sellBtn","chromium-SCB-ru-unregistered","2026-09-30","passed","2026-09-30","","cta/generated.cta.spec.js","",""
"","4763","interestRates page | tradingInstrument | addToFavouriteBtn","chromium-SCB-zh-hans-unauthorised","2026-09-30","passed","2026-09-30","","cta/generated.cta.spec.js","",""
"","7034","bonds page | heroBanner | signupBtn","chromium-CySEC-hu-hu-unregistered","2026-09-30","passed","2026-09-30","","cta/generated.cta.spec.js","",""
"","7413","cryptocurrencies page | tradingInstrument | sellBtn","chromium-CySEC-en-eu-unregistered","2026-09-30","passed","2026-09-30","","cta/generated.cta.spec.js","",""
"","7521","cryptocurrencies page | tradingInstrument | buyBtn","chromium-SCB-es-unregistered","2026-09-30","passed","2026-09-30","","cta/generated.cta.spec.js","",""
"","8206","bonds page | tradingInstrument | sellBtn","chromium-CySEC-pl-pl-unauthorised","2026-09-30","passed","2026-09-30","","cta/generated.cta.spec.js","",""
"","7236","markets page | tradingInstrument | readyToJoinSignUpBtn","chromium-CySEC-fr-fr-unregistered","2026-09-30","passed","2026-09-30","","cta/generated.cta.spec.js","",""
"","7561","bonds page | tradingInstrument | buyBtn","chromium-CySEC-fr-fr-unregistered","2026-09-30","passed","2026-09-30","","cta/generated.cta.spec.js","",""
"","7783","shares page | tradingInstrument | buyBtn","chromium-SCB-ru-unauthorised","2026-09-30","passed","2026-09-30","","cta/generated.cta.spec.js","",""
"","7550","cryptocurrencies page | tradingInstrument | alertBtn","chromium-SCB-zh-hant-unauthorised","2026-09-30","passed","2026-09-30","","cta/generated.cta.spec.js","",""
"","9200","cryptocurrencies page | tradingInstrument | tradedBtn","chromium-CySEC-hu-hu-unregistered","2026-09-30","passed","2026-09-30","","cta/generated.cta.spec.js","",""
"","7563","shares page | tradingInstrument | buyBtn","chromium-CySEC-de-de-unregistered","2026-09-30","passed","2026-09-30","","cta/generated.cta.spec.js","",""
"","7713","forex page | tradingInstrument | readyToJoinSignUpBtn","chromium-CySEC-de-de-unauthorised","2026-09-30","passed","2026-09-30","","cta/generated.cta.spec.js","",""
"","9079","bonds page | tradingInstrument | tradedBtn","chromium-SCB-ru-unregistered","2026-09-30","passed","2026-09-30","","cta/generated.cta.spec.js","",""
"","7783","shares page | tradingInstrument | sellBtn","chromium-CySEC-de-at-unauthorised","2026-09-30","passed","2026-09-30","","cta/generated.cta.spec.js","",""
"","7552","interestRates page | tradingInstrument | buyBtn","chromium-SCB-ar-unauthorised","2026-09-30","passed","2026-09-30","","cta/generated.cta.spec.js","",""
"","7766","interestRates page | tradingInstrument | sellBtn","chromium-SCB-vi-unauthorised","2026-09-30","passed","2026-09-30","","cta/generated.cta.spec.js","",""
"","7571","markets page | tradingInstrument | addToFavouriteBtn","chromium-ASIC-en-unregistered","2026-09-30","passed","2026-09-30","","cta/generated.cta.spec.js","",""
"","7963","commodities page | tradingInstrument | sellBtn","chromium-CySEC-en-eu-unauthorised","2026-09-30","passed","2026-09-30","","cta/generated.cta.spec.js","",""
"","7321","interestRates page | tradingInstrument | viewDetailedChartBtn","chromium-SCB-fr-unauthorised","2026-09-30","passed","2026-09-30","","cta/generated.cta.spec.js","",""
"","7486","shares page | tradingInstrument | longPositionGoToPlatformBtn","chromium-CySEC-hu-hu-unregistered","2026-09-30","passed","2026-09-30","","cta/generated.cta.spec.js","",""
"","7794","forex page | tradingInstrument | viewDetailedChartBtn","chromium-CySEC-en-eu-unregistered","2026-09-30","passed","2026-09-30","","cta/generated.cta.spec.js","",""
"","8368","markets page | tradingInstrument | shortPositionGoToPlatformBtn","chromium-SCB-mn-unauthorised","2026-09-30","passed","2026-09-30","","cta/generated.cta.spec.js","",""
"","7149","forex page | tradingInstrument | viewDetailedChartBtn","chromium-CySEC-fr-fr-unregistered","2026-09-30","passed","2026-09-30","","cta/generated.cta.spec.js","",""
"","7719","interestRates page | tradingInstrument | addToFavouriteBtn","chromium-CySEC-de-de-unregistered","2026-09-30","passed","2026-09-30","","cta/generated.cta.spec.js","",""
"","7660","cryptocurrencies page | tradingInstrument | viewDetailedChartBtn","chromium-SCB-ru-unauthorised","2026-09-30","passed","2026-09-30","","cta/generated.cta.spec.js","",""
"","7995","forex page | tradingInstrument | readyToJoinSignUpBtn","chromium-CySEC-ro-ro-unauthorised","2026-09-30","passed","2026-09-30","","cta/generated.cta.spec.js","",""
"","7473","shares page | tradingInstrument | sellBtn","chromium-SCB-es-unregistered","2026-09-30","passed","2026-09-30","","cta/generated.cta.spec.js","",""
"","7134","markets page | heroBanner | signupBtn","chromium-CySEC-fr-fr-unregistered","2026-09-30","passed","2026-09-30","","cta/generated.cta.spec.js","",""
"","7692","shares page | tradingInstrument | viewDetailedChartBtn","chromium-SCB-ar-unauthorised","2026-09-30","passed","2026-09-30","","cta/generated.cta.spec.js","",""
"","10110","cryptocurrencies page | tradingInstrument | tradedBtn","chromium-SCB-de-unauthorised","2026-09-30","passed","2026-09-30","","cta/generated.cta.spec.js","",""
"","4748","interestRates page | tradingInstrument | alertBtn","chromium-SCB-zh-hans-unauthorised","2026-09-30","passed","2026-09-30","","cta/generated.cta.spec.js","",""
"","7498","interestRates page | heroBanner | signupBtn","chromium-SCB-de-unregistered","2026-09-30","passed","2026-09-30","","cta/generated.cta.spec.js","",""
"","7457","cryptocurrencies page | tradingInstrument | longPositionGoToPlatformBtn","chromium-CySEC-hu-hu-unregistered","2026-09-30","passed","2026-09-30","","cta/generated.cta.spec.js","",""
"","7314","markets page | tradingInstrument | shortPositionGoToPlatformBtn","chromium-CySEC-nl-nl-unregistered","2026-09-30","passed","2026-09-30","","cta/generated.cta.spec.js","",""
"","7486","markets page | tradingInstrument | sellBtn","chromium-CySEC-nl-nl-unregistered","2026-09-30","passed","2026-09-30","","cta/generated.cta.spec.js","",""
"","7102","interestRates page | tradingInstrument | readyToJoinSignUpBtn","chromium-CySEC-fr-fr-unregistered","2026-09-30","passed","2026-09-30","","cta/generated.cta.spec.js","",""
"","7069","markets page | heroBanner | signupBtn","chromium-SCB-vi-unregistered","2026-09-30","passed","2026-09-30","","cta/generated.cta.spec.js","",""
"","7698","bonds page | tradingInstrument | buyBtn","chromium-CySEC-nl-nl-unregistered","2026-09-30","passed","2026-09-30","","cta/generated.cta.spec.js","",""
"","8290","indices page | tradingInstrument | shortPositionGoToPlatformBtn","chromium-SCB-vi-unauthorised","2026-09-30","passed","2026-09-30","","cta/generated.cta.spec.js","",""
"","7865","cryptocurrencies page | tradingInstrument | sellBtn","chromium-SCB-de-unauthorised","2026-09-30","passed","2026-09-30","","cta/generated.cta.spec.js","",""
"","9597","bonds page | tradingInstrument | shortPositionGoToPlatformBtn","chromium-CySEC-de-de-unauthorised","2026-09-30","passed","2026-09-30","","cta/generated.cta.spec.js","",""
"","7859","bonds page | tradingInstrument | longPositionGoToPlatformBtn","chromium-SCB-ar-unauthorised","2026-09-30","passed","2026-09-30","","cta/generated.cta.spec.js","",""
"","6980","indices page | heroBanner | signupBtn","chromium-SCB-fr-unregistered","2026-09-30","passed","2026-09-30","","cta/generated.cta.spec.js","",""
"","7977","bonds page | tradingInstrument | addToFavouriteBtn","chromium-CySEC-de-de-unauthorised","2026-09-30","passed","2026-09-30","","cta/generated.cta.spec.js","",""
"","7099","bonds page | tradingInstrument | buyBtn","chromium-FCA-en-unregistered","2026-09-30","passed","2026-09-30","","cta/generated.cta.spec.js","",""
"","7433","forex page | tradingInstrument | longPositionGoToPlatformBtn","chromium-CySEC-pl-pl-unregistered","2026-09-30","passed","2026-09-30","","cta/generated.cta.spec.js","",""
"","7520","indices page | tradingInstrument | buyBtn","chromium-SCB-ru-unauthorised","2026-09-30","passed","2026-09-30","","cta/generated.cta.spec.js","",""
"","7002","interestRates page | tradingInstrument | alertBtn","chromium-ASIC-en-unregistered","2026-09-30","passed","2026-09-30","","cta/generated.cta.spec.js","",""
"","6731","interestRates page | tradingInstrument | alertBtn","chromium-CMA-en-unauthorised","2026-09-30","passed","2026-09-30","","cta/generated.cta.spec.js","",""
"","7882","bonds page | tradingInstrument | addToFavouriteBtn","chromium-CMA-en-unregistered","2026-09-30","passed","2026-09-30","","cta/generated.cta.spec.js","",""
"","7330","bonds page | tradingInstrument | shortPositionGoToPlatformBtn","chromium-SCB-mn-unregistered","2026-09-30","passed","2026-09-30","","cta/generated.cta.spec.js","",""
"","7720","commodities page | tradingInstrument | shortPositionGoToPlatformBtn","chromium-CySEC-nl-nl-unauthorised","2026-09-30","passed","2026-09-30","","cta/generated.cta.spec.js","",""
"","7642","markets page | tradingInstrument | shortPositionGoToPlatformBtn","chromium-SCB-de-unregistered","2026-09-30","passed","2026-09-30","","cta/generated.cta.spec.js","",""
"","7670","bonds page | tradingInstrument | shortPositionGoToPlatformBtn","chromium-SCB-ru-unauthorised","2026-09-30","passed","2026-09-30","","cta/generated.cta.spec.js","",""
"","7385","commodities page | tradingInstrument | longPositionGoToPlatformBtn","chromium-CySEC-it-it-unregistered","2026-09-30","passed","2026-09-30","","cta/generated.cta.spec.js","",""
"","7036","shares page | heroBanner | signupBtn","chromium-SCB-de-unauthorised","2026-09-30","passed","2026-09-30","","cta/generated.cta.spec.js","",""
"","7319","commodities page | tradingInstrument | readyToJoinSignUpBtn","chromium-SCB-vi-unauthorised","2026-09-30","passed","2026-09-30","","cta/generated.cta.spec.js","",""
"","9614","indices page | tradingInstrument | tradedBtn","chromium-SCB-de-unregistered","2026-09-30","passed","2026-09-30","","cta/generated.cta.spec.js","",""
"","7273","forex page | heroBanner | signupBtn","chromium-CySEC-en-eu-unauthorised","2026-09-30","passed","2026-09-30","","cta/generated.cta.spec.js","",""
"","7160","shares page | heroBanner | signupBtn","chromium-CySEC-de-de-unregistered","2026-09-30","passed","2026-09-30","","cta/generated.cta.spec.js","",""
"","7422","shares page | tradingInstrument | shortPositionGoToPlatformBtn","chromium-CySEC-de-de-unregistered","2026-09-30","passed","2026-09-30","","cta/generated.cta.spec.js","",""
"","6908","commodities page | tradingInstrument | longPositionGoToPlatformBtn","chromium-CMA-ar-unauthorised","2026-09-30","passed","2026-09-30","","cta/generated.cta.spec.js","",""
"","7089","markets page | tradingInstrument | readyToJoinSignUpBtn","chromium-FCA-en-unregistered","2026-09-30","passed","2026-09-30","","cta/generated.cta.spec.js","",""
"","7546","interestRates page | tradingInstrument | shortPositionGoToPlatformBtn","chromium-CySEC-ro-ro-unauthorised","2026-09-30","passed","2026-09-30","","cta/generated.cta.spec.js","",""
"","7614","shares page | tradingInstrument | alertBtn","chromium-CySEC-de-de-unauthorised","2026-09-30","passed","2026-09-30","","cta/generated.cta.spec.js","",""
"","7368","cryptocurrencies page | tradingInstrument | longPositionGoToPlatformBtn","chromium-CySEC-de-at-unauthorised","2026-09-30","passed","2026-09-30","","cta/generated.cta.spec.js","",""
"","8403","cryptocurrencies page | heroBanner | signupBtn","chromium-CySEC-en-eu-unregistered","2026-09-30","passed","2026-09-30","","cta/generated.cta.spec.js","",""
"","8474","interestRates page | tradingInstrument | longPositionGoToPlatformBtn","chromium-CySEC-ro-ro-unauthorised","2026-09-30","passed","2026-09-30","","cta/generated.cta.spec.js","",""
"","7397","interestRates page | tradingInstrument | longPositionGoToPlatformBtn","chromium-CySEC-de-at-unauthorised","2026-09-30","passed","2026-09-30","","cta/generated.cta.spec.js","",""
"","7437","markets page | tradingInstrument | viewDetailedChartBtn","chromium-SCB-ru-unauthorised","2026-09-30","passed","2026-09-30","","cta/generated.cta.spec.js","",""
"","7556","shares page | tradingInstrument | longPositionGoToPlatformBtn","chromium-CySEC-el-gr-unregistered","2026-09-30","passed","2026-09-30","","cta/generated.cta.spec.js","",""
"","7744","bonds page | heroBanner | signupBtn","chromium-SCB-es-unauthorised","2026-09-30","passed","2026-09-30","","cta/generated.cta.spec.js","",""
"","7084","shares page | tradingInstrument | shortPositionGoToPlatformBtn","chromium-CMA-en-unauthorised","2026-09-30","passed","2026-09-30","","cta/generated.cta.spec.js","",""
"","7117","commodities page | tradingInstrument | addToFavouriteBtn","chromium-SCB-en-unauthorised","2026-09-30","passed","2026-09-30","","cta/generated.cta.spec.js","",""
"","5938","commodities page | tradingInstrument | buyBtn","chromium-SCB-zh-hans-unauthorised","2026-09-30","passed","2026-09-30","","cta/generated.cta.spec.js","",""
"","7217","cryptocurrencies page | tradingInstrument | alertBtn","chromium-SCB-zh-hant-unregistered","2026-09-30","passed","2026-09-30","","cta/generated.cta.spec.js","",""
"","9920","markets page | tradingInstrument | tradedBtn","chromium-CySEC-nl-nl-unauthorised","2026-09-30","passed","2026-09-30","","cta/generated.cta.spec.js","",""
"","7123","interestRates page | tradingInstrument | viewDetailedChartBtn","chromium-CySEC-nl-nl-unregistered","2026-09-30","passed","2026-09-30","","cta/generated.cta.spec.js","",""
"","6835","indices page | tradingInstrument | addToFavouriteBtn","chromium-CMA-en-unauthorised","2026-09-30","passed","2026-09-30","","cta/generated.cta.spec.js","",""
"","7759","cryptocurrencies page | tradingInstrument | sellBtn","chromium-SCB-ru-unauthorised","2026-09-30","passed","2026-09-30","","cta/generated.cta.spec.js","",""
"","7373","interestRates page | tradingInstrument | longPositionGoToPlatformBtn","chromium-CySEC-ro-ro-unregistered","2026-09-30","passed","2026-09-30","","cta/generated.cta.spec.js","",""
"","7529","marketAnalysis page | mostTradedMarketsBlock | tradedBtn","chromium-SCB-de-unregistered","2026-09-30","passed","2026-09-30","","cta/generated.cta.spec.js","",""
"","7832","forex page | tradingInstrument | addToFavouriteBtn","chromium-CySEC-nl-nl-unauthorised","2026-09-30","passed","2026-09-30","","cta/generated.cta.spec.js","",""
"","6854","indices page | tradingInstrument | addToFavouriteBtn","chromium-CMA-ar-unregistered","2026-09-30","passed","2026-09-30","","cta/generated.cta.spec.js","",""
"","7315","shares page | tradingInstrument | longPositionGoToPlatformBtn","chromium-FCA-en-unregistered","2026-09-30","passed","2026-09-30","","cta/generated.cta.spec.js","",""
"","7776","markets page | tradingInstrument | shortPositionGoToPlatformBtn","chromium-CySEC-fr-fr-unauthorised","2026-09-30","passed","2026-09-30","","cta/generated.cta.spec.js","",""
"","8823","cryptocurrencies page | tradingInstrument | buyBtn","chromium-CySEC-el-gr-unauthorised","2026-09-30","passed","2026-09-30","","cta/generated.cta.spec.js","",""
"","7289","bonds page | tradingInstrument | readyToJoinSignUpBtn","chromium-SCB-vi-unauthorised","2026-09-30","passed","2026-09-30","","cta/generated.cta.spec.js","",""
"","4470","indices page | tradingInstrument | readyToJoinSignUpBtn","chromium-SCB-zh-hans-unauthorised","2026-09-30","passed","2026-09-30","","cta/generated.cta.spec.js","",""
"","9128","markets page | tradingInstrument | tradedBtn","chromium-SCB-mn-unregistered","2026-09-30","passed","2026-09-30","","cta/generated.cta.spec.js","",""
"","7528","interestRates page | tradingInstrument | addToFavouriteBtn","chromium-CySEC-fr-fr-unregistered","2026-09-30","passed","2026-09-30","","cta/generated.cta.spec.js","",""
"","7425","cryptocurrencies page | tradingInstrument | viewDetailedChartBtn","chromium-SCB-en-unauthorised","2026-09-30","passed","2026-09-30","","cta/generated.cta.spec.js","",""
"","8139","shares page | tradingInstrument | shortPositionGoToPlatformBtn","chromium-CySEC-de-de-unauthorised","2026-09-30","passed","2026-09-30","","cta/generated.cta.spec.js","",""
"","7639","markets page | tradingInstrument | longPositionGoToPlatformBtn","chromium-SCB-zh-hant-unauthorised","2026-09-30","passed","2026-09-30","","cta/generated.cta.spec.js","",""
"","7499","interestRates page | tradingInstrument | longPositionGoToPlatformBtn","chromium-SCB-zh-hant-unauthorised","2026-09-30","passed","2026-09-30","","cta/generated.cta.spec.js","",""
"","11725","indices page | tradingInstrument | tradedBtn","chromium-CMA-ar-unauthorised","2026-09-30","failed","2026-09-30","","cta/generated.cta.spec.js","",""
"","6999","indices page | tradingInstrument | viewDetailedChartBtn","chromium-FCA-en-unregistered","2026-09-30","passed","2026-09-30","","cta/generated.cta.spec.js","",""
"","8042","forex page | tradingInstrument | readyToJoinSignUpBtn","chromium-SCB-es-unauthorised","2026-09-30","passed","2026-09-30","","cta/generated.cta.spec.js","",""
"","7795","forex page | tradingInstrument | viewDetailedChartBtn","chromium-SCB-de-unauthorised","2026-09-30","passed","2026-09-30","","cta/generated.cta.spec.js","",""
"","7023","markets page | tradingInstrument | shortPositionGoToPlatformBtn","chromium-FCA-en-unauthorised","2026-09-30","passed","2026-09-30","","cta/generated.cta.spec.js","",""
"","7258","commodities page | tradingInstrument | viewDetailedChartBtn","chromium-SCB-zh-hant-unregistered","2026-09-30","passed","2026-09-30","","cta/generated.cta.spec.js","",""
"","9175","cryptocurrencies page | tradingInstrument | tradedBtn","chromium-CySEC-nl-nl-unregistered","2026-09-30","passed","2026-09-30","","cta/generated.cta.spec.js","",""
"","6958","interestRates page | tradingInstrument | sellBtn","chromium-FCA-en-unregistered","2026-09-30","passed","2026-09-30","","cta/generated.cta.spec.js","",""
"","7655","interestRates page | tradingInstrument | readyToJoinSignUpBtn","chromium-CySEC-pl-pl-unauthorised","2026-09-30","passed","2026-09-30","","cta/generated.cta.spec.js","",""
"","7718","interestRates page | tradingInstrument | readyToJoinSignUpBtn","chromium-CySEC-nl-nl-unauthorised","2026-09-30","passed","2026-09-30","","cta/generated.cta.spec.js","",""
"","6481","shares page | heroBanner | signupBtn","chromium-CMA-ar-unauthorised","2026-09-30","passed","2026-09-30","","cta/generated.cta.spec.js","",""
"","3117","forex page | tradingInstrument | buyBtn","chromium-SCB-zh-hans-unregistered","2026-09-30","passed","2026-09-30","","cta/generated.cta.spec.js","",""
"","7252","indices page | tradingInstrument | alertBtn","chromium-ASIC-en-unauthorised","2026-09-30","passed","2026-09-30","","cta/generated.cta.spec.js","",""
"","7496","markets page | tradingInstrument | longPositionGoToPlatformBtn","chromium-CySEC-de-at-unauthorised","2026-09-30","passed","2026-09-30","","cta/generated.cta.spec.js","",""
"","7577","commodities page | tradingInstrument | addToFavouriteBtn","chromium-CySEC-en-eu-unauthorised","2026-09-30","passed","2026-09-30","","cta/generated.cta.spec.js","",""
"","6960","cryptocurrencies page | heroBanner | signupBtn","chromium-SCB-en-unregistered","2026-09-30","passed","2026-09-30","","cta/generated.cta.spec.js","",""
"","7506","markets page | tradingInstrument | shortPositionGoToPlatformBtn","chromium-CySEC-ro-ro-unregistered","2026-09-30","passed","2026-09-30","","cta/generated.cta.spec.js","",""
"","7380","commodities page | tradingInstrument | longPositionGoToPlatformBtn","chromium-CySEC-de-de-unregistered","2026-09-30","passed","2026-09-30","","cta/generated.cta.spec.js","",""
"","7171","cryptocurrencies page | tradingInstrument | alertBtn","chromium-SCB-mn-unregistered","2026-09-30","passed","2026-09-30","","cta/generated.cta.spec.js","",""
"","7263","forex page | tradingInstrument | sellBtn","chromium-SCB-zh-hant-unregistered","2026-09-30","passed","2026-09-30","","cta/generated.cta.spec.js","",""
"","8026","markets page | tradingInstrument | buyBtn","chromium-CySEC-el-gr-unregistered","2026-09-30","passed","2026-09-30","","cta/generated.cta.spec.js","",""
"","7759","bonds page | tradingInstrument | viewDetailedChartBtn","chromium-CySEC-ro-ro-unauthorised","2026-09-30","passed","2026-09-30","","cta/generated.cta.spec.js","",""
"","9511","markets page | tradingInstrument | tradedBtn","chromium-CySEC-hu-hu-unauthorised","2026-09-30","passed","2026-09-30","","cta/generated.cta.spec.js","",""
"","6929","shares page | heroBanner | signupBtn","chromium-SCB-ru-unauthorised","2026-09-30","passed","2026-09-30","","cta/generated.cta.spec.js","",""
"","7324","indices page | tradingInstrument | readyToJoinSignUpBtn","chromium-CySEC-ro-ro-unregistered","2026-09-30","passed","2026-09-30","","cta/generated.cta.spec.js","",""
"","7313","markets page | tradingInstrument | shortPositionGoToPlatformBtn","chromium-CMA-en-unregistered","2026-09-30","passed","2026-09-30","","cta/generated.cta.spec.js","",""
"","7436","forex page | tradingInstrument | shortPositionGoToPlatformBtn","chromium-SCB-de-unregistered","2026-09-30","passed","2026-09-30","","cta/generated.cta.spec.js","",""
"","9197","indices page | tradingInstrument | tradedBtn","chromium-CySEC-nl-nl-unregistered","2026-09-30","passed","2026-09-30","","cta/generated.cta.spec.js","",""
"","7484","interestRates page | tradingInstrument | buyBtn","chromium-SCB-zh-hant-unauthorised","2026-09-30","passed","2026-09-30","","cta/generated.cta.spec.js","",""
"","7334","markets page | tradingInstrument | readyToJoinSignUpBtn","chromium-SCB-en-unregistered","2026-09-30","passed","2026-09-30","","cta/generated.cta.spec.js","",""
"","7519","markets page | tradingInstrument | shortPositionGoToPlatformBtn","chromium-CySEC-de-at-unauthorised","2026-09-30","passed","2026-09-30","","cta/generated.cta.spec.js","",""
"","8668","cryptocurrencies page | tradingInstrument | sellBtn","chromium-SCB-mn-unauthorised","2026-09-30","passed","2026-09-30","","cta/generated.cta.spec.js","",""
"","2985","bonds page | tradingInstrument | readyToJoinSignUpBtn","chromium-SCB-zh-hans-unregistered","2026-09-30","passed","2026-09-30","","cta/generated.cta.spec.js","",""
"","3079","markets page | heroBanner | signupBtn","chromium-SCB-zh-hans-unauthorised","2026-09-30","passed","2026-09-30","","cta/generated.cta.spec.js","",""
"","9786","interestRates page | tradingInstrument | tradedBtn","chromium-SCB-mn-unauthorised","2026-09-30","passed","2026-09-30","","cta/generated.cta.spec.js","",""
"","7499","markets page | tradingInstrument | addToFavouriteBtn","chromium-SCB-ru-unregistered","2026-09-30","passed","2026-09-30","","cta/generated.cta.spec.js","",""
"","5101","forex page | tradingInstrument | addToFavouriteBtn","chromium-SCB-zh-hans-unauthorised","2026-09-30","passed","2026-09-30","","cta/generated.cta.spec.js","",""
"","6935","commodities page | heroBanner | signupBtn","chromium-SCB-mn-unauthorised","2026-09-30","passed","2026-09-30","","cta/generated.cta.spec.js","",""
"","7332","commodities page | tradingInstrument | shortPositionGoToPlatformBtn","chromium-SCB-es-unregistered","2026-09-30","passed","2026-09-30","","cta/generated.cta.spec.js","",""
"","7213","bonds page | tradingInstrument | buyBtn","chromium-SCB-vi-unregistered","2026-09-30","passed","2026-09-30","","cta/generated.cta.spec.js","",""
"","7306","forex page | tradingInstrument | longPositionGoToPlatformBtn","chromium-SCB-es-unregistered","2026-09-30","passed","2026-09-30","","cta/generated.cta.spec.js","",""
"","7165","bonds page | tradingInstrument | readyToJoinSignUpBtn","chromium-SCB-zh-hant-unregistered","2026-09-30","passed","2026-09-30","","cta/generated.cta.spec.js","",""
"","7460","interestRates page | tradingInstrument | alertBtn","chromium-SCB-vi-unauthorised","2026-09-30","passed","2026-09-30","","cta/generated.cta.spec.js","",""
"","9169","indices page | tradingInstrument | tradedBtn","chromium-CySEC-de-at-unauthorised","2026-09-30","passed","2026-09-30","","cta/generated.cta.spec.js","",""
"","7273","bonds page | tradingInstrument | longPositionGoToPlatformBtn","chromium-CySEC-ro-ro-unregistered","2026-09-30","passed","2026-09-30","","cta/generated.cta.spec.js","",""
"","7811","markets page | tradingInstrument | sellBtn","chromium-SCB-ar-unauthorised","2026-09-30","passed","2026-09-30","","cta/generated.cta.spec.js","",""
"","7394","commodities page | tradingInstrument | addToFavouriteBtn","chromium-SCB-vi-unauthorised","2026-09-30","passed","2026-09-30","","cta/generated.cta.spec.js","",""
"","7563","markets page | tradingInstrument | shortPositionGoToPlatformBtn","chromium-CySEC-de-at-unregistered","2026-09-30","passed","2026-09-30","","cta/generated.cta.spec.js","",""
"","12060","interestRates page | tradingInstrument | tradedBtn","chromium-SCB-ar-unregistered","2026-09-30","failed","2026-09-30","","cta/generated.cta.spec.js","",""
"","7878","interestRates page | tradingInstrument | shortPositionGoToPlatformBtn","chromium-CySEC-hu-hu-unauthorised","2026-09-30","passed","2026-09-30","","cta/generated.cta.spec.js","",""
"","6699","shares page | tradingInstrument | readyToJoinSignUpBtn","chromium-CMA-ar-unauthorised","2026-09-30","passed","2026-09-30","","cta/generated.cta.spec.js","",""
"","7358","interestRates page | tradingInstrument | buyBtn","chromium-CySEC-en-eu-unregistered","2026-09-30","passed","2026-09-30","","cta/generated.cta.spec.js","",""
"","7382","commodities page | tradingInstrument | addToFavouriteBtn","chromium-SCB-mn-unregistered","2026-09-30","passed","2026-09-30","","cta/generated.cta.spec.js","",""
"","7710","indices page | tradingInstrument | sellBtn","chromium-CySEC-hu-hu-unauthorised","2026-09-30","passed","2026-09-30","","cta/generated.cta.spec.js","",""
"","6676","commodities page | tradingInstrument | viewDetailedChartBtn","chromium-CMA-en-unauthorised","2026-09-30","passed","2026-09-30","","cta/generated.cta.spec.js","",""
"","5192","shares page | tradingInstrument | tradedBtn","chromium-SCB-zh-hans-unregistered","2026-09-30","passed","2026-09-30","","cta/generated.cta.spec.js","",""
"","7172","commodities page | tradingInstrument | alertBtn","chromium-SCB-ar-unregistered","2026-09-30","passed","2026-09-30","","cta/generated.cta.spec.js","",""
"","7498","commodities page | tradingInstrument | buyBtn","chromium-SCB-mn-unregistered","2026-09-30","passed","2026-09-30","","cta/generated.cta.spec.js","",""
"","7619","commodities page | tradingInstrument | sellBtn","chromium-SCB-de-unauthorised","2026-09-30","passed","2026-09-30","","cta/generated.cta.spec.js","",""
"","8024","indices page | tradingInstrument | longPositionGoToPlatformBtn","chromium-SCB-ar-unauthorised","2026-09-30","passed","2026-09-30","","cta/generated.cta.spec.js","",""
"","7813","cryptocurrencies page | tradingInstrument | longPositionGoToPlatformBtn","chromium-CySEC-de-de-unauthorised","2026-09-30","passed","2026-09-30","","cta/generated.cta.spec.js","",""
"","7497","interestRates page | tradingInstrument | alertBtn","chromium-CySEC-nl-nl-unauthorised","2026-09-30","passed","2026-09-30","","cta/generated.cta.spec.js","",""
"","7432","cryptocurrencies page | tradingInstrument | addToFavouriteBtn","chromium-CySEC-fr-fr-unregistered","2026-09-30","passed","2026-09-30","","cta/generated.cta.spec.js","",""
"","7366","forex page | tradingInstrument | viewDetailedChartBtn","chromium-SCB-mn-unauthorised","2026-09-30","passed","2026-09-30","","cta/generated.cta.spec.js","",""
"","9609","cryptocurrencies page | tradingInstrument | tradedBtn","chromium-CySEC-it-it-unauthorised","2026-09-30","passed","2026-09-30","","cta/generated.cta.spec.js","",""
"","7515","markets page | heroBanner | signupBtn","chromium-CySEC-de-at-unregistered","2026-09-30","passed","2026-09-30","","cta/generated.cta.spec.js","",""
"","9029","bonds page | tradingInstrument | tradedBtn","chromium-CySEC-nl-nl-unregistered","2026-09-30","passed","2026-09-30","","cta/generated.cta.spec.js","",""
"","7598","cryptocurrencies page | tradingInstrument | buyBtn","chromium-SCB-fr-unauthorised","2026-09-30","passed","2026-09-30","","cta/generated.cta.spec.js","",""
"","5027","markets page | tradingInstrument | shortPositionGoToPlatformBtn","chromium-SCB-zh-hans-unauthorised","2026-09-30","passed","2026-09-30","","cta/generated.cta.spec.js","",""
"","7010","indices page | tradingInstrument | sellBtn","chromium-CMA-ar-unregistered","2026-09-30","passed","2026-09-30","","cta/generated.cta.spec.js","",""
"","7254","shares page | tradingInstrument | alertBtn","chromium-CySEC-nl-nl-unregistered","2026-09-30","passed","2026-09-30","","cta/generated.cta.spec.js","",""
"","7778","indices page | tradingInstrument | longPositionGoToPlatformBtn","chromium-CySEC-pl-pl-unauthorised","2026-09-30","passed","2026-09-30","","cta/generated.cta.spec.js","",""
"","7207","forex page | tradingInstrument | addToFavouriteBtn","chromium-CySEC-de-at-unauthorised","2026-09-30","passed","2026-09-30","","cta/generated.cta.spec.js","",""
"","7755","bonds page | tradingInstrument | addToFavouriteBtn","chromium-SCB-vi-unregistered","2026-09-30","passed","2026-09-30","","cta/generated.cta.spec.js","",""
"","7332","bonds page | heroBanner | signupBtn","chromium-CySEC-de-de-unauthorised","2026-09-30","passed","2026-09-30","","cta/generated.cta.spec.js","",""
"","7022","shares page | heroBanner | signupBtn","chromium-SCB-ar-unauthorised","2026-09-30","passed","2026-09-30","","cta/generated.cta.spec.js","",""
"","7075","interestRates page | tradingInstrument | alertBtn","chromium-CySEC-de-de-unregistered","2026-09-30","passed","2026-09-30","","cta/generated.cta.spec.js","",""
"","8761","forex page | tradingInstrument | addToFavouriteBtn","chromium-CySEC-it-it-unauthorised","2026-09-30","passed","2026-09-30","","cta/generated.cta.spec.js","",""
"","6712","interestRates page | tradingInstrument | viewDetailedChartBtn","chromium-CMA-en-unregistered","2026-09-30","passed","2026-09-30","","cta/generated.cta.spec.js","",""
"","12271","forex page | tradingInstrument | tradedBtn","chromium-SCB-zh-hant-unauthorised","2026-09-30","failed","2026-09-30","","cta/generated.cta.spec.js","",""
"","5097","shares page | tradingInstrument | buyBtn","chromium-SCB-zh-hans-unauthorised","2026-09-30","passed","2026-09-30","","cta/generated.cta.spec.js","",""
"","7181","shares page | heroBanner | signupBtn","chromium-CySEC-el-gr-unregistered","2026-09-30","passed","2026-09-30","","cta/generated.cta.spec.js","",""
"","12174","shares page | tradingInstrument | tradedBtn","chromium-SCB-ar-unregistered","2026-09-30","failed","2026-09-30","","cta/generated.cta.spec.js","",""
"","9305","bonds page | tradingInstrument | tradedBtn","chromium-SCB-vi-unauthorised","2026-09-30","passed","2026-09-30","","cta/generated.cta.spec.js","",""
"","11714","indices page | tradingInstrument | tradedBtn","chromium-CMA-ar-unregistered","2026-09-30","failed","2026-09-30","","cta/generated.cta.spec.js","",""
"","4258","interestRates page | tradingInstrument | longPositionGoToPlatformBtn","chromium-SCB-zh-hans-unregistered","2026-09-30","passed","2026-09-30","","cta/generated.cta.spec.js","",""
"","7633","interestRates page | tradingInstrument | readyToJoinSignUpBtn","chromium-SCB-zh-hant-unauthorised","2026-09-30","passed","2026-09-30","","cta/generated.cta.spec.js","",""
"","7387","shares page | tradingInstrument | sellBtn","chromium-CySEC-ro-ro-unregistered","2026-09-30","passed","2026-09-30","","cta/generated.cta.spec.js","",""
"","7413","indices page | tradingInstrument | shortPositionGoToPlatformBtn","chromium-CySEC-el-gr-unregistered","2026-09-30","passed","2026-09-30","","cta/generated.cta.spec.js","",""
"","7341","forex page | tradingInstrument | shortPositionGoToPlatformBtn","chromium-CySEC-it-it-unregistered","2026-09-30","passed","2026-09-30","","cta/generated.cta.spec.js","",""
"","7420","commodities page | tradingInstrument | longPositionGoToPlatformBtn","chromium-CySEC-de-at-unauthorised","2026-09-30","passed","2026-09-30","","cta/generated.cta.spec.js","",""
"","9330","bonds page | tradingInstrument | tradedBtn","chromium-SCB-de-unregistered","2026-09-30","passed","2026-09-30","","cta/generated.cta.spec.js","",""
"","7294","interestRates page | tradingInstrument | shortPositionGoToPlatformBtn","chromium-SCB-vi-unregistered","2026-09-30","passed","2026-09-30","","cta/generated.cta.spec.js","",""
"","7250","interestRates page | tradingInstrument | sellBtn","chromium-SCB-vi-unregistered","2026-09-30","passed","2026-09-30","","cta/generated.cta.spec.js","",""
"","7328","markets page | tradingInstrument | readyToJoinSignUpBtn","chromium-CySEC-el-gr-unregistered","2026-09-30","passed","2026-09-30","","cta/generated.cta.spec.js","",""
"","7053","indices page | tradingInstrument | buyBtn","chromium-CMA-en-unregistered","2026-09-30","passed","2026-09-30","","cta/generated.cta.spec.js","",""
"","9238","bonds page | tradingInstrument | tradedBtn","chromium-SCB-zh-hant-unregistered","2026-09-30","passed","2026-09-30","","cta/generated.cta.spec.js","",""
"","7870","interestRates page | tradingInstrument | alertBtn","chromium-CySEC-fr-fr-unauthorised","2026-09-30","passed","2026-09-30","","cta/generated.cta.spec.js","",""
"","7913","indices page | tradingInstrument | buyBtn","chromium-CySEC-ro-ro-unauthorised","2026-09-30","passed","2026-09-30","","cta/generated.cta.spec.js","",""
"","12389","forex page | tradingInstrument | tradedBtn","chromium-SCB-es-unauthorised","2026-09-30","failed","2026-09-30","","cta/generated.cta.spec.js","",""
"","7829","shares page | tradingInstrument | sellBtn","chromium-CySEC-fr-fr-unauthorised","2026-09-30","passed","2026-09-30","","cta/generated.cta.spec.js","",""
"","7661","bonds page | tradingInstrument | sellBtn","chromium-CySEC-fr-fr-unregistered","2026-09-30","passed","2026-09-30","","cta/generated.cta.spec.js","",""
"","7361","markets page | tradingInstrument | viewDetailedChartBtn","chromium-SCB-mn-unregistered","2026-09-30","passed","2026-09-30","","cta/generated.cta.spec.js","",""
"","7219","bonds page | tradingInstrument | alertBtn","chromium-SCB-mn-unregistered","2026-09-30","passed","2026-09-30","","cta/generated.cta.spec.js","",""
"","7565","indices page | tradingInstrument | readyToJoinSignUpBtn","chromium-CySEC-nl-nl-unauthorised","2026-09-30","passed","2026-09-30","","cta/generated.cta.spec.js","",""
"","7388","commodities page | tradingInstrument | buyBtn","chromium-CySEC-ro-ro-unregistered","2026-09-30","passed","2026-09-30","","cta/generated.cta.spec.js","",""
"","7036","forex page | heroBanner | signupBtn","chromium-CySEC-el-gr-unregistered","2026-09-30","passed","2026-09-30","","cta/generated.cta.spec.js","",""
"","7304","indices page | tradingInstrument | alertBtn","chromium-SCB-ru-unregistered","2026-09-30","passed","2026-09-30","","cta/generated.cta.spec.js","",""
"","3377","commodities page | tradingInstrument | readyToJoinSignUpBtn","chromium-SCB-zh-hans-unregistered","2026-09-30","passed","2026-09-30","","cta/generated.cta.spec.js","",""
"","7087","interestRates page | tradingInstrument | alertBtn","chromium-SCB-es-unregistered","2026-09-30","passed","2026-09-30","","cta/generated.cta.spec.js","",""
"","7630","indices page | tradingInstrument | addToFavouriteBtn","chromium-SCB-vi-unregistered","2026-09-30","passed","2026-09-30","","cta/generated.cta.spec.js","",""
"","7603","cryptocurrencies page | tradingInstrument | shortPositionGoToPlatformBtn","chromium-SCB-zh-hant-unauthorised","2026-09-30","passed","2026-09-30","","cta/generated.cta.spec.js","",""
"","9125","forex page | tradingInstrument | tradedBtn","chromium-SCB-vi-unregistered","2026-09-30","passed","2026-09-30","","cta/generated.cta.spec.js","",""
"","7867","indices page | tradingInstrument | buyBtn","chromium-SCB-de-unauthorised","2026-09-30","passed","2026-09-30","","cta/generated.cta.spec.js","",""
"","7748","interestRates page | tradingInstrument | buyBtn","chromium-CySEC-fr-fr-unregistered","2026-09-30","passed","2026-09-30","","cta/generated.cta.spec.js","",""
"","8645","shares page | tradingInstrument | viewDetailedChartBtn","chromium-SCB-es-unauthorised","2026-09-30","passed","2026-09-30","","cta/generated.cta.spec.js","",""
"","7893","markets page | tradingInstrument | addToFavouriteBtn","chromium-SCB-de-unauthorised","2026-09-30","passed","2026-09-30","","cta/generated.cta.spec.js","",""
"","7934","indices page | tradingInstrument | buyBtn","chromium-CySEC-pl-pl-unregistered","2026-09-30","passed","2026-09-30","","cta/generated.cta.spec.js","",""
"","7054","indices page | heroBanner | signupBtn","chromium-CySEC-nl-nl-unregistered","2026-09-30","passed","2026-09-30","","cta/generated.cta.spec.js","",""
"","8279","shares page | tradingInstrument | sellBtn","chromium-CySEC-ro-ro-unauthorised","2026-09-30","passed","2026-09-30","","cta/generated.cta.spec.js","",""
"","7196","interestRates page | tradingInstrument | sellBtn","chromium-SCB-zh-hant-unregistered","2026-09-30","passed","2026-09-30","","cta/generated.cta.spec.js","",""
"","7243","commodities page | tradingInstrument | alertBtn","chromium-CySEC-it-it-unregistered","2026-09-30","passed","2026-09-30","","cta/generated.cta.spec.js","",""
"","54","financeNews page | mostTradedMarketsBlock | tradedBtn","chromium-SCB-ar-unauthorised","2026-09-30","skipped","2026-09-30","","cta/generated.cta.spec.js","",""
"","6944","bonds page | tradingInstrument | viewDetailedChartBtn","chromium-CMA-ar-unauthorised","2026-09-30","passed","2026-09-30","","cta/generated.cta.spec.js","",""
"","7679","shares page | tradingInstrument | longPositionGoToPlatformBtn","chromium-SCB-ar-unauthorised","2026-09-30","passed","2026-09-30","","cta/generated.cta.spec.js","",""
"","4779","forex page | tradingInstrument | readyToJoinSignUpBtn","chromium-SCB-zh-hans-unauthorised","2026-09-30","passed","2026-09-30","","cta/generated.cta.spec.js","",""
"","7722","bonds page | tradingInstrument | buyBtn","chromium-CySEC-hu-hu-unregistered","2026-09-30","passed","2026-09-30","","cta/generated.cta.spec.js","",""
"","11793","commodities page | tradingInstrument | sellBtn","chromium-CySEC-nl-nl-unauthorised","2026-09-30","passed","2026-09-30","","cta/generated.cta.spec.js","",""
"","7530","cryptocurrencies page | tradingInstrument | buyBtn","chromium-SCB-fr-unregistered","2026-09-30","passed","2026-09-30","","cta/generated.cta.spec.js","",""
"","6450","indices page | heroBanner | signupBtn","chromium-CMA-ar-unauthorised","2026-09-30","passed","2026-09-30","","cta/generated.cta.spec.js","",""
"","7299","shares page | tradingInstrument | longPositionGoToPlatformBtn","chromium-CySEC-pl-pl-unregistered","2026-09-30","passed","2026-09-30","","cta/generated.cta.spec.js","",""
"","7387","cryptocurrencies page | tradingInstrument | viewDetailedChartBtn","chromium-SCB-ar-unregistered","2026-09-30","passed","2026-09-30","","cta/generated.cta.spec.js","",""
"","8954","indices page | tradingInstrument | sellBtn","chromium-SCB-de-unauthorised","2026-09-30","passed","2026-09-30","","cta/generated.cta.spec.js","",""
"","7622","interestRates page | heroBanner | signupBtn","chromium-CySEC-it-it-unregistered","2026-09-30","passed","2026-09-30","","cta/generated.cta.spec.js","",""
"","7643","forex page | tradingInstrument | sellBtn","chromium-SCB-de-unauthorised","2026-09-30","passed","2026-09-30","","cta/generated.cta.spec.js","",""
"","7302","markets page | tradingInstrument | readyToJoinSignUpBtn","chromium-CySEC-ro-ro-unregistered","2026-09-30","passed","2026-09-30","","cta/generated.cta.spec.js","",""
"","7429","bonds page | tradingInstrument | alertBtn","chromium-SCB-de-unregistered","2026-09-30","passed","2026-09-30","","cta/generated.cta.spec.js","",""
"","7175","marketAnalysis page | mostTradedMarketsBlock | tradedBtn","chromium-CMA-ar-unregistered","2026-09-30","passed","2026-09-30","","cta/generated.cta.spec.js","",""
"","9923","commodities page | tradingInstrument | tradedBtn","chromium-CySEC-fr-fr-unauthorised","2026-09-30","passed","2026-09-30","","cta/generated.cta.spec.js","",""
"","7574","shares page | tradingInstrument | buyBtn","chromium-CySEC-el-gr-unauthorised","2026-09-30","passed","2026-09-30","","cta/generated.cta.spec.js","",""
"","7839","indices page | tradingInstrument | buyBtn","chromium-SCB-en-unauthorised","2026-09-30","passed","2026-09-30","","cta/generated.cta.spec.js","",""
"","7839","forex page | tradingInstrument | viewDetailedChartBtn","chromium-CySEC-nl-nl-unauthorised","2026-09-30","passed","2026-09-30","","cta/generated.cta.spec.js","",""
"","7137","forex page | tradingInstrument | viewDetailedChartBtn","chromium-SCB-fr-unregistered","2026-09-30","passed","2026-09-30","","cta/generated.cta.spec.js","",""
"","7452","interestRates page | tradingInstrument | shortPositionGoToPlatformBtn","chromium-CySEC-el-gr-unregistered","2026-09-30","passed","2026-09-30","","cta/generated.cta.spec.js","",""
"","7364","markets page | tradingInstrument | addToFavouriteBtn","chromium-SCB-fr-unauthorised","2026-09-30","passed","2026-09-30","","cta/generated.cta.spec.js","",""
"","7808","commodities page | tradingInstrument | addToFavouriteBtn","chromium-SCB-ru-unauthorised","2026-09-30","passed","2026-09-30","","cta/generated.cta.spec.js","",""
"","9623","commodities page | tradingInstrument | alertBtn","chromium-CySEC-el-gr-unauthorised","2026-09-30","passed","2026-09-30","","cta/generated.cta.spec.js","",""
"","7726","shares page | tradingInstrument | shortPositionGoToPlatformBtn","chromium-SCB-mn-unauthorised","2026-09-30","passed","2026-09-30","","cta/generated.cta.spec.js","",""
"","8301","commodities page | tradingInstrument | alertBtn","chromium-SCB-ar-unauthorised","2026-09-30","passed","2026-09-30","","cta/generated.cta.spec.js","",""
"","7958","cryptocurrencies page | tradingInstrument | addToFavouriteBtn","chromium-SCB-de-unauthorised","2026-09-30","passed","2026-09-30","","cta/generated.cta.spec.js","",""
"","6714","bonds page | tradingInstrument | readyToJoinSignUpBtn","chromium-FCA-en-unauthorised","2026-09-30","passed","2026-09-30","","cta/generated.cta.spec.js","",""
"","6899","commodities page | tradingInstrument | readyToJoinSignUpBtn","chromium-CMA-en-unauthorised","2026-09-30","passed","2026-09-30","","cta/generated.cta.spec.js","",""
"","10084","bonds page | tradingInstrument | tradedBtn","chromium-CySEC-it-it-unauthorised","2026-09-30","passed","2026-09-30","","cta/generated.cta.spec.js","",""
"","8030","commodities page | tradingInstrument | longPositionGoToPlatformBtn","chromium-CySEC-fr-fr-unauthorised","2026-09-30","passed","2026-09-30","","cta/generated.cta.spec.js","",""
"","9515","interestRates page | tradingInstrument | tradedBtn","chromium-CySEC-ro-ro-unauthorised","2026-09-30","passed","2026-09-30","","cta/generated.cta.spec.js","",""
"","7408","bonds page | tradingInstrument | viewDetailedChartBtn","chromium-SCB-es-unregistered","2026-09-30","passed","2026-09-30","","cta/generated.cta.spec.js","",""
"","7322","cryptocurrencies page | tradingInstrument | readyToJoinSignUpBtn","chromium-SCB-ru-unregistered","2026-09-30","passed","2026-09-30","","cta/generated.cta.spec.js","",""
"","8614","markets page | tradingInstrument | addToFavouriteBtn","chromium-SCB-ar-unauthorised","2026-09-30","passed","2026-09-30","","cta/generated.cta.spec.js","",""
"","7644","commodities page | tradingInstrument | readyToJoinSignUpBtn","chromium-CySEC-it-it-unauthorised","2026-09-30","passed","2026-09-30","","cta/generated.cta.spec.js","",""
"","9299","shares page | tradingInstrument | tradedBtn","chromium-SCB-es-unregistered","2026-09-30","passed","2026-09-30","","cta/generated.cta.spec.js","",""
"","7705","shares page | tradingInstrument | alertBtn","chromium-CySEC-nl-nl-unauthorised","2026-09-30","passed","2026-09-30","","cta/generated.cta.spec.js","",""
"","7207","shares page | tradingInstrument | readyToJoinSignUpBtn","chromium-CySEC-el-gr-unauthorised","2026-09-30","passed","2026-09-30","","cta/generated.cta.spec.js","",""
"","7481","cryptocurrencies page | tradingInstrument | longPositionGoToPlatformBtn","chromium-SCB-ar-unregistered","2026-09-30","passed","2026-09-30","","cta/generated.cta.spec.js","",""
"","6888","markets page | tradingInstrument | readyToJoinSignUpBtn","chromium-CMA-en-unauthorised","2026-09-30","passed","2026-09-30","","cta/generated.cta.spec.js","",""
"","7106","shares page | tradingInstrument | buyBtn","chromium-CMA-ar-unregistered","2026-09-30","passed","2026-09-30","","cta/generated.cta.spec.js","",""
"","7718","interestRates page | tradingInstrument | addToFavouriteBtn","chromium-SCB-mn-unregistered","2026-09-30","passed","2026-09-30","","cta/generated.cta.spec.js","",""
"","6273","shares page | heroBanner | signupBtn","chromium-FCA-en-unauthorised","2026-09-30","passed","2026-09-30","","cta/generated.cta.spec.js","",""
"","6532","markets page | heroBanner | signupBtn","chromium-CMA-ar-unregistered","2026-09-30","passed","2026-09-30","","cta/generated.cta.spec.js","",""
"","9539","forex page | tradingInstrument | tradedBtn","chromium-CySEC-nl-nl-unauthorised","2026-09-30","passed","2026-09-30","","cta/generated.cta.spec.js","",""
"","7327","interestRates page | tradingInstrument | readyToJoinSignUpBtn","chromium-SCB-mn-unauthorised","2026-09-30","passed","2026-09-30","","cta/generated.cta.spec.js","",""
"","7025","indices page | heroBanner | signupBtn","chromium-CySEC-pl-pl-unauthorised","2026-09-30","passed","2026-09-30","","cta/generated.cta.spec.js","",""
"","7191","bonds page | tradingInstrument | readyToJoinSignUpBtn","chromium-CySEC-de-at-unregistered","2026-09-30","passed","2026-09-30","","cta/generated.cta.spec.js","",""
"","7550","bonds page | tradingInstrument | sellBtn","chromium-SCB-mn-unauthorised","2026-09-30","passed","2026-09-30","","cta/generated.cta.spec.js","",""
"","8043","commodities page | tradingInstrument | sellBtn","chromium-CySEC-de-de-unregistered","2026-09-30","passed","2026-09-30","","cta/generated.cta.spec.js","",""
"","7493","indices page | tradingInstrument | buyBtn","chromium-CySEC-ro-ro-unregistered","2026-09-30","passed","2026-09-30","","cta/generated.cta.spec.js","",""
"","7320","interestRates page | tradingInstrument | sellBtn","chromium-FCA-en-unauthorised","2026-09-30","passed","2026-09-30","","cta/generated.cta.spec.js","",""
"","7827","bonds page | tradingInstrument | sellBtn","chromium-CySEC-fr-fr-unauthorised","2026-09-30","passed","2026-09-30","","cta/generated.cta.spec.js","",""
"","7310","cryptocurrencies page | tradingInstrument | longPositionGoToPlatformBtn","chromium-CMA-ar-unregistered","2026-09-30","passed","2026-09-30","","cta/generated.cta.spec.js","",""
"","7312","indices page | tradingInstrument | longPositionGoToPlatformBtn","chromium-ASIC-en-unauthorised","2026-09-30","passed","2026-09-30","","cta/generated.cta.spec.js","",""
"","7437","cryptocurrencies page | heroBanner | signupBtn","chromium-CySEC-de-de-unauthorised","2026-09-30","passed","2026-09-30","","cta/generated.cta.spec.js","",""
"","7651","markets page | tradingInstrument | alertBtn","chromium-CySEC-de-de-unauthorised","2026-09-30","passed","2026-09-30","","cta/generated.cta.spec.js","",""
"","8359","commodities page | tradingInstrument | longPositionGoToPlatformBtn","chromium-SCB-ru-unauthorised","2026-09-30","passed","2026-09-30","","cta/generated.cta.spec.js","",""
"","8081","interestRates page | tradingInstrument | alertBtn","chromium-CySEC-de-de-unauthorised","2026-09-30","passed","2026-09-30","","cta/generated.cta.spec.js","",""
"","7282","indices page | tradingInstrument | alertBtn","chromium-SCB-ar-unregistered","2026-09-30","passed","2026-09-30","","cta/generated.cta.spec.js","",""
"","8500","forex page | tradingInstrument | addToFavouriteBtn","chromium-SCB-de-unregistered","2026-09-30","passed","2026-09-30","","cta/generated.cta.spec.js","",""
"","9282","forex page | tradingInstrument | buyBtn","chromium-SCB-mn-unauthorised","2026-09-30","passed","2026-09-30","","cta/generated.cta.spec.js","",""
"","7288","indices page | tradingInstrument | readyToJoinSignUpBtn","chromium-SCB-ar-unregistered","2026-09-30","passed","2026-09-30","","cta/generated.cta.spec.js","",""
"","7072","cryptocurrencies page | heroBanner | signupBtn","chromium-CySEC-it-it-unauthorised","2026-09-30","passed","2026-09-30","","cta/generated.cta.spec.js","",""
"","7405","markets page | tradingInstrument | addToFavouriteBtn","chromium-CMA-ar-unregistered","2026-09-30","passed","2026-09-30","","cta/generated.cta.spec.js","",""
"","7234","indices page | heroBanner | signupBtn","chromium-CySEC-en-eu-unauthorised","2026-09-30","passed","2026-09-30","","cta/generated.cta.spec.js","",""
"","7289","bonds page | tradingInstrument | viewDetailedChartBtn","chromium-SCB-en-unauthorised","2026-09-30","passed","2026-09-30","","cta/generated.cta.spec.js","",""
"","9949","interestRates page | tradingInstrument | alertBtn","chromium-CySEC-hu-hu-unauthorised","2026-09-30","passed","2026-09-30","","cta/generated.cta.spec.js","",""
"","7887","commodities page | tradingInstrument | sellBtn","chromium-CySEC-de-at-unauthorised","2026-09-30","passed","2026-09-30","","cta/generated.cta.spec.js","",""
"","7361","shares page | tradingInstrument | addToFavouriteBtn","chromium-SCB-fr-unregistered","2026-09-30","passed","2026-09-30","","cta/generated.cta.spec.js","",""
"","6968","bonds page | tradingInstrument | readyToJoinSignUpBtn","chromium-CMA-ar-unauthorised","2026-09-30","passed","2026-09-30","","cta/generated.cta.spec.js","",""
"","7347","indices page | tradingInstrument | viewDetailedChartBtn","chromium-SCB-vi-unauthorised","2026-09-30","passed","2026-09-30","","cta/generated.cta.spec.js","",""
"","7901","bonds page | tradingInstrument | sellBtn","chromium-CySEC-nl-nl-unauthorised","2026-09-30","passed","2026-09-30","","cta/generated.cta.spec.js","",""
"","7220","forex page | tradingInstrument | alertBtn","chromium-ASIC-en-unregistered","2026-09-30","passed","2026-09-30","","cta/generated.cta.spec.js","",""
"","6754","cryptocurrencies page | heroBanner | signupBtn","chromium-CMA-ar-unregistered","2026-09-30","passed","2026-09-30","","cta/generated.cta.spec.js","",""
"","7427","forex page | tradingInstrument | viewDetailedChartBtn","chromium-CySEC-hu-hu-unauthorised","2026-09-30","passed","2026-09-30","","cta/generated.cta.spec.js","",""
"","9232","interestRates page | tradingInstrument | tradedBtn","chromium-SCB-en-unregistered","2026-09-30","passed","2026-09-30","","cta/generated.cta.spec.js","",""
"","11753","markets page | tradingInstrument | tradedBtn","chromium-CMA-ar-unregistered","2026-09-30","failed","2026-09-30","","cta/generated.cta.spec.js","",""
"","9606","cryptocurrencies page | tradingInstrument | tradedBtn","chromium-CySEC-ro-ro-unauthorised","2026-09-30","passed","2026-09-30","","cta/generated.cta.spec.js","",""
"","7500","interestRates page | tradingInstrument | viewDetailedChartBtn","chromium-CySEC-nl-nl-unauthorised","2026-09-30","passed","2026-09-30","","cta/generated.cta.spec.js","",""
"","7772","markets page | tradingInstrument | viewDetailedChartBtn","chromium-SCB-es-unauthorised","2026-09-30","passed","2026-09-30","","cta/generated.cta.spec.js","",""
"","7327","shares page | tradingInstrument | readyToJoinSignUpBtn","chromium-SCB-en-unregistered","2026-09-30","passed","2026-09-30","","cta/generated.cta.spec.js","",""
"","7891","cryptocurrencies page | tradingInstrument | alertBtn","chromium-CySEC-de-de-unauthorised","2026-09-30","passed","2026-09-30","","cta/generated.cta.spec.js","",""
"","6737","indices page | tradingInstrument | readyToJoinSignUpBtn","chromium-CMA-ar-unauthorised","2026-09-30","passed","2026-09-30","","cta/generated.cta.spec.js","",""
"","12150","cryptocurrencies page | tradingInstrument | tradedBtn","chromium-SCB-zh-hant-unregistered","2026-09-30","failed","2026-09-30","","cta/generated.cta.spec.js","",""
"","7527","bonds page | tradingInstrument | addToFavouriteBtn","chromium-CySEC-it-it-unregistered","2026-09-30","passed","2026-09-30","","cta/generated.cta.spec.js","",""
"","7671","indices page | tradingInstrument | alertBtn","chromium-CySEC-en-eu-unauthorised","2026-09-30","passed","2026-09-30","","cta/generated.cta.spec.js","",""
"","7655","commodities page | tradingInstrument | viewDetailedChartBtn","chromium-SCB-de-unregistered","2026-09-30","passed","2026-09-30","","cta/generated.cta.spec.js","",""
"","7305","forex page | tradingInstrument | longPositionGoToPlatformBtn","chromium-CySEC-ro-ro-unregistered","2026-09-30","passed","2026-09-30","","cta/generated.cta.spec.js","",""
"","7872","markets page | tradingInstrument | viewDetailedChartBtn","chromium-SCB-mn-unauthorised","2026-09-30","passed","2026-09-30","","cta/generated.cta.spec.js","",""
"","7448","cryptocurrencies page | tradingInstrument | readyToJoinSignUpBtn","chromium-CySEC-el-gr-unregistered","2026-09-30","passed","2026-09-30","","cta/generated.cta.spec.js","",""
"","7153","cryptocurrencies page | tradingInstrument | readyToJoinSignUpBtn","chromium-CMA-ar-unauthorised","2026-09-30","passed","2026-09-30","","cta/generated.cta.spec.js","",""
"","6763","marketAnalysis page | readyToJoinBlock | signupBtn","chromium-SCB-ar-unregistered","2026-09-30","passed","2026-09-30","","cta/generated.cta.spec.js","",""
"","7544","commodities page | tradingInstrument | buyBtn","chromium-SCB-es-unregistered","2026-09-30","passed","2026-09-30","","cta/generated.cta.spec.js","",""
"","7248","markets page | tradingInstrument | readyToJoinSignUpBtn","chromium-ASIC-en-unauthorised","2026-09-30","passed","2026-09-30","","cta/generated.cta.spec.js","",""
"","7150","markets page | heroBanner | signupBtn","chromium-CySEC-en-eu-unauthorised","2026-09-30","passed","2026-09-30","","cta/generated.cta.spec.js","",""
"","7126","commodities page | heroBanner | signupBtn","chromium-CySEC-ro-ro-unauthorised","2026-09-30","passed","2026-09-30","","cta/generated.cta.spec.js","",""
"","7433","shares page | heroBanner | signupBtn","chromium-SCB-zh-hant-unregistered","2026-09-30","passed","2026-09-30","","cta/generated.cta.spec.js","",""
"","7953","markets page | tradingInstrument | sellBtn","chromium-CySEC-hu-hu-unregistered","2026-09-30","passed","2026-09-30","","cta/generated.cta.spec.js","",""
"","7132","cryptocurrencies page | tradingInstrument | addToFavouriteBtn","chromium-CMA-en-unauthorised","2026-09-30","passed","2026-09-30","","cta/generated.cta.spec.js","",""
"","7366","forex page | tradingInstrument | sellBtn","chromium-SCB-vi-unregistered","2026-09-30","passed","2026-09-30","","cta/generated.cta.spec.js","",""
"","7566","bonds page | tradingInstrument | longPositionGoToPlatformBtn","chromium-CySEC-pl-pl-unauthorised","2026-09-30","passed","2026-09-30","","cta/generated.cta.spec.js","",""
"","8675","commodities page | tradingInstrument | readyToJoinSignUpBtn","chromium-CySEC-hu-hu-unauthorised","2026-09-30","passed","2026-09-30","","cta/generated.cta.spec.js","",""
"","7443","shares page | tradingInstrument | buyBtn","chromium-CySEC-de-at-unregistered","2026-09-30","passed","2026-09-30","","cta/generated.cta.spec.js","",""
"","7415","forex page | tradingInstrument | viewDetailedChartBtn","chromium-SCB-zh-hant-unauthorised","2026-09-30","passed","2026-09-30","","cta/generated.cta.spec.js","",""
"","7385","marketPricing page | readyToJoinBlock | signupBtn","chromium-CySEC-nl-nl-unregistered","2026-09-30","passed","2026-09-30","","cta/generated.cta.spec.js","",""
"","7461","cryptocurrencies page | tradingInstrument | sellBtn","chromium-CySEC-de-at-unauthorised","2026-09-30","passed","2026-09-30","","cta/generated.cta.spec.js","",""
"","8079","bonds page | tradingInstrument | addToFavouriteBtn","chromium-SCB-mn-unauthorised","2026-09-30","passed","2026-09-30","","cta/generated.cta.spec.js","",""
"","7528","shares page | tradingInstrument | buyBtn","chromium-SCB-ar-unregistered","2026-09-30","passed","2026-09-30","","cta/generated.cta.spec.js","",""
"","7207","shares page | heroBanner | signupBtn","chromium-SCB-vi-unregistered","2026-09-30","passed","2026-09-30","","cta/generated.cta.spec.js","",""
"","7335","commodities page | tradingInstrument | alertBtn","chromium-CySEC-el-gr-unregistered","2026-09-30","passed","2026-09-30","","cta/generated.cta.spec.js","",""
"","7581","commodities page | tradingInstrument | shortPositionGoToPlatformBtn","chromium-ASIC-en-unregistered","2026-09-30","passed","2026-09-30","","cta/generated.cta.spec.js","",""
"","7849","cryptocurrencies page | tradingInstrument | shortPositionGoToPlatformBtn","chromium-SCB-es-unauthorised","2026-09-30","passed","2026-09-30","","cta/generated.cta.spec.js","",""
"","7150","indices page | tradingInstrument | alertBtn","chromium-SCB-mn-unregistered","2026-09-30","passed","2026-09-30","","cta/generated.cta.spec.js","",""
"","7218","indices page | tradingInstrument | viewDetailedChartBtn","chromium-SCB-en-unauthorised","2026-09-30","passed","2026-09-30","","cta/generated.cta.spec.js","",""
"","6927","bonds page | tradingInstrument | buyBtn","chromium-CMA-en-unauthorised","2026-09-30","passed","2026-09-30","","cta/generated.cta.spec.js","",""
"","7483","interestRates page | tradingInstrument | viewDetailedChartBtn","chromium-SCB-es-unauthorised","2026-09-30","passed","2026-09-30","","cta/generated.cta.spec.js","",""
"","7358","forex page | tradingInstrument | shortPositionGoToPlatformBtn","chromium-CySEC-nl-nl-unregistered","2026-09-30","passed","2026-09-30","","cta/generated.cta.spec.js","",""
"","7186","cryptocurrencies page | tradingInstrument | addToFavouriteBtn","chromium-ASIC-en-unauthorised","2026-09-30","passed","2026-09-30","","cta/generated.cta.spec.js","",""
"","7267","cryptocurrencies page | tradingInstrument | viewDetailedChartBtn","chromium-SCB-vi-unregistered","2026-09-30","passed","2026-09-30","","cta/generated.cta.spec.js","",""
"","7251","indices page | tradingInstrument | addToFavouriteBtn","chromium-SCB-en-unauthorised","2026-09-30","passed","2026-09-30","","cta/generated.cta.spec.js","",""
"","7308","indices page | tradingInstrument | shortPositionGoToPlatformBtn","chromium-SCB-en-unregistered","2026-09-30","passed","2026-09-30","","cta/generated.cta.spec.js","",""
"","7182","forex page | tradingInstrument | alertBtn","chromium-SCB-ar-unregistered","2026-09-30","passed","2026-09-30","","cta/generated.cta.spec.js","",""
"","7312","markets page | tradingInstrument | addToFavouriteBtn","chromium-ASIC-en-unauthorised","2026-09-30","passed","2026-09-30","","cta/generated.cta.spec.js","",""
"","8146","forex page | tradingInstrument | alertBtn","chromium-CySEC-de-de-unauthorised","2026-09-30","passed","2026-09-30","","cta/generated.cta.spec.js","",""
"","7736","bonds page | tradingInstrument | readyToJoinSignUpBtn","chromium-CySEC-de-de-unauthorised","2026-09-30","passed","2026-09-30","","cta/generated.cta.spec.js","",""
"","7706","indices page | tradingInstrument | longPositionGoToPlatformBtn","chromium-CySEC-it-it-unauthorised","2026-09-30","passed","2026-09-30","","cta/generated.cta.spec.js","",""
"","7230","indices page | tradingInstrument | alertBtn","chromium-SCB-vi-unregistered","2026-09-30","passed","2026-09-30","","cta/generated.cta.spec.js","",""
"","6749","forex page | heroBanner | signupBtn","chromium-CySEC-de-at-unauthorised","2026-09-30","passed","2026-09-30","","cta/generated.cta.spec.js","",""
"","7425","cryptocurrencies page | tradingInstrument | readyToJoinSignUpBtn","chromium-SCB-mn-unregistered","2026-09-30","passed","2026-09-30","","cta/generated.cta.spec.js","",""
"","7679","bonds page | tradingInstrument | sellBtn","chromium-CySEC-en-eu-unauthorised","2026-09-30","passed","2026-09-30","","cta/generated.cta.spec.js","",""
"","9399","commodities page | tradingInstrument | tradedBtn","chromium-SCB-mn-unauthorised","2026-09-30","passed","2026-09-30","","cta/generated.cta.spec.js","",""
"","7290","cryptocurrencies page | tradingInstrument | readyToJoinSignUpBtn","chromium-CySEC-hu-hu-unregistered","2026-09-30","passed","2026-09-30","","cta/generated.cta.spec.js","",""
"","8502","commodities page | tradingInstrument | longPositionGoToPlatformBtn","chromium-SCB-fr-unauthorised","2026-09-30","passed","2026-09-30","","cta/generated.cta.spec.js","",""
"","4977","forex page | tradingInstrument | sellBtn","chromium-SCB-zh-hans-unauthorised","2026-09-30","passed","2026-09-30","","cta/generated.cta.spec.js","",""
"","7498","markets page | tradingInstrument | shortPositionGoToPlatformBtn","chromium-CySEC-it-it-unregistered","2026-09-30","passed","2026-09-30","","cta/generated.cta.spec.js","",""
"","7463","commodities page | tradingInstrument | shortPositionGoToPlatformBtn","chromium-SCB-ar-unregistered","2026-09-30","passed","2026-09-30","","cta/generated.cta.spec.js","",""
"","7176","cryptocurrencies page | tradingInstrument | addToFavouriteBtn","chromium-SCB-en-unauthorised","2026-09-30","passed","2026-09-30","","cta/generated.cta.spec.js","",""
"","7284","bonds page | tradingInstrument | buyBtn","chromium-SCB-en-unregistered","2026-09-30","passed","2026-09-30","","cta/generated.cta.spec.js","",""
"","7124","forex page | tradingInstrument | viewDetailedChartBtn","chromium-SCB-ru-unregistered","2026-09-30","passed","2026-09-30","","cta/generated.cta.spec.js","",""
"","7213","shares page | tradingInstrument | viewDetailedChartBtn","chromium-SCB-es-unregistered","2026-09-30","passed","2026-09-30","","cta/generated.cta.spec.js","",""
"","7523","markets page | tradingInstrument | alertBtn","chromium-SCB-es-unauthorised","2026-09-30","passed","2026-09-30","","cta/generated.cta.spec.js","",""
"","7221","cryptocurrencies page | tradingInstrument | readyToJoinSignUpBtn","chromium-SCB-en-unregistered","2026-09-30","passed","2026-09-30","","cta/generated.cta.spec.js","",""
"","7974","commodities page | tradingInstrument | sellBtn","chromium-SCB-ar-unauthorised","2026-09-30","passed","2026-09-30","","cta/generated.cta.spec.js","",""
"","7456","cryptocurrencies page | tradingInstrument | buyBtn","chromium-SCB-ru-unregistered","2026-09-30","passed","2026-09-30","","cta/generated.cta.spec.js","",""
"","7392","bonds page | tradingInstrument | buyBtn","chromium-SCB-mn-unregistered","2026-09-30","passed","2026-09-30","","cta/generated.cta.spec.js","",""
"","7447","forex page | tradingInstrument | viewDetailedChartBtn","chromium-CySEC-ro-ro-unauthorised","2026-09-30","passed","2026-09-30","","cta/generated.cta.spec.js","",""
"","9218","markets page | tradingInstrument | tradedBtn","chromium-CySEC-ro-ro-unregistered","2026-09-30","passed","2026-09-30","","cta/generated.cta.spec.js","",""
"","6998","interestRates page | tradingInstrument | readyToJoinSignUpBtn","chromium-SCB-ru-unregistered","2026-09-30","passed","2026-09-30","","cta/generated.cta.spec.js","",""
"","7432","forex page | tradingInstrument | sellBtn","chromium-SCB-es-unregistered","2026-09-30","passed","2026-09-30","","cta/generated.cta.spec.js","",""
"","7555","markets page | tradingInstrument | shortPositionGoToPlatformBtn","chromium-ASIC-en-unauthorised","2026-09-30","passed","2026-09-30","","cta/generated.cta.spec.js","",""
"","7643","bonds page | tradingInstrument | sellBtn","chromium-SCB-fr-unauthorised","2026-09-30","passed","2026-09-30","","cta/generated.cta.spec.js","",""
"","7207","cryptocurrencies page | tradingInstrument | viewDetailedChartBtn","chromium-CySEC-en-eu-unregistered","2026-09-30","passed","2026-09-30","","cta/generated.cta.spec.js","",""
"","7186","indices page | heroBanner | signupBtn","chromium-SCB-fr-unauthorised","2026-09-30","passed","2026-09-30","","cta/generated.cta.spec.js","",""
"","2999","commodities page | heroBanner | signupBtn","chromium-SCB-zh-hans-unauthorised","2026-09-30","passed","2026-09-30","","cta/generated.cta.spec.js","",""
"","7303","bonds page | heroBanner | signupBtn","chromium-CySEC-ro-ro-unregistered","2026-09-30","passed","2026-09-30","","cta/generated.cta.spec.js","",""
"","7637","indices page | tradingInstrument | sellBtn","chromium-CySEC-el-gr-unregistered","2026-09-30","passed","2026-09-30","","cta/generated.cta.spec.js","",""
"","7498","interestRates page | tradingInstrument | shortPositionGoToPlatformBtn","chromium-CySEC-de-at-unauthorised","2026-09-30","passed","2026-09-30","","cta/generated.cta.spec.js","",""
"","8074","bonds page | tradingInstrument | sellBtn","chromium-CySEC-el-gr-unauthorised","2026-09-30","passed","2026-09-30","","cta/generated.cta.spec.js","",""
"","7423","commodities page | tradingInstrument | shortPositionGoToPlatformBtn","chromium-SCB-vi-unregistered","2026-09-30","passed","2026-09-30","","cta/generated.cta.spec.js","",""
"","7527","forex page | tradingInstrument | readyToJoinSignUpBtn","chromium-SCB-ar-unauthorised","2026-09-30","passed","2026-09-30","","cta/generated.cta.spec.js","",""
"","7277","bonds page | heroBanner | signupBtn","chromium-SCB-ar-unauthorised","2026-09-30","passed","2026-09-30","","cta/generated.cta.spec.js","",""
"","9074","bonds page | tradingInstrument | viewDetailedChartBtn","chromium-CySEC-en-eu-unauthorised","2026-09-30","passed","2026-09-30","","cta/generated.cta.spec.js","",""
"","7423","shares page | tradingInstrument | alertBtn","chromium-SCB-ar-unauthorised","2026-09-30","passed","2026-09-30","","cta/generated.cta.spec.js","",""
"","7156","commodities page | tradingInstrument | alertBtn","chromium-SCB-ru-unregistered","2026-09-30","passed","2026-09-30","","cta/generated.cta.spec.js","",""
"","6848","marketAnalysis page | readyToJoinBlock | signupBtn","chromium-SCB-es-unregistered","2026-09-30","passed","2026-09-30","","cta/generated.cta.spec.js","",""
"","7610","interestRates page | tradingInstrument | buyBtn","chromium-SCB-es-unregistered","2026-09-30","passed","2026-09-30","","cta/generated.cta.spec.js","",""
"","7765","bonds page | tradingInstrument | sellBtn","chromium-SCB-de-unauthorised","2026-09-30","passed","2026-09-30","","cta/generated.cta.spec.js","",""
"","7519","commodities page | tradingInstrument | longPositionGoToPlatformBtn","chromium-CySEC-el-gr-unregistered","2026-09-30","passed","2026-09-30","","cta/generated.cta.spec.js","",""
"","7361","markets page | tradingInstrument | buyBtn","chromium-SCB-vi-unregistered","2026-09-30","passed","2026-09-30","","cta/generated.cta.spec.js","",""
"","8378","indices page | tradingInstrument | sellBtn","chromium-CySEC-ro-ro-unauthorised","2026-09-30","passed","2026-09-30","","cta/generated.cta.spec.js","",""
"","7368","interestRates page | tradingInstrument | buyBtn","chromium-CySEC-it-it-unregistered","2026-09-30","passed","2026-09-30","","cta/generated.cta.spec.js","",""
"","6367","commodities page | heroBanner | signupBtn","chromium-FCA-en-unregistered","2026-09-30","passed","2026-09-30","","cta/generated.cta.spec.js","",""
"","7730","forex page | tradingInstrument | shortPositionGoToPlatformBtn","chromium-SCB-fr-unauthorised","2026-09-30","passed","2026-09-30","","cta/generated.cta.spec.js","",""
"","8539","commodities page | tradingInstrument | tradedBtn","chromium-SCB-zh-hans-unauthorised","2026-09-30","failed","2026-09-30","","cta/generated.cta.spec.js","",""
"","6706","indices page | tradingInstrument | viewDetailedChartBtn","chromium-CMA-ar-unauthorised","2026-09-30","passed","2026-09-30","","cta/generated.cta.spec.js","",""
"","3292","bonds page | tradingInstrument | buyBtn","chromium-SCB-zh-hans-unregistered","2026-09-30","passed","2026-09-30","","cta/generated.cta.spec.js","",""
"","7303","interestRates page | tradingInstrument | longPositionGoToPlatformBtn","chromium-SCB-zh-hant-unregistered","2026-09-30","passed","2026-09-30","","cta/generated.cta.spec.js","",""
"","11551","commodities page | tradingInstrument | tradedBtn","chromium-CMA-ar-unauthorised","2026-09-30","failed","2026-09-30","","cta/generated.cta.spec.js","",""
"","2950","marketAnalysis page | mostTradedMarketsBlock | tradedBtn","chromium-SCB-zh-hans-unauthorised","2026-09-30","passed","2026-09-30","","cta/generated.cta.spec.js","",""
"","7451","indices page | tradingInstrument | alertBtn","chromium-SCB-de-unauthorised","2026-09-30","passed","2026-09-30","","cta/generated.cta.spec.js","",""
"","43","marketAnalysis page | readyToJoinBlock | signupBtn","chromium-SCB-vi-unregistered","2026-09-30","skipped","2026-09-30","","cta/generated.cta.spec.js","",""
"","6725","marketAnalysis page | mostTradedMarketsBlock | tradedBtn","chromium-CySEC-de-at-unauthorised","2026-09-30","passed","2026-09-30","","cta/generated.cta.spec.js","",""
"","6659","forex page | heroBanner | signupBtn","chromium-CySEC-el-gr-unauthorised","2026-09-30","passed","2026-09-30","","cta/generated.cta.spec.js","",""
"","7520","indices page | tradingInstrument | readyToJoinSignUpBtn","chromium-SCB-de-unregistered","2026-09-30","passed","2026-09-30","","cta/generated.cta.spec.js","",""
"","9322","shares page | tradingInstrument | tradedBtn","chromium-CySEC-de-at-unregistered","2026-09-30","passed","2026-09-30","","cta/generated.cta.spec.js","",""
"","6781","bonds page | tradingInstrument | viewDetailedChartBtn","chromium-FCA-en-unregistered","2026-09-30","passed","2026-09-30","","cta/generated.cta.spec.js","",""
"","6937","shares page | tradingInstrument | readyToJoinSignUpBtn","chromium-FCA-en-unauthorised","2026-09-30","passed","2026-09-30","","cta/generated.cta.spec.js","",""
"","7178","bonds page | heroBanner | signupBtn","chromium-CySEC-ro-ro-unauthorised","2026-09-30","passed","2026-09-30","","cta/generated.cta.spec.js","",""
"","7640","commodities page | tradingInstrument | viewDetailedChartBtn","chromium-SCB-fr-unauthorised","2026-09-30","passed","2026-09-30","","cta/generated.cta.spec.js","",""
"","7674","indices page | tradingInstrument | sellBtn","chromium-CySEC-en-eu-unregistered","2026-09-30","passed","2026-09-30","","cta/generated.cta.spec.js","",""
"","6954","commodities page | tradingInstrument | buyBtn","chromium-CMA-en-unauthorised","2026-09-30","passed","2026-09-30","","cta/generated.cta.spec.js","",""
"","7111","cryptocurrencies page | tradingInstrument | viewDetailedChartBtn","chromium-SCB-zh-hant-unregistered","2026-09-30","passed","2026-09-30","","cta/generated.cta.spec.js","",""
"","7234","markets page | tradingInstrument | alertBtn","chromium-CySEC-ro-ro-unregistered","2026-09-30","passed","2026-09-30","","cta/generated.cta.spec.js","",""
"","6798","forex page | tradingInstrument | alertBtn","chromium-CMA-en-unauthorised","2026-09-30","passed","2026-09-30","","cta/generated.cta.spec.js","",""
"","7467","shares page | tradingInstrument | buyBtn","chromium-CySEC-en-eu-unregistered","2026-09-30","passed","2026-09-30","","cta/generated.cta.spec.js","",""
"","7947","shares page | tradingInstrument | addToFavouriteBtn","chromium-CySEC-el-gr-unregistered","2026-09-30","passed","2026-09-30","","cta/generated.cta.spec.js","",""
"","7632","markets page | tradingInstrument | sellBtn","chromium-SCB-fr-unauthorised","2026-09-30","passed","2026-09-30","","cta/generated.cta.spec.js","",""
"","7377","commodities page | tradingInstrument | buyBtn","chromium-SCB-ru-unregistered","2026-09-30","passed","2026-09-30","","cta/generated.cta.spec.js","",""
"","8211","bonds page | tradingInstrument | alertBtn","chromium-SCB-fr-unauthorised","2026-09-30","passed","2026-09-30","","cta/generated.cta.spec.js","",""
"","7108","bonds page | tradingInstrument | readyToJoinSignUpBtn","chromium-CySEC-nl-nl-unregistered","2026-09-30","passed","2026-09-30","","cta/generated.cta.spec.js","",""
"","8916","forex page | tradingInstrument | alertBtn","chromium-CySEC-ro-ro-unauthorised","2026-09-30","passed","2026-09-30","","cta/generated.cta.spec.js","",""
"","7346","interestRates page | tradingInstrument | readyToJoinSignUpBtn","chromium-SCB-vi-unauthorised","2026-09-30","passed","2026-09-30","","cta/generated.cta.spec.js","",""
"","7313","indices page | tradingInstrument | viewDetailedChartBtn","chromium-SCB-ar-unregistered","2026-09-30","passed","2026-09-30","","cta/generated.cta.spec.js","",""
"","7187","forex page | tradingInstrument | alertBtn","chromium-CySEC-de-at-unauthorised","2026-09-30","passed","2026-09-30","","cta/generated.cta.spec.js","",""
"","7170","bonds page | tradingInstrument | viewDetailedChartBtn","chromium-CySEC-ro-ro-unregistered","2026-09-30","passed","2026-09-30","","cta/generated.cta.spec.js","",""
"","7605","cryptocurrencies page | tradingInstrument | readyToJoinSignUpBtn","chromium-SCB-zh-hant-unauthorised","2026-09-30","passed","2026-09-30","","cta/generated.cta.spec.js","",""
"","7540","cryptocurrencies page | tradingInstrument | readyToJoinSignUpBtn","chromium-CySEC-ro-ro-unauthorised","2026-09-30","passed","2026-09-30","","cta/generated.cta.spec.js","",""
"","8327","markets page | tradingInstrument | sellBtn","chromium-CySEC-de-at-unauthorised","2026-09-30","passed","2026-09-30","","cta/generated.cta.spec.js","",""
"","7747","bonds page | tradingInstrument | longPositionGoToPlatformBtn","chromium-CySEC-el-gr-unauthorised","2026-09-30","passed","2026-09-30","","cta/generated.cta.spec.js","",""
"","7056","markets page | heroBanner | signupBtn","chromium-CySEC-pl-pl-unauthorised","2026-09-30","passed","2026-09-30","","cta/generated.cta.spec.js","",""
"","8069","indices page | tradingInstrument | addToFavouriteBtn","chromium-CySEC-fr-fr-unregistered","2026-09-30","passed","2026-09-30","","cta/generated.cta.spec.js","",""
"","6940","commodities page | tradingInstrument | buyBtn","chromium-CMA-en-unregistered","2026-09-30","passed","2026-09-30","","cta/generated.cta.spec.js","",""
"","7472","cryptocurrencies page | tradingInstrument | alertBtn","chromium-SCB-es-unregistered","2026-09-30","passed","2026-09-30","","cta/generated.cta.spec.js","",""
"","7352","indices page | tradingInstrument | readyToJoinSignUpBtn","chromium-SCB-fr-unregistered","2026-09-30","passed","2026-09-30","","cta/generated.cta.spec.js","",""
"","7346","commodities page | tradingInstrument | readyToJoinSignUpBtn","chromium-SCB-fr-unregistered","2026-09-30","passed","2026-09-30","","cta/generated.cta.spec.js","",""
"","7151","indices page | tradingInstrument | alertBtn","chromium-CySEC-pl-pl-unregistered","2026-09-30","passed","2026-09-30","","cta/generated.cta.spec.js","",""
"","7685","cryptocurrencies page | tradingInstrument | buyBtn","chromium-SCB-zh-hant-unregistered","2026-09-30","passed","2026-09-30","","cta/generated.cta.spec.js","",""
"","5611","bonds page | tradingInstrument | tradedBtn","chromium-SCB-zh-hans-unauthorised","2026-09-30","passed","2026-09-30","","cta/generated.cta.spec.js","",""
"","7396","cryptocurrencies page | tradingInstrument | shortPositionGoToPlatformBtn","chromium-CySEC-it-it-unregistered","2026-09-30","passed","2026-09-30","","cta/generated.cta.spec.js","",""
"","7176","markets page | tradingInstrument | shortPositionGoToPlatformBtn","chromium-FCA-en-unregistered","2026-09-30","passed","2026-09-30","","cta/generated.cta.spec.js","",""
"","7246","bonds page | heroBanner | signupBtn","chromium-SCB-de-unauthorised","2026-09-30","passed","2026-09-30","","cta/generated.cta.spec.js","",""
"","7415","cryptocurrencies page | tradingInstrument | longPositionGoToPlatformBtn","chromium-CySEC-ro-ro-unregistered","2026-09-30","passed","2026-09-30","","cta/generated.cta.spec.js","",""
"","7756","forex page | tradingInstrument | buyBtn","chromium-CySEC-de-at-unauthorised","2026-09-30","passed","2026-09-30","","cta/generated.cta.spec.js","",""
"","7745","forex page | tradingInstrument | shortPositionGoToPlatformBtn","chromium-CySEC-nl-nl-unauthorised","2026-09-30","passed","2026-09-30","","cta/generated.cta.spec.js","",""
"","7621","forex page | tradingInstrument | alertBtn","chromium-CySEC-en-eu-unauthorised","2026-09-30","passed","2026-09-30","","cta/generated.cta.spec.js","",""
"","12192","bonds page | tradingInstrument | tradedBtn","chromium-SCB-ar-unregistered","2026-09-30","failed","2026-09-30","","cta/generated.cta.spec.js","",""
"","8201","indices page | tradingInstrument | sellBtn","chromium-CySEC-en-eu-unauthorised","2026-09-30","passed","2026-09-30","","cta/generated.cta.spec.js","",""
"","7674","forex page | tradingInstrument | buyBtn","chromium-SCB-es-unauthorised","2026-09-30","passed","2026-09-30","","cta/generated.cta.spec.js","",""
"","7545","shares page | tradingInstrument | addToFavouriteBtn","chromium-SCB-ru-unauthorised","2026-09-30","passed","2026-09-30","","cta/generated.cta.spec.js","",""
"","7438","cryptocurrencies page | tradingInstrument | sellBtn","chromium-CySEC-hu-hu-unregistered","2026-09-30","passed","2026-09-30","","cta/generated.cta.spec.js","",""
"","7830","markets page | tradingInstrument | addToFavouriteBtn","chromium-SCB-zh-hant-unauthorised","2026-09-30","passed","2026-09-30","","cta/generated.cta.spec.js","",""
"","7199","interestRates page | tradingInstrument | readyToJoinSignUpBtn","chromium-CySEC-de-at-unauthorised","2026-09-30","passed","2026-09-30","","cta/generated.cta.spec.js","",""
"","7791","markets page | tradingInstrument | buyBtn","chromium-CySEC-de-de-unauthorised","2026-09-30","passed","2026-09-30","","cta/generated.cta.spec.js","",""
"","7354","marketPricing page | readyToJoinBlock | signupBtn","chromium-CySEC-fr-fr-unauthorised","2026-09-30","passed","2026-09-30","","cta/generated.cta.spec.js","",""
"","9451","shares page | tradingInstrument | tradedBtn","chromium-ASIC-en-unregistered","2026-09-30","passed","2026-09-30","","cta/generated.cta.spec.js","",""
"","7495","bonds page | tradingInstrument | longPositionGoToPlatformBtn","chromium-CySEC-el-gr-unregistered","2026-09-30","passed","2026-09-30","","cta/generated.cta.spec.js","",""
"","7328","bonds page | tradingInstrument | readyToJoinSignUpBtn","chromium-SCB-es-unregistered","2026-09-30","passed","2026-09-30","","cta/generated.cta.spec.js","",""
"","7538","shares page | tradingInstrument | addToFavouriteBtn","chromium-SCB-fr-unauthorised","2026-09-30","passed","2026-09-30","","cta/generated.cta.spec.js","",""
"","7057","commodities page | heroBanner | signupBtn","chromium-CySEC-en-eu-unregistered","2026-09-30","passed","2026-09-30","","cta/generated.cta.spec.js","",""
"","7396","markets page | tradingInstrument | longPositionGoToPlatformBtn","chromium-SCB-fr-unregistered","2026-09-30","passed","2026-09-30","","cta/generated.cta.spec.js","",""
"","7520","commodities page | tradingInstrument | addToFavouriteBtn","chromium-CySEC-ro-ro-unregistered","2026-09-30","passed","2026-09-30","","cta/generated.cta.spec.js","",""
"","7174","markets page | tradingInstrument | sellBtn","chromium-CMA-en-unregistered","2026-09-30","passed","2026-09-30","","cta/generated.cta.spec.js","",""
"","7123","bonds page | tradingInstrument | alertBtn","chromium-CySEC-de-at-unregistered","2026-09-30","passed","2026-09-30","","cta/generated.cta.spec.js","",""
"","7527","bonds page | tradingInstrument | viewDetailedChartBtn","chromium-CySEC-hu-hu-unauthorised","2026-09-30","passed","2026-09-30","","cta/generated.cta.spec.js","",""
"","7827","shares page | tradingInstrument | addToFavouriteBtn","chromium-SCB-de-unauthorised","2026-09-30","passed","2026-09-30","","cta/generated.cta.spec.js","",""
"","7969","bonds page | tradingInstrument | addToFavouriteBtn","chromium-SCB-fr-unregistered","2026-09-30","passed","2026-09-30","","cta/generated.cta.spec.js","",""
"","7302","forex page | tradingInstrument | longPositionGoToPlatformBtn","chromium-CySEC-nl-nl-unregistered","2026-09-30","passed","2026-09-30","","cta/generated.cta.spec.js","",""
"","7358","interestRates page | tradingInstrument | sellBtn","chromium-CySEC-ro-ro-unregistered","2026-09-30","passed","2026-09-30","","cta/generated.cta.spec.js","",""
"","9170","commodities page | tradingInstrument | tradedBtn","chromium-SCB-vi-unregistered","2026-09-30","passed","2026-09-30","","cta/generated.cta.spec.js","",""
"","7248","forex page | tradingInstrument | alertBtn","chromium-SCB-en-unauthorised","2026-09-30","passed","2026-09-30","","cta/generated.cta.spec.js","",""
"","7758","shares page | tradingInstrument | readyToJoinSignUpBtn","chromium-CySEC-nl-nl-unauthorised","2026-09-30","passed","2026-09-30","","cta/generated.cta.spec.js","",""
"","7942","bonds page | tradingInstrument | shortPositionGoToPlatformBtn","chromium-SCB-es-unauthorised","2026-09-30","passed","2026-09-30","","cta/generated.cta.spec.js","",""
"","7629","shares page | tradingInstrument | shortPositionGoToPlatformBtn","chromium-SCB-en-unauthorised","2026-09-30","passed","2026-09-30","","cta/generated.cta.spec.js","",""
"","7629","indices page | tradingInstrument | shortPositionGoToPlatformBtn","chromium-SCB-zh-hant-unauthorised","2026-09-30","passed","2026-09-30","","cta/generated.cta.spec.js","",""
"","9292","interestRates page | tradingInstrument | tradedBtn","chromium-SCB-zh-hant-unauthorised","2026-09-30","passed","2026-09-30","","cta/generated.cta.spec.js","",""
"","7213","markets page | tradingInstrument | alertBtn","chromium-SCB-vi-unregistered","2026-09-30","passed","2026-09-30","","cta/generated.cta.spec.js","",""
"","7521","forex page | tradingInstrument | addToFavouriteBtn","chromium-SCB-vi-unregistered","2026-09-30","passed","2026-09-30","","cta/generated.cta.spec.js","",""
"","5008","bonds page | tradingInstrument | addToFavouriteBtn","chromium-SCB-zh-hans-unauthorised","2026-09-30","passed","2026-09-30","","cta/generated.cta.spec.js","",""
"","7200","indices page | tradingInstrument | viewDetailedChartBtn","chromium-SCB-es-unregistered","2026-09-30","passed","2026-09-30","","cta/generated.cta.spec.js","",""
"","7096","bonds page | tradingInstrument | alertBtn","chromium-CySEC-ro-ro-unregistered","2026-09-30","passed","2026-09-30","","cta/generated.cta.spec.js","",""
"","9440","cryptocurrencies page | tradingInstrument | tradedBtn","chromium-ASIC-en-unauthorised","2026-09-30","passed","2026-09-30","","cta/generated.cta.spec.js","",""
"","7082","markets page | tradingInstrument | sellBtn","chromium-FCA-en-unregistered","2026-09-30","passed","2026-09-30","","cta/generated.cta.spec.js","",""
"","7397","markets page | tradingInstrument | alertBtn","chromium-SCB-en-unregistered","2026-09-30","passed","2026-09-30","","cta/generated.cta.spec.js","",""
"","12153","indices page | tradingInstrument | tradedBtn","chromium-SCB-es-unregistered","2026-09-30","failed","2026-09-30","","cta/generated.cta.spec.js","",""
"","7148","commodities page | tradingInstrument | viewDetailedChartBtn","chromium-CySEC-ro-ro-unregistered","2026-09-30","passed","2026-09-30","","cta/generated.cta.spec.js","",""
"","7864","forex page | tradingInstrument | sellBtn","chromium-CySEC-de-de-unauthorised","2026-09-30","passed","2026-09-30","","cta/generated.cta.spec.js","",""
"","7466","bonds page | tradingInstrument | addToFavouriteBtn","chromium-ASIC-en-unauthorised","2026-09-30","passed","2026-09-30","","cta/generated.cta.spec.js","",""
"","8043","indices page | heroBanner | signupBtn","chromium-CySEC-de-de-unauthorised","2026-09-30","passed","2026-09-30","","cta/generated.cta.spec.js","",""
"","7216","forex page | tradingInstrument | readyToJoinSignUpBtn","chromium-CySEC-en-eu-unregistered","2026-09-30","passed","2026-09-30","","cta/generated.cta.spec.js","",""
"","6975","forex page | tradingInstrument | shortPositionGoToPlatformBtn","chromium-FCA-en-unregistered","2026-09-30","passed","2026-09-30","","cta/generated.cta.spec.js","",""
"","7417","commodities page | tradingInstrument | shortPositionGoToPlatformBtn","chromium-SCB-ru-unregistered","2026-09-30","passed","2026-09-30","","cta/generated.cta.spec.js","",""
"","7276","cryptocurrencies page | tradingInstrument | viewDetailedChartBtn","chromium-CySEC-el-gr-unregistered","2026-09-30","passed","2026-09-30","","cta/generated.cta.spec.js","",""
"","7617","cryptocurrencies page | tradingInstrument | buyBtn","chromium-SCB-ar-unregistered","2026-09-30","passed","2026-09-30","","cta/generated.cta.spec.js","",""
"","2961","bonds page | heroBanner | signupBtn","chromium-SCB-zh-hans-unauthorised","2026-09-30","passed","2026-09-30","","cta/generated.cta.spec.js","",""
"","3370","cryptocurrencies page | tradingInstrument | shortPositionGoToPlatformBtn","chromium-SCB-zh-hans-unregistered","2026-09-30","passed","2026-09-30","","cta/generated.cta.spec.js","",""
"","7276","markets page | heroBanner | signupBtn","chromium-CySEC-hu-hu-unauthorised","2026-09-30","passed","2026-09-30","","cta/generated.cta.spec.js","",""
"","7300","interestRates page | heroBanner | signupBtn","chromium-CySEC-hu-hu-unregistered","2026-09-30","passed","2026-09-30","","cta/generated.cta.spec.js","",""
"","7403","forex page | heroBanner | signupBtn","chromium-CySEC-fr-fr-unauthorised","2026-09-30","passed","2026-09-30","","cta/generated.cta.spec.js","",""
"","7499","markets page | tradingInstrument | alertBtn","chromium-SCB-ru-unauthorised","2026-09-30","passed","2026-09-30","","cta/generated.cta.spec.js","",""
"","7232","cryptocurrencies page | heroBanner | signupBtn","chromium-CySEC-it-it-unregistered","2026-09-30","passed","2026-09-30","","cta/generated.cta.spec.js","",""
"","9366","cryptocurrencies page | tradingInstrument | tradedBtn","chromium-ASIC-en-unregistered","2026-09-30","passed","2026-09-30","","cta/generated.cta.spec.js","",""
"","7343","interestRates page | tradingInstrument | sellBtn","chromium-SCB-es-unregistered","2026-09-30","passed","2026-09-30","","cta/generated.cta.spec.js","",""
"","7808","markets page | tradingInstrument | sellBtn","chromium-CySEC-de-de-unauthorised","2026-09-30","passed","2026-09-30","","cta/generated.cta.spec.js","",""
"","7684","forex page | tradingInstrument | sellBtn","chromium-SCB-zh-hant-unauthorised","2026-09-30","passed","2026-09-30","","cta/generated.cta.spec.js","",""
"","7236","shares page | tradingInstrument | alertBtn","chromium-CySEC-de-at-unauthorised","2026-09-30","passed","2026-09-30","","cta/generated.cta.spec.js","",""
"","7241","indices page | heroBanner | signupBtn","chromium-CySEC-fr-fr-unregistered","2026-09-30","passed","2026-09-30","","cta/generated.cta.spec.js","",""
"","9661","bonds page | tradingInstrument | tradedBtn","chromium-CySEC-ro-ro-unauthorised","2026-09-30","passed","2026-09-30","","cta/generated.cta.spec.js","",""
"","9190","forex page | tradingInstrument | tradedBtn","chromium-CySEC-en-eu-unregistered","2026-09-30","passed","2026-09-30","","cta/generated.cta.spec.js","",""
"","7196","interestRates page | tradingInstrument | alertBtn","chromium-CySEC-ro-ro-unregistered","2026-09-30","passed","2026-09-30","","cta/generated.cta.spec.js","",""
"","8239","shares page | tradingInstrument | longPositionGoToPlatformBtn","chromium-CySEC-ro-ro-unauthorised","2026-09-30","passed","2026-09-30","","cta/generated.cta.spec.js","",""
"","7825","indices page | tradingInstrument | shortPositionGoToPlatformBtn","chromium-CySEC-de-de-unauthorised","2026-09-30","passed","2026-09-30","","cta/generated.cta.spec.js","",""
"","7621","shares page | tradingInstrument | shortPositionGoToPlatformBtn","chromium-SCB-de-unregistered","2026-09-30","passed","2026-09-30","","cta/generated.cta.spec.js","",""
"","7456","shares page | tradingInstrument | longPositionGoToPlatformBtn","chromium-SCB-ar-unregistered","2026-09-30","passed","2026-09-30","","cta/generated.cta.spec.js","",""
"","7791","commodities page | tradingInstrument | buyBtn","chromium-SCB-ru-unauthorised","2026-09-30","passed","2026-09-30","","cta/generated.cta.spec.js","",""
"","7051","bonds page | heroBanner | signupBtn","chromium-CySEC-de-at-unauthorised","2026-09-30","passed","2026-09-30","","cta/generated.cta.spec.js","",""
"","6912","indices page | tradingInstrument | viewDetailedChartBtn","chromium-FCA-en-unauthorised","2026-09-30","passed","2026-09-30","","cta/generated.cta.spec.js","",""
"","7125","marketAnalysis page | readyToJoinBlock | signupBtn","chromium-SCB-de-unauthorised","2026-09-30","passed","2026-09-30","","cta/generated.cta.spec.js","",""
"","7318","interestRates page | tradingInstrument | buyBtn","chromium-SCB-de-unregistered","2026-09-30","passed","2026-09-30","","cta/generated.cta.spec.js","",""
"","6965","commodities page | heroBanner | signupBtn","chromium-ASIC-en-unregistered","2026-09-30","passed","2026-09-30","","cta/generated.cta.spec.js","",""
"","7203","shares page | tradingInstrument | alertBtn","chromium-CySEC-pl-pl-unregistered","2026-09-30","passed","2026-09-30","","cta/generated.cta.spec.js","",""
"","7264","cryptocurrencies page | tradingInstrument | viewDetailedChartBtn","chromium-SCB-es-unregistered","2026-09-30","passed","2026-09-30","","cta/generated.cta.spec.js","",""
"","7894","cryptocurrencies page | tradingInstrument | sellBtn","chromium-CySEC-ro-ro-unregistered","2026-09-30","passed","2026-09-30","","cta/generated.cta.spec.js","",""
"","9060","interestRates page | tradingInstrument | tradedBtn","chromium-CySEC-de-at-unauthorised","2026-09-30","passed","2026-09-30","","cta/generated.cta.spec.js","",""
"","7299","shares page | tradingInstrument | viewDetailedChartBtn","chromium-CySEC-el-gr-unauthorised","2026-09-30","passed","2026-09-30","","cta/generated.cta.spec.js","",""
"","6939","markets page | heroBanner | signupBtn","chromium-FCA-en-unregistered","2026-09-30","passed","2026-09-30","","cta/generated.cta.spec.js","",""
"","9300","cryptocurrencies page | tradingInstrument | tradedBtn","chromium-CySEC-pl-pl-unregistered","2026-09-30","passed","2026-09-30","","cta/generated.cta.spec.js","",""
"","8128","indices page | tradingInstrument | addToFavouriteBtn","chromium-SCB-mn-unregistered","2026-09-30","passed","2026-09-30","","cta/generated.cta.spec.js","",""
"","7560","bonds page | tradingInstrument | shortPositionGoToPlatformBtn","chromium-CySEC-el-gr-unregistered","2026-09-30","passed","2026-09-30","","cta/generated.cta.spec.js","",""
"","7501","markets page | heroBanner | signupBtn","chromium-CySEC-nl-nl-unregistered","2026-09-30","passed","2026-09-30","","cta/generated.cta.spec.js","",""
"","7827","shares page | tradingInstrument | alertBtn","chromium-CySEC-fr-fr-unauthorised","2026-09-30","passed","2026-09-30","","cta/generated.cta.spec.js","",""
"","7862","commodities page | tradingInstrument | longPositionGoToPlatformBtn","chromium-SCB-en-unregistered","2026-09-30","passed","2026-09-30","","cta/generated.cta.spec.js","",""
"","10072","indices page | tradingInstrument | tradedBtn","chromium-SCB-de-unauthorised","2026-09-30","passed","2026-09-30","","cta/generated.cta.spec.js","",""
"","7034","marketAnalysis page | mostTradedMarketsBlock | tradedBtn","chromium-SCB-zh-hant-unregistered","2026-09-30","passed","2026-09-30","","cta/generated.cta.spec.js","",""
"","7259","markets page | tradingInstrument | sellBtn","chromium-CMA-ar-unregistered","2026-09-30","passed","2026-09-30","","cta/generated.cta.spec.js","",""
"","9383","bonds page | tradingInstrument | tradedBtn","chromium-SCB-de-unauthorised","2026-09-30","passed","2026-09-30","","cta/generated.cta.spec.js","",""
"","9136","cryptocurrencies page | tradingInstrument | tradedBtn","chromium-SCB-mn-unregistered","2026-09-30","passed","2026-09-30","","cta/generated.cta.spec.js","",""
"","7303","forex page | heroBanner | signupBtn","chromium-SCB-de-unregistered","2026-09-30","passed","2026-09-30","","cta/generated.cta.spec.js","",""
"","7510","shares page | tradingInstrument | shortPositionGoToPlatformBtn","chromium-SCB-en-unregistered","2026-09-30","passed","2026-09-30","","cta/generated.cta.spec.js","",""
"","6986","indices page | tradingInstrument | readyToJoinSignUpBtn","chromium-CMA-en-unregistered","2026-09-30","passed","2026-09-30","","cta/generated.cta.spec.js","",""
"","7591","bonds page | heroBanner | signupBtn","chromium-CySEC-it-it-unregistered","2026-09-30","passed","2026-09-30","","cta/generated.cta.spec.js","",""
"","7956","markets page | tradingInstrument | addToFavouriteBtn","chromium-SCB-es-unauthorised","2026-09-30","passed","2026-09-30","","cta/generated.cta.spec.js","",""
"","7258","markets page | tradingInstrument | viewDetailedChartBtn","chromium-SCB-en-unauthorised","2026-09-30","passed","2026-09-30","","cta/generated.cta.spec.js","",""
"","4740","shares page | tradingInstrument | longPositionGoToPlatformBtn","chromium-SCB-zh-hans-unregistered","2026-09-30","passed","2026-09-30","","cta/generated.cta.spec.js","",""
"","7899","markets page | tradingInstrument | viewDetailedChartBtn","chromium-CySEC-ro-ro-unauthorised","2026-09-30","passed","2026-09-30","","cta/generated.cta.spec.js","",""
"","7305","commodities page | tradingInstrument | shortPositionGoToPlatformBtn","chromium-CySEC-en-eu-unregistered","2026-09-30","passed","2026-09-30","","cta/generated.cta.spec.js","",""
"","7505","bonds page | tradingInstrument | sellBtn","chromium-SCB-de-unregistered","2026-09-30","passed","2026-09-30","","cta/generated.cta.spec.js","",""
"","7544","markets page | tradingInstrument | longPositionGoToPlatformBtn","chromium-CySEC-it-it-unregistered","2026-09-30","passed","2026-09-30","","cta/generated.cta.spec.js","",""
"","7093","shares page | tradingInstrument | sellBtn","chromium-CMA-ar-unauthorised","2026-09-30","passed","2026-09-30","","cta/generated.cta.spec.js","",""
"","8867","shares page | tradingInstrument | addToFavouriteBtn","chromium-CySEC-fr-fr-unregistered","2026-09-30","passed","2026-09-30","","cta/generated.cta.spec.js","",""
"","6918","forex page | tradingInstrument | viewDetailedChartBtn","chromium-CMA-en-unauthorised","2026-09-30","passed","2026-09-30","","cta/generated.cta.spec.js","",""
"","6954","indices page | heroBanner | signupBtn","chromium-ASIC-en-unauthorised","2026-09-30","passed","2026-09-30","","cta/generated.cta.spec.js","",""
"","9944","forex page | tradingInstrument | tradedBtn","chromium-CySEC-de-de-unauthorised","2026-09-30","passed","2026-09-30","","cta/generated.cta.spec.js","",""
"","7094","commodities page | tradingInstrument | buyBtn","chromium-FCA-en-unauthorised","2026-09-30","passed","2026-09-30","","cta/generated.cta.spec.js","",""
"","7522","cryptocurrencies page | tradingInstrument | sellBtn","chromium-CySEC-de-at-unregistered","2026-09-30","passed","2026-09-30","","cta/generated.cta.spec.js","",""
"","6806","indices page | tradingInstrument | alertBtn","chromium-CMA-ar-unregistered","2026-09-30","passed","2026-09-30","","cta/generated.cta.spec.js","",""
"","9158","bonds page | tradingInstrument | tradedBtn","chromium-SCB-fr-unregistered","2026-09-30","passed","2026-09-30","","cta/generated.cta.spec.js","",""
"","7626","markets page | tradingInstrument | longPositionGoToPlatformBtn","chromium-SCB-ru-unregistered","2026-09-30","passed","2026-09-30","","cta/generated.cta.spec.js","",""
"","7566","forex page | tradingInstrument | longPositionGoToPlatformBtn","chromium-SCB-zh-hant-unauthorised","2026-09-30","passed","2026-09-30","","cta/generated.cta.spec.js","",""
"","7142","cryptocurrencies page | tradingInstrument | viewDetailedChartBtn","chromium-ASIC-en-unauthorised","2026-09-30","passed","2026-09-30","","cta/generated.cta.spec.js","",""
"","7471","markets page | tradingInstrument | readyToJoinSignUpBtn","chromium-CySEC-nl-nl-unregistered","2026-09-30","passed","2026-09-30","","cta/generated.cta.spec.js","",""
"","7872","forex page | tradingInstrument | addToFavouriteBtn","chromium-CySEC-fr-fr-unauthorised","2026-09-30","passed","2026-09-30","","cta/generated.cta.spec.js","",""
"","7199","forex page | tradingInstrument | readyToJoinSignUpBtn","chromium-CySEC-ro-ro-unregistered","2026-09-30","passed","2026-09-30","","cta/generated.cta.spec.js","",""
"","6976","bonds page | tradingInstrument | shortPositionGoToPlatformBtn","chromium-CMA-en-unregistered","2026-09-30","passed","2026-09-30","","cta/generated.cta.spec.js","",""
"","7412","interestRates page | tradingInstrument | sellBtn","chromium-CySEC-el-gr-unregistered","2026-09-30","passed","2026-09-30","","cta/generated.cta.spec.js","",""
"","7312","forex page | tradingInstrument | sellBtn","chromium-SCB-fr-unregistered","2026-09-30","passed","2026-09-30","","cta/generated.cta.spec.js","",""
"","7485","cryptocurrencies page | tradingInstrument | viewDetailedChartBtn","chromium-SCB-de-unregistered","2026-09-30","passed","2026-09-30","","cta/generated.cta.spec.js","",""
"","6836","marketPricing page | readyToJoinBlock | signupBtn","chromium-CySEC-el-gr-unauthorised","2026-09-30","passed","2026-09-30","","cta/generated.cta.spec.js","",""
"","7498","markets page | tradingInstrument | sellBtn","chromium-CySEC-el-gr-unregistered","2026-09-30","passed","2026-09-30","","cta/generated.cta.spec.js","",""
"","7743","indices page | tradingInstrument | shortPositionGoToPlatformBtn","chromium-CySEC-pl-pl-unauthorised","2026-09-30","passed","2026-09-30","","cta/generated.cta.spec.js","",""
"","7752","commodities page | tradingInstrument | viewDetailedChartBtn","chromium-SCB-de-unauthorised","2026-09-30","passed","2026-09-30","","cta/generated.cta.spec.js","",""
"","6971","commodities page | heroBanner | signupBtn","chromium-SCB-ar-unauthorised","2026-09-30","passed","2026-09-30","","cta/generated.cta.spec.js","",""
"","7361","bonds page | tradingInstrument | readyToJoinSignUpBtn","chromium-SCB-ru-unauthorised","2026-09-30","passed","2026-09-30","","cta/generated.cta.spec.js","",""
"","4926","interestRates page | tradingInstrument | sellBtn","chromium-SCB-zh-hans-unauthorised","2026-09-30","passed","2026-09-30","","cta/generated.cta.spec.js","",""
"","7233","markets page | tradingInstrument | alertBtn","chromium-CySEC-de-de-unregistered","2026-09-30","passed","2026-09-30","","cta/generated.cta.spec.js","",""
"","7252","interestRates page | tradingInstrument | longPositionGoToPlatformBtn","chromium-SCB-fr-unregistered","2026-09-30","passed","2026-09-30","","cta/generated.cta.spec.js","",""
"","7283","interestRates page | tradingInstrument | sellBtn","chromium-SCB-de-unregistered","2026-09-30","passed","2026-09-30","","cta/generated.cta.spec.js","",""
"","6717","interestRates page | tradingInstrument | alertBtn","chromium-FCA-en-unregistered","2026-09-30","passed","2026-09-30","","cta/generated.cta.spec.js","",""
"","7891","shares page | tradingInstrument | longPositionGoToPlatformBtn","chromium-SCB-vi-unauthorised","2026-09-30","passed","2026-09-30","","cta/generated.cta.spec.js","",""
"","7351","forex page | tradingInstrument | shortPositionGoToPlatformBtn","chromium-SCB-vi-unregistered","2026-09-30","passed","2026-09-30","","cta/generated.cta.spec.js","",""
"","7827","forex page | tradingInstrument | buyBtn","chromium-CySEC-de-at-unregistered","2026-09-30","passed","2026-09-30","","cta/generated.cta.spec.js","",""
"","7162","interestRates page | tradingInstrument | viewDetailedChartBtn","chromium-SCB-ru-unregistered","2026-09-30","passed","2026-09-30","","cta/generated.cta.spec.js","",""
"","7282","cryptocurrencies page | tradingInstrument | sellBtn","chromium-SCB-mn-unregistered","2026-09-30","passed","2026-09-30","","cta/generated.cta.spec.js","",""
"","9049","bonds page | tradingInstrument | buyBtn","chromium-CySEC-el-gr-unauthorised","2026-09-30","passed","2026-09-30","","cta/generated.cta.spec.js","",""
"","7361","shares page | tradingInstrument | readyToJoinSignUpBtn","chromium-SCB-es-unregistered","2026-09-30","passed","2026-09-30","","cta/generated.cta.spec.js","",""
"","7135","commodities page | tradingInstrument | addToFavouriteBtn","chromium-ASIC-en-unauthorised","2026-09-30","passed","2026-09-30","","cta/generated.cta.spec.js","",""
"","6858","shares page | tradingInstrument | shortPositionGoToPlatformBtn","chromium-FCA-en-unauthorised","2026-09-30","passed","2026-09-30","","cta/generated.cta.spec.js","",""
"","7326","commodities page | tradingInstrument | alertBtn","chromium-SCB-mn-unregistered","2026-09-30","passed","2026-09-30","","cta/generated.cta.spec.js","",""
"","7475","forex page | tradingInstrument | longPositionGoToPlatformBtn","chromium-SCB-en-unauthorised","2026-09-30","passed","2026-09-30","","cta/generated.cta.spec.js","",""
"","7637","commodities page | tradingInstrument | sellBtn","chromium-CySEC-hu-hu-unauthorised","2026-09-30","passed","2026-09-30","","cta/generated.cta.spec.js","",""
"","6981","markets page | tradingInstrument | sellBtn","chromium-CMA-en-unauthorised","2026-09-30","passed","2026-09-30","","cta/generated.cta.spec.js","",""
"","3336","forex page | tradingInstrument | shortPositionGoToPlatformBtn","chromium-SCB-zh-hans-unregistered","2026-09-30","passed","2026-09-30","","cta/generated.cta.spec.js","",""
"","7358","bonds page | tradingInstrument | shortPositionGoToPlatformBtn","chromium-SCB-en-unauthorised","2026-09-30","passed","2026-09-30","","cta/generated.cta.spec.js","",""
"","7294","indices page | tradingInstrument | readyToJoinSignUpBtn","chromium-CySEC-hu-hu-unregistered","2026-09-30","passed","2026-09-30","","cta/generated.cta.spec.js","",""
"","7891","commodities page | tradingInstrument | sellBtn","chromium-SCB-fr-unauthorised","2026-09-30","passed","2026-09-30","","cta/generated.cta.spec.js","",""
"","7608","commodities page | tradingInstrument | addToFavouriteBtn","chromium-CySEC-nl-nl-unauthorised","2026-09-30","passed","2026-09-30","","cta/generated.cta.spec.js","",""
"","6975","shares page | tradingInstrument | readyToJoinSignUpBtn","chromium-CMA-en-unregistered","2026-09-30","passed","2026-09-30","","cta/generated.cta.spec.js","",""
"","4684","markets page | tradingInstrument | addToFavouriteBtn","chromium-SCB-zh-hans-unregistered","2026-09-30","passed","2026-09-30","","cta/generated.cta.spec.js","",""
"","6977","markets page | heroBanner | signupBtn","chromium-SCB-fr-unauthorised","2026-09-30","passed","2026-09-30","","cta/generated.cta.spec.js","",""
"","6926","forex page | tradingInstrument | buyBtn","chromium-FCA-en-unregistered","2026-09-30","passed","2026-09-30","","cta/generated.cta.spec.js","",""
"","7036","commodities page | heroBanner | signupBtn","chromium-CySEC-hu-hu-unauthorised","2026-09-30","passed","2026-09-30","","cta/generated.cta.spec.js","",""
"","7430","interestRates page | tradingInstrument | addToFavouriteBtn","chromium-CySEC-ro-ro-unauthorised","2026-09-30","passed","2026-09-30","","cta/generated.cta.spec.js","",""
"","7581","markets page | tradingInstrument | addToFavouriteBtn","chromium-CySEC-ro-ro-unauthorised","2026-09-30","passed","2026-09-30","","cta/generated.cta.spec.js","",""
"","7688","shares page | tradingInstrument | addToFavouriteBtn","chromium-SCB-ru-unregistered","2026-09-30","passed","2026-09-30","","cta/generated.cta.spec.js","",""
"","7261","bonds page | tradingInstrument | viewDetailedChartBtn","chromium-SCB-de-unregistered","2026-09-30","passed","2026-09-30","","cta/generated.cta.spec.js","",""
"","7381","cryptocurrencies page | tradingInstrument | longPositionGoToPlatformBtn","chromium-SCB-en-unauthorised","2026-09-30","passed","2026-09-30","","cta/generated.cta.spec.js","",""
"","7368","shares page | tradingInstrument | buyBtn","chromium-SCB-zh-hant-unregistered","2026-09-30","passed","2026-09-30","","cta/generated.cta.spec.js","",""
"","7400","indices page | tradingInstrument | shortPositionGoToPlatformBtn","chromium-SCB-ru-unregistered","2026-09-30","passed","2026-09-30","","cta/generated.cta.spec.js","",""
"","7870","shares page | tradingInstrument | shortPositionGoToPlatformBtn","chromium-CySEC-it-it-unauthorised","2026-09-30","passed","2026-09-30","","cta/generated.cta.spec.js","",""
"","7617","shares page | tradingInstrument | shortPositionGoToPlatformBtn","chromium-SCB-mn-unregistered","2026-09-30","passed","2026-09-30","","cta/generated.cta.spec.js","",""
"","7621","indices page | tradingInstrument | longPositionGoToPlatformBtn","chromium-SCB-ru-unauthorised","2026-09-30","passed","2026-09-30","","cta/generated.cta.spec.js","",""
"","6852","indices page | tradingInstrument | addToFavouriteBtn","chromium-CMA-ar-unauthorised","2026-09-30","passed","2026-09-30","","cta/generated.cta.spec.js","",""
"","9333","commodities page | tradingInstrument | tradedBtn","chromium-CySEC-ro-ro-unregistered","2026-09-30","passed","2026-09-30","","cta/generated.cta.spec.js","",""
"","6755","commodities page | tradingInstrument | viewDetailedChartBtn","chromium-CMA-en-unregistered","2026-09-30","passed","2026-09-30","","cta/generated.cta.spec.js","",""
"","7969","commodities page | tradingInstrument | sellBtn","chromium-CySEC-pl-pl-unregistered","2026-09-30","passed","2026-09-30","","cta/generated.cta.spec.js","",""
"","7068","markets page | heroBanner | signupBtn","chromium-SCB-de-unauthorised","2026-09-30","passed","2026-09-30","","cta/generated.cta.spec.js","",""
"","7486","commodities page | tradingInstrument | addToFavouriteBtn","chromium-SCB-de-unregistered","2026-09-30","passed","2026-09-30","","cta/generated.cta.spec.js","",""
"","7719","commodities page | tradingInstrument | buyBtn","chromium-CySEC-de-at-unauthorised","2026-09-30","passed","2026-09-30","","cta/generated.cta.spec.js","",""
"","8045","markets page | tradingInstrument | buyBtn","chromium-CySEC-fr-fr-unauthorised","2026-09-30","passed","2026-09-30","","cta/generated.cta.spec.js","",""
"","7220","bonds page | tradingInstrument | longPositionGoToPlatformBtn","chromium-CySEC-fr-fr-unregistered","2026-09-30","passed","2026-09-30","","cta/generated.cta.spec.js","",""
"","7502","interestRates page | tradingInstrument | shortPositionGoToPlatformBtn","chromium-SCB-ru-unauthorised","2026-09-30","passed","2026-09-30","","cta/generated.cta.spec.js","",""
"","7299","forex page | tradingInstrument | readyToJoinSignUpBtn","chromium-CySEC-el-gr-unregistered","2026-09-30","passed","2026-09-30","","cta/generated.cta.spec.js","",""
"","6937","cryptocurrencies page | tradingInstrument | alertBtn","chromium-CMA-ar-unauthorised","2026-09-30","passed","2026-09-30","","cta/generated.cta.spec.js","",""
"","7088","bonds page | tradingInstrument | readyToJoinSignUpBtn","chromium-CySEC-it-it-unregistered","2026-09-30","passed","2026-09-30","","cta/generated.cta.spec.js","",""
"","7624","forex page | tradingInstrument | sellBtn","chromium-CySEC-fr-fr-unregistered","2026-09-30","passed","2026-09-30","","cta/generated.cta.spec.js","",""
"","7970","shares page | tradingInstrument | shortPositionGoToPlatformBtn","chromium-SCB-zh-hant-unauthorised","2026-09-30","passed","2026-09-30","","cta/generated.cta.spec.js","",""
"","7428","markets page | tradingInstrument | readyToJoinSignUpBtn","chromium-SCB-mn-unauthorised","2026-09-30","passed","2026-09-30","","cta/generated.cta.spec.js","",""
"","6716","interestRates page | tradingInstrument | addToFavouriteBtn","chromium-CMA-ar-unauthorised","2026-09-30","passed","2026-09-30","","cta/generated.cta.spec.js","",""
"","7541","bonds page | tradingInstrument | longPositionGoToPlatformBtn","chromium-SCB-de-unregistered","2026-09-30","passed","2026-09-30","","cta/generated.cta.spec.js","",""
"","7583","indices page | tradingInstrument | readyToJoinSignUpBtn","chromium-CySEC-fr-fr-unauthorised","2026-09-30","passed","2026-09-30","","cta/generated.cta.spec.js","",""
"","6967","bonds page | tradingInstrument | sellBtn","chromium-CMA-ar-unregistered","2026-09-30","passed","2026-09-30","","cta/generated.cta.spec.js","",""
"","7707","cryptocurrencies page | tradingInstrument | alertBtn","chromium-CySEC-ro-ro-unauthorised","2026-09-30","passed","2026-09-30","","cta/generated.cta.spec.js","",""
"","7703","cryptocurrencies page | tradingInstrument | addToFavouriteBtn","chromium-SCB-en-unregistered","2026-09-30","passed","2026-09-30","","cta/generated.cta.spec.js","",""
"","8335","commodities page | tradingInstrument | buyBtn","chromium-CySEC-el-gr-unauthorised","2026-09-30","passed","2026-09-30","","cta/generated.cta.spec.js","",""
"","7374","forex page | tradingInstrument | shortPositionGoToPlatformBtn","chromium-SCB-ar-unregistered","2026-09-30","passed","2026-09-30","","cta/generated.cta.spec.js","",""
"","7580","interestRates page | tradingInstrument | alertBtn","chromium-SCB-ar-unauthorised","2026-09-30","passed","2026-09-30","","cta/generated.cta.spec.js","",""
"","6777","marketAnalysis page | mostTradedMarketsBlock | tradedBtn","chromium-CySEC-pl-pl-unregistered","2026-09-30","passed","2026-09-30","","cta/generated.cta.spec.js","",""
"","8041","indices page | tradingInstrument | buyBtn","chromium-CySEC-nl-nl-unauthorised","2026-09-30","passed","2026-09-30","","cta/generated.cta.spec.js","",""
"","9433","cryptocurrencies page | tradingInstrument | tradedBtn","chromium-SCB-ar-unregistered","2026-09-30","passed","2026-09-30","","cta/generated.cta.spec.js","",""
"","9015","interestRates page | tradingInstrument | tradedBtn","chromium-SCB-ru-unregistered","2026-09-30","passed","2026-09-30","","cta/generated.cta.spec.js","",""
"","7426","commodities page | tradingInstrument | viewDetailedChartBtn","chromium-SCB-ru-unauthorised","2026-09-30","passed","2026-09-30","","cta/generated.cta.spec.js","",""
"","12558","forex page | tradingInstrument | tradedBtn","chromium-CySEC-ro-ro-unauthorised","2026-09-30","failed","2026-09-30","","cta/generated.cta.spec.js","",""
"","7152","forex page | tradingInstrument | viewDetailedChartBtn","chromium-SCB-vi-unregistered","2026-09-30","passed","2026-09-30","","cta/generated.cta.spec.js","",""
"","7180","commodities page | tradingInstrument | viewDetailedChartBtn","chromium-SCB-ar-unregistered","2026-09-30","passed","2026-09-30","","cta/generated.cta.spec.js","",""
"","6934","cryptocurrencies page | heroBanner | signupBtn","chromium-SCB-vi-unregistered","2026-09-30","passed","2026-09-30","","cta/generated.cta.spec.js","",""
"","6785","indices page | tradingInstrument | shortPositionGoToPlatformBtn","chromium-CMA-en-unauthorised","2026-09-30","passed","2026-09-30","","cta/generated.cta.spec.js","",""
"","7876","shares page | tradingInstrument | shortPositionGoToPlatformBtn","chromium-CySEC-en-eu-unauthorised","2026-09-30","passed","2026-09-30","","cta/generated.cta.spec.js","",""
"","7301","markets page | tradingInstrument | readyToJoinSignUpBtn","chromium-CySEC-de-at-unregistered","2026-09-30","passed","2026-09-30","","cta/generated.cta.spec.js","",""
"","7540","markets page | tradingInstrument | shortPositionGoToPlatformBtn","chromium-CySEC-el-gr-unauthorised","2026-09-30","passed","2026-09-30","","cta/generated.cta.spec.js","",""
"","5001","shares page | tradingInstrument | shortPositionGoToPlatformBtn","chromium-SCB-zh-hans-unauthorised","2026-09-30","passed","2026-09-30","","cta/generated.cta.spec.js","",""
"","4954","bonds page | tradingInstrument | readyToJoinSignUpBtn","chromium-SCB-zh-hans-unauthorised","2026-09-30","passed","2026-09-30","","cta/generated.cta.spec.js","",""
"","10126","shares page | tradingInstrument | tradedBtn","chromium-CySEC-pl-pl-unauthorised","2026-09-30","passed","2026-09-30","","cta/generated.cta.spec.js","",""
"","7432","forex page | tradingInstrument | alertBtn","chromium-SCB-vi-unauthorised","2026-09-30","passed","2026-09-30","","cta/generated.cta.spec.js","",""
"","7193","bonds page | heroBanner | signupBtn","chromium-CySEC-hu-hu-unauthorised","2026-09-30","passed","2026-09-30","","cta/generated.cta.spec.js","",""
"","7348","indices page | tradingInstrument | shortPositionGoToPlatformBtn","chromium-CySEC-ro-ro-unregistered","2026-09-30","passed","2026-09-30","","cta/generated.cta.spec.js","",""
"","7248","shares page | heroBanner | signupBtn","chromium-ASIC-en-unregistered","2026-09-30","passed","2026-09-30","","cta/generated.cta.spec.js","",""
"","3408","markets page | tradingInstrument | longPositionGoToPlatformBtn","chromium-SCB-zh-hans-unregistered","2026-09-30","passed","2026-09-30","","cta/generated.cta.spec.js","",""
"","9338","shares page | tradingInstrument | tradedBtn","chromium-CySEC-hu-hu-unregistered","2026-09-30","passed","2026-09-30","","cta/generated.cta.spec.js","",""
"","7608","interestRates page | tradingInstrument | readyToJoinSignUpBtn","chromium-CySEC-ro-ro-unauthorised","2026-09-30","passed","2026-09-30","","cta/generated.cta.spec.js","",""
"","7124","interestRates page | tradingInstrument | longPositionGoToPlatformBtn","chromium-CySEC-fr-fr-unregistered","2026-09-30","passed","2026-09-30","","cta/generated.cta.spec.js","",""
"","7842","forex page | tradingInstrument | longPositionGoToPlatformBtn","chromium-CMA-en-unregistered","2026-09-30","passed","2026-09-30","","cta/generated.cta.spec.js","",""
"","3293","commodities page | tradingInstrument | sellBtn","chromium-SCB-zh-hans-unregistered","2026-09-30","passed","2026-09-30","","cta/generated.cta.spec.js","",""
"","8673","cryptocurrencies page | tradingInstrument | shortPositionGoToPlatformBtn","chromium-CySEC-it-it-unauthorised","2026-09-30","passed","2026-09-30","","cta/generated.cta.spec.js","",""
"","7354","forex page | tradingInstrument | shortPositionGoToPlatformBtn","chromium-SCB-ru-unregistered","2026-09-30","passed","2026-09-30","","cta/generated.cta.spec.js","",""
"","7187","interestRates page | tradingInstrument | shortPositionGoToPlatformBtn","chromium-FCA-en-unregistered","2026-09-30","passed","2026-09-30","","cta/generated.cta.spec.js","",""
"","8709","indices page | tradingInstrument | buyBtn","chromium-SCB-es-unauthorised","2026-09-30","passed","2026-09-30","","cta/generated.cta.spec.js","",""
"","7754","shares page | tradingInstrument | longPositionGoToPlatformBtn","chromium-CySEC-de-de-unauthorised","2026-09-30","passed","2026-09-30","","cta/generated.cta.spec.js","",""
"","12525","commodities page | tradingInstrument | tradedBtn","chromium-SCB-ar-unauthorised","2026-09-30","failed","2026-09-30","","cta/generated.cta.spec.js","",""
"","7761","interestRates page | tradingInstrument | addToFavouriteBtn","chromium-CySEC-nl-nl-unauthorised","2026-09-30","passed","2026-09-30","","cta/generated.cta.spec.js","",""
"","7221","indices page | tradingInstrument | alertBtn","chromium-CySEC-nl-nl-unregistered","2026-09-30","passed","2026-09-30","","cta/generated.cta.spec.js","",""
"","9598","shares page | tradingInstrument | alertBtn","chromium-CySEC-it-it-unauthorised","2026-09-30","passed","2026-09-30","","cta/generated.cta.spec.js","",""
"","7249","bonds page | tradingInstrument | longPositionGoToPlatformBtn","chromium-CySEC-it-it-unregistered","2026-09-30","passed","2026-09-30","","cta/generated.cta.spec.js","",""
"","7514","forex page | tradingInstrument | longPositionGoToPlatformBtn","chromium-CySEC-el-gr-unauthorised","2026-09-30","passed","2026-09-30","","cta/generated.cta.spec.js","",""
"","7375","interestRates page | tradingInstrument | addToFavouriteBtn","chromium-SCB-en-unauthorised","2026-09-30","passed","2026-09-30","","cta/generated.cta.spec.js","",""
"","12436","indices page | tradingInstrument | tradedBtn","chromium-SCB-es-unauthorised","2026-09-30","failed","2026-09-30","","cta/generated.cta.spec.js","",""
"","7745","shares page | tradingInstrument | longPositionGoToPlatformBtn","chromium-CySEC-pl-pl-unauthorised","2026-09-30","passed","2026-09-30","","cta/generated.cta.spec.js","",""
"","7079","indices page | tradingInstrument | buyBtn","chromium-CMA-ar-unregistered","2026-09-30","passed","2026-09-30","","cta/generated.cta.spec.js","",""
"","7410","bonds page | tradingInstrument | addToFavouriteBtn","chromium-CySEC-hu-hu-unauthorised","2026-09-30","passed","2026-09-30","","cta/generated.cta.spec.js","",""
"","7213","shares page | tradingInstrument | viewDetailedChartBtn","chromium-SCB-zh-hant-unregistered","2026-09-30","passed","2026-09-30","","cta/generated.cta.spec.js","",""
"","7690","markets page | tradingInstrument | alertBtn","chromium-CySEC-en-eu-unauthorised","2026-09-30","passed","2026-09-30","","cta/generated.cta.spec.js","",""
"","7027","interestRates page | tradingInstrument | viewDetailedChartBtn","chromium-SCB-vi-unregistered","2026-09-30","passed","2026-09-30","","cta/generated.cta.spec.js","",""
"","7913","forex page | tradingInstrument | buyBtn","chromium-CySEC-pl-pl-unauthorised","2026-09-30","passed","2026-09-30","","cta/generated.cta.spec.js","",""
"","7554","markets page | tradingInstrument | buyBtn","chromium-CySEC-ro-ro-unregistered","2026-09-30","passed","2026-09-30","","cta/generated.cta.spec.js","",""
"","8086","cryptocurrencies page | tradingInstrument | buyBtn","chromium-SCB-de-unauthorised","2026-09-30","passed","2026-09-30","","cta/generated.cta.spec.js","",""
"","8149","commodities page | tradingInstrument | readyToJoinSignUpBtn","chromium-SCB-ar-unauthorised","2026-09-30","passed","2026-09-30","","cta/generated.cta.spec.js","",""
"","6297","forex page | heroBanner | signupBtn","chromium-CMA-ar-unregistered","2026-09-30","passed","2026-09-30","","cta/generated.cta.spec.js","",""
"","7228","shares page | tradingInstrument | longPositionGoToPlatformBtn","chromium-CMA-en-unregistered","2026-09-30","passed","2026-09-30","","cta/generated.cta.spec.js","",""
"","7279","markets page | tradingInstrument | readyToJoinSignUpBtn","chromium-CySEC-el-gr-unauthorised","2026-09-30","passed","2026-09-30","","cta/generated.cta.spec.js","",""
"","7337","bonds page | tradingInstrument | sellBtn","chromium-CySEC-it-it-unregistered","2026-09-30","passed","2026-09-30","","cta/generated.cta.spec.js","",""
"","7535","bonds page | tradingInstrument | shortPositionGoToPlatformBtn","chromium-SCB-zh-hant-unauthorised","2026-09-30","passed","2026-09-30","","cta/generated.cta.spec.js","",""
"","7315","commodities page | heroBanner | signupBtn","chromium-SCB-es-unregistered","2026-09-30","passed","2026-09-30","","cta/generated.cta.spec.js","",""
"","7309","forex page | tradingInstrument | readyToJoinSignUpBtn","chromium-SCB-es-unregistered","2026-09-30","passed","2026-09-30","","cta/generated.cta.spec.js","",""
"","7712","markets page | tradingInstrument | sellBtn","chromium-SCB-de-unauthorised","2026-09-30","passed","2026-09-30","","cta/generated.cta.spec.js","",""
"","7035","indices page | heroBanner | signupBtn","chromium-ASIC-en-unregistered","2026-09-30","passed","2026-09-30","","cta/generated.cta.spec.js","",""
"","7475","markets page | tradingInstrument | viewDetailedChartBtn","chromium-SCB-es-unregistered","2026-09-30","passed","2026-09-30","","cta/generated.cta.spec.js","",""
"","7217","markets page | tradingInstrument | buyBtn","chromium-CMA-en-unauthorised","2026-09-30","passed","2026-09-30","","cta/generated.cta.spec.js","",""
"","7099","cryptocurrencies page | tradingInstrument | alertBtn","chromium-CMA-en-unregistered","2026-09-30","passed","2026-09-30","","cta/generated.cta.spec.js","",""
"","8333","markets page | tradingInstrument | alertBtn","chromium-SCB-mn-unauthorised","2026-09-30","passed","2026-09-30","","cta/generated.cta.spec.js","",""
"","8639","bonds page | tradingInstrument | buyBtn","chromium-SCB-ar-unauthorised","2026-09-30","passed","2026-09-30","","cta/generated.cta.spec.js","",""
"","7573","markets page | tradingInstrument | viewDetailedChartBtn","chromium-CySEC-pl-pl-unauthorised","2026-09-30","passed","2026-09-30","","cta/generated.cta.spec.js","",""
"","7305","shares page | tradingInstrument | buyBtn","chromium-SCB-vi-unregistered","2026-09-30","passed","2026-09-30","","cta/generated.cta.spec.js","",""
"","7501","forex page | tradingInstrument | sellBtn","chromium-CySEC-hu-hu-unregistered","2026-09-30","passed","2026-09-30","","cta/generated.cta.spec.js","",""
"","6389","interestRates page | heroBanner | signupBtn","chromium-CMA-en-unregistered","2026-09-30","passed","2026-09-30","","cta/generated.cta.spec.js","",""
"","7558","commodities page | tradingInstrument | longPositionGoToPlatformBtn","chromium-SCB-fr-unregistered","2026-09-30","passed","2026-09-30","","cta/generated.cta.spec.js","",""
"","7742","shares page | tradingInstrument | readyToJoinSignUpBtn","chromium-SCB-ar-unauthorised","2026-09-30","passed","2026-09-30","","cta/generated.cta.spec.js","",""
"","48","marketAnalysis page | mostTradedMarketsBlock | tradedBtn","chromium-SCB-mn-unauthorised","2026-09-30","skipped","2026-09-30","","cta/generated.cta.spec.js","",""
"","7485","interestRates page | tradingInstrument | longPositionGoToPlatformBtn","chromium-SCB-mn-unauthorised","2026-09-30","passed","2026-09-30","","cta/generated.cta.spec.js","",""
"","7262","indices page | tradingInstrument | viewDetailedChartBtn","chromium-CySEC-fr-fr-unregistered","2026-09-30","passed","2026-09-30","","cta/generated.cta.spec.js","",""
"","7837","bonds page | tradingInstrument | addToFavouriteBtn","chromium-CySEC-fr-fr-unauthorised","2026-09-30","passed","2026-09-30","","cta/generated.cta.spec.js","",""
"","4936","bonds page | tradingInstrument | buyBtn","chromium-SCB-zh-hans-unauthorised","2026-09-30","passed","2026-09-30","","cta/generated.cta.spec.js","",""
"","7873","cryptocurrencies page | tradingInstrument | longPositionGoToPlatformBtn","chromium-SCB-ar-unauthorised","2026-09-30","passed","2026-09-30","","cta/generated.cta.spec.js","",""
"","7487","bonds page | tradingInstrument | alertBtn","chromium-SCB-zh-hant-unauthorised","2026-09-30","passed","2026-09-30","","cta/generated.cta.spec.js","",""
"","7250","commodities page | tradingInstrument | longPositionGoToPlatformBtn","chromium-SCB-vi-unregistered","2026-09-30","passed","2026-09-30","","cta/generated.cta.spec.js","",""
"","7494","markets page | tradingInstrument | addToFavouriteBtn","chromium-SCB-vi-unauthorised","2026-09-30","passed","2026-09-30","","cta/generated.cta.spec.js","",""
"","7263","bonds page | tradingInstrument | longPositionGoToPlatformBtn","chromium-CySEC-de-at-unauthorised","2026-09-30","passed","2026-09-30","","cta/generated.cta.spec.js","",""
"","7330","forex page | heroBanner | signupBtn","chromium-SCB-mn-unauthorised","2026-09-30","passed","2026-09-30","","cta/generated.cta.spec.js","",""
"","8156","indices page | tradingInstrument | buyBtn","chromium-CySEC-en-eu-unauthorised","2026-09-30","passed","2026-09-30","","cta/generated.cta.spec.js","",""
"","7577","cryptocurrencies page | tradingInstrument | addToFavouriteBtn","chromium-SCB-de-unregistered","2026-09-30","passed","2026-09-30","","cta/generated.cta.spec.js","",""
"","7237","markets page | tradingInstrument | alertBtn","chromium-CySEC-nl-nl-unregistered","2026-09-30","passed","2026-09-30","","cta/generated.cta.spec.js","",""
"","6930","commodities page | tradingInstrument | alertBtn","chromium-CMA-ar-unregistered","2026-09-30","passed","2026-09-30","","cta/generated.cta.spec.js","",""
"","7922","markets page | tradingInstrument | addToFavouriteBtn","chromium-CySEC-pl-pl-unregistered","2026-09-30","passed","2026-09-30","","cta/generated.cta.spec.js","",""
"","7286","bonds page | tradingInstrument | viewDetailedChartBtn","chromium-CySEC-el-gr-unregistered","2026-09-30","passed","2026-09-30","","cta/generated.cta.spec.js","",""
"","7163","markets page | heroBanner | signupBtn","chromium-CySEC-nl-nl-unauthorised","2026-09-30","passed","2026-09-30","","cta/generated.cta.spec.js","",""
"","7829","commodities page | tradingInstrument | addToFavouriteBtn","chromium-CySEC-hu-hu-unregistered","2026-09-30","passed","2026-09-30","","cta/generated.cta.spec.js","",""
"","9178","forex page | tradingInstrument | tradedBtn","chromium-CySEC-de-at-unauthorised","2026-09-30","passed","2026-09-30","","cta/generated.cta.spec.js","",""
"","8255","forex page | tradingInstrument | readyToJoinSignUpBtn","chromium-SCB-fr-unauthorised","2026-09-30","passed","2026-09-30","","cta/generated.cta.spec.js","",""
"","5375","shares page | tradingInstrument | alertBtn","chromium-SCB-zh-hans-unauthorised","2026-09-30","passed","2026-09-30","","cta/generated.cta.spec.js","",""
"","7099","bonds page | tradingInstrument | viewDetailedChartBtn","chromium-SCB-mn-unregistered","2026-09-30","passed","2026-09-30","","cta/generated.cta.spec.js","",""
"","7897","interestRates page | tradingInstrument | buyBtn","chromium-CySEC-it-it-unauthorised","2026-09-30","passed","2026-09-30","","cta/generated.cta.spec.js","",""
"","7828","interestRates page | tradingInstrument | buyBtn","chromium-CySEC-ro-ro-unauthorised","2026-09-30","passed","2026-09-30","","cta/generated.cta.spec.js","",""
"","7384","shares page | tradingInstrument | readyToJoinSignUpBtn","chromium-CySEC-hu-hu-unauthorised","2026-09-30","passed","2026-09-30","","cta/generated.cta.spec.js","",""
"","7563","cryptocurrencies page | tradingInstrument | buyBtn","chromium-CySEC-el-gr-unregistered","2026-09-30","passed","2026-09-30","","cta/generated.cta.spec.js","",""
"","7827","commodities page | tradingInstrument | longPositionGoToPlatformBtn","chromium-CySEC-ro-ro-unauthorised","2026-09-30","passed","2026-09-30","","cta/generated.cta.spec.js","",""
"","6955","shares page | tradingInstrument | viewDetailedChartBtn","chromium-FCA-en-unauthorised","2026-09-30","passed","2026-09-30","","cta/generated.cta.spec.js","",""
"","7061","commodities page | tradingInstrument | viewDetailedChartBtn","chromium-SCB-en-unauthorised","2026-09-30","passed","2026-09-30","","cta/generated.cta.spec.js","",""
"","4878","interestRates page | tradingInstrument | readyToJoinSignUpBtn","chromium-SCB-zh-hans-unauthorised","2026-09-30","passed","2026-09-30","","cta/generated.cta.spec.js","",""
"","7276","commodities page | heroBanner | signupBtn","chromium-CySEC-it-it-unregistered","2026-09-30","passed","2026-09-30","","cta/generated.cta.spec.js","",""
"","7633","markets page | tradingInstrument | alertBtn","chromium-SCB-de-unauthorised","2026-09-30","passed","2026-09-30","","cta/generated.cta.spec.js","",""
"","7154","commodities page | tradingInstrument | alertBtn","chromium-CySEC-fr-fr-unregistered","2026-09-30","passed","2026-09-30","","cta/generated.cta.spec.js","",""
"","7280","interestRates page | tradingInstrument | viewDetailedChartBtn","chromium-SCB-mn-unauthorised","2026-09-30","passed","2026-09-30","","cta/generated.cta.spec.js","",""
"","8061","markets page | tradingInstrument | longPositionGoToPlatformBtn","chromium-SCB-fr-unauthorised","2026-09-30","passed","2026-09-30","","cta/generated.cta.spec.js","",""
"","7286","forex page | heroBanner | signupBtn","chromium-CySEC-de-de-unregistered","2026-09-30","passed","2026-09-30","","cta/generated.cta.spec.js","",""
"","9686","forex page | tradingInstrument | tradedBtn","chromium-CySEC-it-it-unauthorised","2026-09-30","passed","2026-09-30","","cta/generated.cta.spec.js","",""
"","7451","interestRates page | tradingInstrument | sellBtn","chromium-SCB-fr-unauthorised","2026-09-30","passed","2026-09-30","","cta/generated.cta.spec.js","",""
"","7256","shares page | heroBanner | signupBtn","chromium-CySEC-pl-pl-unauthorised","2026-09-30","passed","2026-09-30","","cta/generated.cta.spec.js","",""
"","7546","markets page | tradingInstrument | shortPositionGoToPlatformBtn","chromium-CySEC-de-de-unregistered","2026-09-30","passed","2026-09-30","","cta/generated.cta.spec.js","",""
"","7881","commodities page | tradingInstrument | shortPositionGoToPlatformBtn","chromium-SCB-ru-unauthorised","2026-09-30","passed","2026-09-30","","cta/generated.cta.spec.js","",""
"","7162","bonds page | tradingInstrument | alertBtn","chromium-SCB-en-unauthorised","2026-09-30","passed","2026-09-30","","cta/generated.cta.spec.js","",""
"","7680","indices page | tradingInstrument | buyBtn","chromium-SCB-zh-hant-unauthorised","2026-09-30","passed","2026-09-30","","cta/generated.cta.spec.js","",""
"","8133","commodities page | tradingInstrument | buyBtn","chromium-CySEC-nl-nl-unauthorised","2026-09-30","passed","2026-09-30","","cta/generated.cta.spec.js","",""
"","7629","bonds page | tradingInstrument | shortPositionGoToPlatformBtn","chromium-SCB-ar-unauthorised","2026-09-30","passed","2026-09-30","","cta/generated.cta.spec.js","",""
"","7195","interestRates page | tradingInstrument | alertBtn","chromium-ASIC-en-unauthorised","2026-09-30","passed","2026-09-30","","cta/generated.cta.spec.js","",""
"","7631","markets page | tradingInstrument | alertBtn","chromium-CySEC-it-it-unauthorised","2026-09-30","passed","2026-09-30","","cta/generated.cta.spec.js","",""
"","7541","cryptocurrencies page | tradingInstrument | readyToJoinSignUpBtn","chromium-SCB-ar-unauthorised","2026-09-30","passed","2026-09-30","","cta/generated.cta.spec.js","",""
"","7504","forex page | tradingInstrument | addToFavouriteBtn","chromium-SCB-es-unregistered","2026-09-30","passed","2026-09-30","","cta/generated.cta.spec.js","",""
"","7641","cryptocurrencies page | tradingInstrument | longPositionGoToPlatformBtn","chromium-ASIC-en-unauthorised","2026-09-30","passed","2026-09-30","","cta/generated.cta.spec.js","",""
"","10611","commodities page | tradingInstrument | tradedBtn","chromium-CySEC-el-gr-unauthorised","2026-09-30","passed","2026-09-30","","cta/generated.cta.spec.js","",""
"","7614","indices page | tradingInstrument | sellBtn","chromium-SCB-fr-unregistered","2026-09-30","passed","2026-09-30","","cta/generated.cta.spec.js","",""
"","8116","cryptocurrencies page | tradingInstrument | addToFavouriteBtn","chromium-CySEC-de-de-unauthorised","2026-09-30","passed","2026-09-30","","cta/generated.cta.spec.js","",""
"","6824","shares page | heroBanner | signupBtn","chromium-ASIC-en-unauthorised","2026-09-30","passed","2026-09-30","","cta/generated.cta.spec.js","",""
"","7625","interestRates page | tradingInstrument | alertBtn","chromium-CySEC-it-it-unauthorised","2026-09-30","passed","2026-09-30","","cta/generated.cta.spec.js","",""
"","7342","interestRates page | tradingInstrument | longPositionGoToPlatformBtn","chromium-CySEC-pl-pl-unregistered","2026-09-30","passed","2026-09-30","","cta/generated.cta.spec.js","",""
"","7270","interestRates page | tradingInstrument | readyToJoinSignUpBtn","chromium-SCB-ar-unregistered","2026-09-30","passed","2026-09-30","","cta/generated.cta.spec.js","",""
"","7159","shares page | tradingInstrument | alertBtn","chromium-CySEC-el-gr-unregistered","2026-09-30","passed","2026-09-30","","cta/generated.cta.spec.js","",""
"","7278","commodities page | heroBanner | signupBtn","chromium-CySEC-pl-pl-unregistered","2026-09-30","passed","2026-09-30","","cta/generated.cta.spec.js","",""
"","7390","indices page | tradingInstrument | viewDetailedChartBtn","chromium-SCB-mn-unauthorised","2026-09-30","passed","2026-09-30","","cta/generated.cta.spec.js","",""
"","7612","forex page | tradingInstrument | alertBtn","chromium-CySEC-nl-nl-unauthorised","2026-09-30","passed","2026-09-30","","cta/generated.cta.spec.js","",""
"","4961","shares page | tradingInstrument | addToFavouriteBtn","chromium-SCB-zh-hans-unauthorised","2026-09-30","passed","2026-09-30","","cta/generated.cta.spec.js","",""
"","9294","forex page | tradingInstrument | tradedBtn","chromium-CySEC-it-it-unregistered","2026-09-30","passed","2026-09-30","","cta/generated.cta.spec.js","",""
"","9281","cryptocurrencies page | tradingInstrument | tradedBtn","chromium-SCB-fr-unregistered","2026-09-30","passed","2026-09-30","","cta/generated.cta.spec.js","",""
"","7540","markets page | tradingInstrument | buyBtn","chromium-SCB-ar-unregistered","2026-09-30","passed","2026-09-30","","cta/generated.cta.spec.js","",""
"","6812","bonds page | tradingInstrument | alertBtn","chromium-CMA-en-unauthorised","2026-09-30","passed","2026-09-30","","cta/generated.cta.spec.js","",""
"","7712","indices page | tradingInstrument | addToFavouriteBtn","chromium-SCB-mn-unauthorised","2026-09-30","passed","2026-09-30","","cta/generated.cta.spec.js","",""
"","7650","indices page | heroBanner | signupBtn","chromium-CySEC-it-it-unauthorised","2026-09-30","passed","2026-09-30","","cta/generated.cta.spec.js","",""
"","7787","forex page | tradingInstrument | buyBtn","chromium-SCB-fr-unauthorised","2026-09-30","passed","2026-09-30","","cta/generated.cta.spec.js","",""
"","9084","interestRates page | tradingInstrument | tradedBtn","chromium-CySEC-el-gr-unregistered","2026-09-30","passed","2026-09-30","","cta/generated.cta.spec.js","",""
"","7188","cryptocurrencies page | tradingInstrument | viewDetailedChartBtn","chromium-CySEC-fr-fr-unregistered","2026-09-30","passed","2026-09-30","","cta/generated.cta.spec.js","",""
"","9399","interestRates page | tradingInstrument | tradedBtn","chromium-SCB-en-unauthorised","2026-09-30","passed","2026-09-30","","cta/generated.cta.spec.js","",""
"","12086","forex page | tradingInstrument | tradedBtn","chromium-SCB-fr-unregistered","2026-09-30","failed","2026-09-30","","cta/generated.cta.spec.js","",""
"","7171","commodities page | tradingInstrument | readyToJoinSignUpBtn","chromium-CySEC-de-at-unregistered","2026-09-30","passed","2026-09-30","","cta/generated.cta.spec.js","",""
"","7444","indices page | tradingInstrument | longPositionGoToPlatformBtn","chromium-SCB-es-unregistered","2026-09-30","passed","2026-09-30","","cta/generated.cta.spec.js","",""
"","7292","indices page | heroBanner | signupBtn","chromium-CMA-ar-unregistered","2026-09-30","passed","2026-09-30","","cta/generated.cta.spec.js","",""
"","2720","marketAnalysis page | readyToJoinBlock | signupBtn","chromium-SCB-zh-hans-unregistered","2026-09-30","passed","2026-09-30","","cta/generated.cta.spec.js","",""
"","7124","interestRates page | tradingInstrument | readyToJoinSignUpBtn","chromium-CySEC-ro-ro-unregistered","2026-09-30","passed","2026-09-30","","cta/generated.cta.spec.js","",""
"","6692","indices page | tradingInstrument | alertBtn","chromium-CMA-ar-unauthorised","2026-09-30","passed","2026-09-30","","cta/generated.cta.spec.js","",""
"","7848","interestRates page | tradingInstrument | alertBtn","chromium-CySEC-en-eu-unauthorised","2026-09-30","passed","2026-09-30","","cta/generated.cta.spec.js","",""
"","11496","interestRates page | tradingInstrument | tradedBtn","chromium-CMA-ar-unregistered","2026-09-30","failed","2026-09-30","","cta/generated.cta.spec.js","",""
"","7860","markets page | tradingInstrument | sellBtn","chromium-CySEC-de-at-unregistered","2026-09-30","passed","2026-09-30","","cta/generated.cta.spec.js","",""
"","7284","interestRates page | tradingInstrument | buyBtn","chromium-ASIC-en-unauthorised","2026-09-30","passed","2026-09-30","","cta/generated.cta.spec.js","",""
"","7504","markets page | tradingInstrument | sellBtn","chromium-SCB-en-unauthorised","2026-09-30","passed","2026-09-30","","cta/generated.cta.spec.js","",""
"","7207","indices page | tradingInstrument | shortPositionGoToPlatformBtn","chromium-CMA-ar-unregistered","2026-09-30","passed","2026-09-30","","cta/generated.cta.spec.js","",""
"","9268","cryptocurrencies page | tradingInstrument | tradedBtn","chromium-CySEC-it-it-unregistered","2026-09-30","passed","2026-09-30","","cta/generated.cta.spec.js","",""
"","6785","marketAnalysis page | mostTradedMarketsBlock | tradedBtn","chromium-ASIC-en-unauthorised","2026-09-30","passed","2026-09-30","","cta/generated.cta.spec.js","",""
"","7844","cryptocurrencies page | tradingInstrument | addToFavouriteBtn","chromium-CySEC-de-de-unregistered","2026-09-30","passed","2026-09-30","","cta/generated.cta.spec.js","",""
"","6980","commodities page | heroBanner | signupBtn","chromium-SCB-ar-unregistered","2026-09-30","passed","2026-09-30","","cta/generated.cta.spec.js","",""
"","7667","interestRates page | tradingInstrument | addToFavouriteBtn","chromium-CySEC-it-it-unregistered","2026-09-30","passed","2026-09-30","","cta/generated.cta.spec.js","",""
"","7548","interestRates page | tradingInstrument | longPositionGoToPlatformBtn","chromium-SCB-vi-unauthorised","2026-09-30","passed","2026-09-30","","cta/generated.cta.spec.js","",""
"","7406","forex page | tradingInstrument | longPositionGoToPlatformBtn","chromium-CySEC-en-eu-unregistered","2026-09-30","passed","2026-09-30","","cta/generated.cta.spec.js","",""
"","7338","commodities page | tradingInstrument | longPositionGoToPlatformBtn","chromium-CySEC-hu-hu-unregistered","2026-09-30","passed","2026-09-30","","cta/generated.cta.spec.js","",""
"","8091","cryptocurrencies page | tradingInstrument | longPositionGoToPlatformBtn","chromium-CySEC-en-eu-unauthorised","2026-09-30","passed","2026-09-30","","cta/generated.cta.spec.js","",""
"","5950","bonds page | heroBanner | signupBtn","chromium-FCA-en-unauthorised","2026-09-30","passed","2026-09-30","","cta/generated.cta.spec.js","",""
"","8085","markets page | tradingInstrument | tradedBtn","chromium-SCB-zh-hans-unregistered","2026-09-30","failed","2026-09-30","","cta/generated.cta.spec.js","",""
"","7765","markets page | tradingInstrument | viewDetailedChartBtn","chromium-CySEC-hu-hu-unauthorised","2026-09-30","passed","2026-09-30","","cta/generated.cta.spec.js","",""
"","9582","cryptocurrencies page | tradingInstrument | tradedBtn","chromium-SCB-vi-unauthorised","2026-09-30","passed","2026-09-30","","cta/generated.cta.spec.js","",""
"","9819","bonds page | tradingInstrument | tradedBtn","chromium-SCB-es-unauthorised","2026-09-30","passed","2026-09-30","","cta/generated.cta.spec.js","",""
"","7022","bonds page | heroBanner | signupBtn","chromium-SCB-en-unauthorised","2026-09-30","passed","2026-09-30","","cta/generated.cta.spec.js","",""
"","5225","indices page | tradingInstrument | tradedBtn","chromium-SCB-zh-hans-unregistered","2026-09-30","passed","2026-09-30","","cta/generated.cta.spec.js","",""
"","7347","commodities page | tradingInstrument | longPositionGoToPlatformBtn","chromium-SCB-ar-unregistered","2026-09-30","passed","2026-09-30","","cta/generated.cta.spec.js","",""
"","8305","markets page | tradingInstrument | longPositionGoToPlatformBtn","chromium-CySEC-en-eu-unauthorised","2026-09-30","passed","2026-09-30","","cta/generated.cta.spec.js","",""
"","7336","cryptocurrencies page | tradingInstrument | readyToJoinSignUpBtn","chromium-ASIC-en-unauthorised","2026-09-30","passed","2026-09-30","","cta/generated.cta.spec.js","",""
"","6625","interestRates page | heroBanner | signupBtn","chromium-CMA-ar-unauthorised","2026-09-30","passed","2026-09-30","","cta/generated.cta.spec.js","",""
"","7203","forex page | tradingInstrument | readyToJoinSignUpBtn","chromium-ASIC-en-unauthorised","2026-09-30","passed","2026-09-30","","cta/generated.cta.spec.js","",""
"","9451","cryptocurrencies page | tradingInstrument | tradedBtn","chromium-SCB-es-unregistered","2026-09-30","passed","2026-09-30","","cta/generated.cta.spec.js","",""
"","7631","cryptocurrencies page | tradingInstrument | shortPositionGoToPlatformBtn","chromium-ASIC-en-unregistered","2026-09-30","passed","2026-09-30","","cta/generated.cta.spec.js","",""
"","7286","bonds page | tradingInstrument | longPositionGoToPlatformBtn","chromium-ASIC-en-unauthorised","2026-09-30","passed","2026-09-30","","cta/generated.cta.spec.js","",""
"","7237","shares page | tradingInstrument | alertBtn","chromium-SCB-de-unregistered","2026-09-30","passed","2026-09-30","","cta/generated.cta.spec.js","",""
"","6779","bonds page | tradingInstrument | viewDetailedChartBtn","chromium-FCA-en-unauthorised","2026-09-30","passed","2026-09-30","","cta/generated.cta.spec.js","",""
"","7434","forex page | tradingInstrument | viewDetailedChartBtn","chromium-SCB-ru-unauthorised","2026-09-30","passed","2026-09-30","","cta/generated.cta.spec.js","",""
"","8216","cryptocurrencies page | tradingInstrument | buyBtn","chromium-CySEC-ro-ro-unauthorised","2026-09-30","passed","2026-09-30","","cta/generated.cta.spec.js","",""
"","7967","commodities page | tradingInstrument | addToFavouriteBtn","chromium-CySEC-de-at-unregistered","2026-09-30","passed","2026-09-30","","cta/generated.cta.spec.js","",""
"","12155","markets page | tradingInstrument | tradedBtn","chromium-SCB-fr-unregistered","2026-09-30","failed","2026-09-30","","cta/generated.cta.spec.js","",""
"","7955","bonds page | tradingInstrument | addToFavouriteBtn","chromium-CySEC-en-eu-unregistered","2026-09-30","passed","2026-09-30","","cta/generated.cta.spec.js","",""
"","7462","forex page | tradingInstrument | longPositionGoToPlatformBtn","chromium-FCA-en-unregistered","2026-09-30","passed","2026-09-30","","cta/generated.cta.spec.js","",""
"","10421","shares page | tradingInstrument | alertBtn","chromium-CySEC-en-eu-unauthorised","2026-09-30","passed","2026-09-30","","cta/generated.cta.spec.js","",""
"","7952","commodities page | heroBanner | signupBtn","chromium-CySEC-nl-nl-unregistered","2026-09-30","passed","2026-09-30","","cta/generated.cta.spec.js","",""
"","7193","markets page | heroBanner | signupBtn","chromium-CySEC-pl-pl-unregistered","2026-09-30","passed","2026-09-30","","cta/generated.cta.spec.js","",""
"","7499","markets page | tradingInstrument | longPositionGoToPlatformBtn","chromium-CySEC-fr-fr-unregistered","2026-09-30","passed","2026-09-30","","cta/generated.cta.spec.js","",""
"","7441","interestRates page | tradingInstrument | readyToJoinSignUpBtn","chromium-CySEC-fr-fr-unauthorised","2026-09-30","passed","2026-09-30","","cta/generated.cta.spec.js","",""
"","7534","indices page | tradingInstrument | sellBtn","chromium-CySEC-pl-pl-unregistered","2026-09-30","passed","2026-09-30","","cta/generated.cta.spec.js","",""
"","7309","bonds page | tradingInstrument | buyBtn","chromium-SCB-es-unregistered","2026-09-30","passed","2026-09-30","","cta/generated.cta.spec.js","",""
"","7432","indices page | tradingInstrument | buyBtn","chromium-FCA-en-unregistered","2026-09-30","passed","2026-09-30","","cta/generated.cta.spec.js","",""
"","6938","commodities page | heroBanner | signupBtn","chromium-CySEC-en-eu-unauthorised","2026-09-30","passed","2026-09-30","","cta/generated.cta.spec.js","",""
"","7372","cryptocurrencies page | tradingInstrument | viewDetailedChartBtn","chromium-SCB-fr-unregistered","2026-09-30","passed","2026-09-30","","cta/generated.cta.spec.js","",""
"","7428","markets page | tradingInstrument | buyBtn","chromium-CMA-ar-unregistered","2026-09-30","passed","2026-09-30","","cta/generated.cta.spec.js","",""
"","6715","interestRates page | tradingInstrument | addToFavouriteBtn","chromium-FCA-en-unauthorised","2026-09-30","passed","2026-09-30","","cta/generated.cta.spec.js","",""
"","8038","cryptocurrencies page | tradingInstrument | buyBtn","chromium-CySEC-de-de-unauthorised","2026-09-30","passed","2026-09-30","","cta/generated.cta.spec.js","",""
"","7268","indices page | tradingInstrument | readyToJoinSignUpBtn","chromium-SCB-zh-hant-unregistered","2026-09-30","passed","2026-09-30","","cta/generated.cta.spec.js","",""
"","7216","bonds page | tradingInstrument | sellBtn","chromium-SCB-en-unauthorised","2026-09-30","passed","2026-09-30","","cta/generated.cta.spec.js","",""
"","7184","shares page | tradingInstrument | readyToJoinSignUpBtn","chromium-SCB-mn-unregistered","2026-09-30","passed","2026-09-30","","cta/generated.cta.spec.js","",""
"","7807","shares page | tradingInstrument | buyBtn","chromium-SCB-ar-unauthorised","2026-09-30","passed","2026-09-30","","cta/generated.cta.spec.js","",""
"","7648","bonds page | tradingInstrument | buyBtn","chromium-CySEC-de-at-unauthorised","2026-09-30","passed","2026-09-30","","cta/generated.cta.spec.js","",""
"","12073","commodities page | tradingInstrument | tradedBtn","chromium-SCB-zh-hant-unregistered","2026-09-30","failed","2026-09-30","","cta/generated.cta.spec.js","",""
"","4894","indices page | tradingInstrument | sellBtn","chromium-SCB-zh-hans-unauthorised","2026-09-30","passed","2026-09-30","","cta/generated.cta.spec.js","",""
"","6957","bonds page | tradingInstrument | viewDetailedChartBtn","chromium-SCB-zh-hant-unregistered","2026-09-30","passed","2026-09-30","","cta/generated.cta.spec.js","",""
"","6948","bonds page | heroBanner | signupBtn","chromium-SCB-zh-hant-unregistered","2026-09-30","passed","2026-09-30","","cta/generated.cta.spec.js","",""
"","7389","interestRates page | tradingInstrument | alertBtn","chromium-SCB-zh-hant-unauthorised","2026-09-30","passed","2026-09-30","","cta/generated.cta.spec.js","",""
"","9274","markets page | tradingInstrument | tradedBtn","chromium-CySEC-fr-fr-unregistered","2026-09-30","passed","2026-09-30","","cta/generated.cta.spec.js","",""
"","7950","shares page | tradingInstrument | addToFavouriteBtn","chromium-SCB-mn-unregistered","2026-09-30","passed","2026-09-30","","cta/generated.cta.spec.js","",""
"","7896","commodities page | tradingInstrument | buyBtn","chromium-SCB-de-unauthorised","2026-09-30","passed","2026-09-30","","cta/generated.cta.spec.js","",""
"","7670","forex page | tradingInstrument | shortPositionGoToPlatformBtn","chromium-CySEC-hu-hu-unauthorised","2026-09-30","passed","2026-09-30","","cta/generated.cta.spec.js","",""
"","8736","shares page | tradingInstrument | readyToJoinSignUpBtn","chromium-SCB-de-unauthorised","2026-09-30","passed","2026-09-30","","cta/generated.cta.spec.js","",""
"","7941","markets page | tradingInstrument | buyBtn","chromium-SCB-ar-unauthorised","2026-09-30","passed","2026-09-30","","cta/generated.cta.spec.js","",""
"","7191","interestRates page | tradingInstrument | readyToJoinSignUpBtn","chromium-SCB-vi-unregistered","2026-09-30","passed","2026-09-30","","cta/generated.cta.spec.js","",""
"","9063","markets page | tradingInstrument | shortPositionGoToPlatformBtn","chromium-CySEC-en-eu-unauthorised","2026-09-30","passed","2026-09-30","","cta/generated.cta.spec.js","",""
"","7477","shares page | tradingInstrument | longPositionGoToPlatformBtn","chromium-CySEC-ro-ro-unregistered","2026-09-30","passed","2026-09-30","","cta/generated.cta.spec.js","",""
"","9715","commodities page | tradingInstrument | tradedBtn","chromium-CySEC-nl-nl-unauthorised","2026-09-30","passed","2026-09-30","","cta/generated.cta.spec.js","",""
"","7652","cryptocurrencies page | tradingInstrument | buyBtn","chromium-SCB-en-unauthorised","2026-09-30","passed","2026-09-30","","cta/generated.cta.spec.js","",""
"","6907","bonds page | tradingInstrument | addToFavouriteBtn","chromium-FCA-en-unauthorised","2026-09-30","passed","2026-09-30","","cta/generated.cta.spec.js","",""
"","7079","interestRates page | tradingInstrument | addToFavouriteBtn","chromium-CySEC-de-at-unauthorised","2026-09-30","passed","2026-09-30","","cta/generated.cta.spec.js","",""
"","7316","interestRates page | tradingInstrument | shortPositionGoToPlatformBtn","chromium-CySEC-ro-ro-unregistered","2026-09-30","passed","2026-09-30","","cta/generated.cta.spec.js","",""
"","6975","markets page | tradingInstrument | alertBtn","chromium-CMA-en-unregistered","2026-09-30","passed","2026-09-30","","cta/generated.cta.spec.js","",""
"","7178","indices page | tradingInstrument | viewDetailedChartBtn","chromium-CySEC-en-eu-unregistered","2026-09-30","passed","2026-09-30","","cta/generated.cta.spec.js","",""
"","6807","forex page | tradingInstrument | readyToJoinSignUpBtn","chromium-FCA-en-unregistered","2026-09-30","passed","2026-09-30","","cta/generated.cta.spec.js","",""
"","7379","forex page | tradingInstrument | readyToJoinSignUpBtn","chromium-SCB-vi-unauthorised","2026-09-30","passed","2026-09-30","","cta/generated.cta.spec.js","",""
"","7878","shares page | tradingInstrument | addToFavouriteBtn","chromium-CySEC-nl-nl-unauthorised","2026-09-30","passed","2026-09-30","","cta/generated.cta.spec.js","",""
"","7588","markets page | tradingInstrument | addToFavouriteBtn","chromium-CySEC-ro-ro-unregistered","2026-09-30","passed","2026-09-30","","cta/generated.cta.spec.js","",""
"","9188","cryptocurrencies page | tradingInstrument | tradedBtn","chromium-CySEC-de-at-unauthorised","2026-09-30","passed","2026-09-30","","cta/generated.cta.spec.js","",""
"","7388","interestRates page | tradingInstrument | buyBtn","chromium-SCB-mn-unregistered","2026-09-30","passed","2026-09-30","","cta/generated.cta.spec.js","",""
"","7604","forex page | tradingInstrument | addToFavouriteBtn","chromium-SCB-de-unauthorised","2026-09-30","passed","2026-09-30","","cta/generated.cta.spec.js","",""
"","9127","bonds page | tradingInstrument | tradedBtn","chromium-ASIC-en-unauthorised","2026-09-30","passed","2026-09-30","","cta/generated.cta.spec.js","",""
"","7019","shares page | heroBanner | signupBtn","chromium-CySEC-en-eu-unauthorised","2026-09-30","passed","2026-09-30","","cta/generated.cta.spec.js","",""
"","7715","commodities page | tradingInstrument | longPositionGoToPlatformBtn","chromium-CySEC-el-gr-unauthorised","2026-09-30","passed","2026-09-30","","cta/generated.cta.spec.js","",""
"","7606","commodities page | tradingInstrument | shortPositionGoToPlatformBtn","chromium-ASIC-en-unauthorised","2026-09-30","passed","2026-09-30","","cta/generated.cta.spec.js","",""
"","8009","forex page | tradingInstrument | addToFavouriteBtn","chromium-CySEC-hu-hu-unregistered","2026-09-30","passed","2026-09-30","","cta/generated.cta.spec.js","",""
"","2991","marketAnalysis page | readyToJoinBlock | signupBtn","chromium-SCB-zh-hans-unauthorised","2026-09-30","passed","2026-09-30","","cta/generated.cta.spec.js","",""
"","4892","markets page | tradingInstrument | buyBtn","chromium-SCB-zh-hans-unauthorised","2026-09-30","passed","2026-09-30","","cta/generated.cta.spec.js","",""
"","7685","markets page | tradingInstrument | shortPositionGoToPlatformBtn","chromium-SCB-vi-unauthorised","2026-09-30","passed","2026-09-30","","cta/generated.cta.spec.js","",""
"","8434","shares page | tradingInstrument | shortPositionGoToPlatformBtn","chromium-SCB-es-unauthorised","2026-09-30","passed","2026-09-30","","cta/generated.cta.spec.js","",""
"","7240","commodities page | tradingInstrument | sellBtn","chromium-SCB-mn-unregistered","2026-09-30","passed","2026-09-30","","cta/generated.cta.spec.js","",""
"","7573","commodities page | tradingInstrument | alertBtn","chromium-SCB-es-unauthorised","2026-09-30","passed","2026-09-30","","cta/generated.cta.spec.js","",""
"","7172","bonds page | tradingInstrument | alertBtn","chromium-CySEC-de-at-unauthorised","2026-09-30","passed","2026-09-30","","cta/generated.cta.spec.js","",""
"","7254","shares page | tradingInstrument | readyToJoinSignUpBtn","chromium-CySEC-el-gr-unregistered","2026-09-30","passed","2026-09-30","","cta/generated.cta.spec.js","",""
"","7408","indices page | tradingInstrument | viewDetailedChartBtn","chromium-CySEC-hu-hu-unauthorised","2026-09-30","passed","2026-09-30","","cta/generated.cta.spec.js","",""
"","7704","cryptocurrencies page | tradingInstrument | sellBtn","chromium-SCB-vi-unregistered","2026-09-30","passed","2026-09-30","","cta/generated.cta.spec.js","",""
"","7294","markets page | heroBanner | signupBtn","chromium-SCB-fr-unregistered","2026-09-30","passed","2026-09-30","","cta/generated.cta.spec.js","",""
"","7138","interestRates page | heroBanner | signupBtn","chromium-CySEC-pl-pl-unauthorised","2026-09-30","passed","2026-09-30","","cta/generated.cta.spec.js","",""
"","7603","interestRates page | heroBanner | signupBtn","chromium-CySEC-de-at-unregistered","2026-09-30","passed","2026-09-30","","cta/generated.cta.spec.js","",""
"","8067","interestRates page | tradingInstrument | longPositionGoToPlatformBtn","chromium-CySEC-it-it-unauthorised","2026-09-30","passed","2026-09-30","","cta/generated.cta.spec.js","",""
"","7592","markets page | heroBanner | signupBtn","chromium-CySEC-de-de-unregistered","2026-09-30","passed","2026-09-30","","cta/generated.cta.spec.js","",""
"","7610","forex page | tradingInstrument | shortPositionGoToPlatformBtn","chromium-SCB-de-unauthorised","2026-09-30","passed","2026-09-30","","cta/generated.cta.spec.js","",""
"","7568","markets page | tradingInstrument | shortPositionGoToPlatformBtn","chromium-SCB-ar-unregistered","2026-09-30","passed","2026-09-30","","cta/generated.cta.spec.js","",""
"","7978","cryptocurrencies page | tradingInstrument | viewDetailedChartBtn","chromium-CySEC-it-it-unauthorised","2026-09-30","passed","2026-09-30","","cta/generated.cta.spec.js","",""
"","7201","indices page | tradingInstrument | alertBtn","chromium-CySEC-en-eu-unregistered","2026-09-30","passed","2026-09-30","","cta/generated.cta.spec.js","",""
"","7049","interestRates page | tradingInstrument | readyToJoinSignUpBtn","chromium-SCB-zh-hant-unregistered","2026-09-30","passed","2026-09-30","","cta/generated.cta.spec.js","",""
"","7428","indices page | tradingInstrument | addToFavouriteBtn","chromium-SCB-ar-unauthorised","2026-09-30","passed","2026-09-30","","cta/generated.cta.spec.js","",""
"","6264","commodities page | heroBanner | signupBtn","chromium-CMA-ar-unregistered","2026-09-30","passed","2026-09-30","","cta/generated.cta.spec.js","",""
"","7752","cryptocurrencies page | tradingInstrument | longPositionGoToPlatformBtn","chromium-CySEC-it-it-unauthorised","2026-09-30","passed","2026-09-30","","cta/generated.cta.spec.js","",""
"","7423","commodities page | tradingInstrument | addToFavouriteBtn","chromium-SCB-en-unregistered","2026-09-30","passed","2026-09-30","","cta/generated.cta.spec.js","",""
"","7539","forex page | tradingInstrument | longPositionGoToPlatformBtn","chromium-SCB-de-unregistered","2026-09-30","passed","2026-09-30","","cta/generated.cta.spec.js","",""
"","7050","bonds page | tradingInstrument | alertBtn","chromium-SCB-fr-unregistered","2026-09-30","passed","2026-09-30","","cta/generated.cta.spec.js","",""
"","8624","interestRates page | tradingInstrument | viewDetailedChartBtn","chromium-SCB-en-unauthorised","2026-09-30","passed","2026-09-30","","cta/generated.cta.spec.js","",""
"","7552","markets page | tradingInstrument | readyToJoinSignUpBtn","chromium-SCB-de-unauthorised","2026-09-30","passed","2026-09-30","","cta/generated.cta.spec.js","",""
"","7052","bonds page | tradingInstrument | alertBtn","chromium-CySEC-nl-nl-unregistered","2026-09-30","passed","2026-09-30","","cta/generated.cta.spec.js","",""
"","7094","interestRates page | heroBanner | signupBtn","chromium-CySEC-de-de-unauthorised","2026-09-30","passed","2026-09-30","","cta/generated.cta.spec.js","",""
"","7536","forex page | tradingInstrument | buyBtn","chromium-CySEC-it-it-unregistered","2026-09-30","passed","2026-09-30","","cta/generated.cta.spec.js","",""
"","3284","forex page | heroBanner | signupBtn","chromium-SCB-zh-hans-unregistered","2026-09-30","passed","2026-09-30","","cta/generated.cta.spec.js","",""
"","9130","forex page | tradingInstrument | tradedBtn","chromium-CySEC-de-de-unregistered","2026-09-30","passed","2026-09-30","","cta/generated.cta.spec.js","",""
"","7507","forex page | tradingInstrument | viewDetailedChartBtn","chromium-SCB-es-unauthorised","2026-09-30","passed","2026-09-30","","cta/generated.cta.spec.js","",""
"","7192","shares page | tradingInstrument | viewDetailedChartBtn","chromium-ASIC-en-unauthorised","2026-09-30","passed","2026-09-30","","cta/generated.cta.spec.js","",""
"","7683","bonds page | tradingInstrument | addToFavouriteBtn","chromium-CySEC-fr-fr-unregistered","2026-09-30","passed","2026-09-30","","cta/generated.cta.spec.js","",""
"","7394","commodities page | tradingInstrument | longPositionGoToPlatformBtn","chromium-SCB-mn-unregistered","2026-09-30","passed","2026-09-30","","cta/generated.cta.spec.js","",""
"","8189","indices page | tradingInstrument | shortPositionGoToPlatformBtn","chromium-SCB-de-unauthorised","2026-09-30","passed","2026-09-30","","cta/generated.cta.spec.js","",""
"","7265","markets page | tradingInstrument | alertBtn","chromium-CySEC-it-it-unregistered","2026-09-30","passed","2026-09-30","","cta/generated.cta.spec.js","",""
"","9338","commodities page | tradingInstrument | tradedBtn","chromium-CySEC-el-gr-unregistered","2026-09-30","passed","2026-09-30","","cta/generated.cta.spec.js","",""
"","7657","interestRates page | tradingInstrument | readyToJoinSignUpBtn","chromium-CySEC-en-eu-unauthorised","2026-09-30","passed","2026-09-30","","cta/generated.cta.spec.js","",""
"","8355","bonds page | tradingInstrument | longPositionGoToPlatformBtn","chromium-CySEC-en-eu-unauthorised","2026-09-30","passed","2026-09-30","","cta/generated.cta.spec.js","",""
"","7285","markets page | tradingInstrument | viewDetailedChartBtn","chromium-SCB-zh-hant-unregistered","2026-09-30","passed","2026-09-30","","cta/generated.cta.spec.js","",""
"","8052","cryptocurrencies page | tradingInstrument | addToFavouriteBtn","chromium-SCB-ru-unauthorised","2026-09-30","passed","2026-09-30","","cta/generated.cta.spec.js","",""
"","8632","markets page | tradingInstrument | readyToJoinSignUpBtn","chromium-CySEC-hu-hu-unauthorised","2026-09-30","passed","2026-09-30","","cta/generated.cta.spec.js","",""
"","7199","cryptocurrencies page | tradingInstrument | alertBtn","chromium-SCB-fr-unregistered","2026-09-30","passed","2026-09-30","","cta/generated.cta.spec.js","",""
"","6889","marketPricing page | readyToJoinBlock | signupBtn","chromium-CySEC-de-de-unauthorised","2026-09-30","passed","2026-09-30","","cta/generated.cta.spec.js","",""
"","7990","forex page | tradingInstrument | buyBtn","chromium-SCB-zh-hant-unauthorised","2026-09-30","passed","2026-09-30","","cta/generated.cta.spec.js","",""
"","5252","cryptocurrencies page | tradingInstrument | longPositionGoToPlatformBtn","chromium-SCB-zh-hans-unauthorised","2026-09-30","passed","2026-09-30","","cta/generated.cta.spec.js","",""
"","7199","forex page | tradingInstrument | sellBtn","chromium-CMA-en-unregistered","2026-09-30","passed","2026-09-30","","cta/generated.cta.spec.js","",""
"","7414","shares page | tradingInstrument | buyBtn","chromium-SCB-fr-unregistered","2026-09-30","passed","2026-09-30","","cta/generated.cta.spec.js","",""
"","7375","cryptocurrencies page | tradingInstrument | alertBtn","chromium-SCB-vi-unauthorised","2026-09-30","passed","2026-09-30","","cta/generated.cta.spec.js","",""
"","7412","forex page | tradingInstrument | buyBtn","chromium-SCB-ru-unregistered","2026-09-30","passed","2026-09-30","","cta/generated.cta.spec.js","",""
"","7222","indices page | tradingInstrument | alertBtn","chromium-CySEC-fr-fr-unregistered","2026-09-30","passed","2026-09-30","","cta/generated.cta.spec.js","",""
"","43","marketAnalysis page | readyToJoinBlock | signupBtn","chromium-SCB-mn-unauthorised","2026-09-30","skipped","2026-09-30","","cta/generated.cta.spec.js","",""
"","7967","bonds page | tradingInstrument | buyBtn","chromium-CySEC-de-de-unauthorised","2026-09-30","passed","2026-09-30","","cta/generated.cta.spec.js","",""
"","7327","commodities page | tradingInstrument | readyToJoinSignUpBtn","chromium-CySEC-de-at-unauthorised","2026-09-30","passed","2026-09-30","","cta/generated.cta.spec.js","",""
"","9934","forex page | tradingInstrument | tradedBtn","chromium-CySEC-pl-pl-unauthorised","2026-09-30","passed","2026-09-30","","cta/generated.cta.spec.js","",""
"","7713","markets page | tradingInstrument | readyToJoinSignUpBtn","chromium-CySEC-it-it-unauthorised","2026-09-30","passed","2026-09-30","","cta/generated.cta.spec.js","",""
"","6818","interestRates page | heroBanner | signupBtn","chromium-SCB-fr-unregistered","2026-09-30","passed","2026-09-30","","cta/generated.cta.spec.js","",""
"","7743","shares page | tradingInstrument | buyBtn","chromium-SCB-fr-unauthorised","2026-09-30","passed","2026-09-30","","cta/generated.cta.spec.js","",""
"","7124","interestRates page | tradingInstrument | viewDetailedChartBtn","chromium-ASIC-en-unregistered","2026-09-30","passed","2026-09-30","","cta/generated.cta.spec.js","",""
"","9261","indices page | tradingInstrument | tradedBtn","chromium-CySEC-de-at-unregistered","2026-09-30","passed","2026-09-30","","cta/generated.cta.spec.js","",""
"","7594","indices page | tradingInstrument | shortPositionGoToPlatformBtn","chromium-CySEC-hu-hu-unauthorised","2026-09-30","passed","2026-09-30","","cta/generated.cta.spec.js","",""
"","7306","bonds page | tradingInstrument | longPositionGoToPlatformBtn","chromium-CySEC-hu-hu-unregistered","2026-09-30","passed","2026-09-30","","cta/generated.cta.spec.js","",""
"","7683","commodities page | tradingInstrument | addToFavouriteBtn","chromium-SCB-vi-unregistered","2026-09-30","passed","2026-09-30","","cta/generated.cta.spec.js","",""
"","7135","cryptocurrencies page | tradingInstrument | viewDetailedChartBtn","chromium-SCB-mn-unregistered","2026-09-30","passed","2026-09-30","","cta/generated.cta.spec.js","",""
"","7853","commodities page | tradingInstrument | buyBtn","chromium-CySEC-pl-pl-unregistered","2026-09-30","passed","2026-09-30","","cta/generated.cta.spec.js","",""
"","7636","markets page | tradingInstrument | viewDetailedChartBtn","chromium-CySEC-de-de-unauthorised","2026-09-30","passed","2026-09-30","","cta/generated.cta.spec.js","",""
"","7244","commodities page | tradingInstrument | alertBtn","chromium-CySEC-pl-pl-unregistered","2026-09-30","passed","2026-09-30","","cta/generated.cta.spec.js","",""
"","7838","markets page | tradingInstrument | sellBtn","chromium-CySEC-de-de-unregistered","2026-09-30","passed","2026-09-30","","cta/generated.cta.spec.js","",""
"","7314","shares page | tradingInstrument | longPositionGoToPlatformBtn","chromium-SCB-mn-unregistered","2026-09-30","passed","2026-09-30","","cta/generated.cta.spec.js","",""
"","7562","indices page | tradingInstrument | alertBtn","chromium-SCB-ar-unauthorised","2026-09-30","passed","2026-09-30","","cta/generated.cta.spec.js","",""
"","7703","forex page | tradingInstrument | addToFavouriteBtn","chromium-CySEC-de-de-unauthorised","2026-09-30","passed","2026-09-30","","cta/generated.cta.spec.js","",""
"","7427","shares page | tradingInstrument | readyToJoinSignUpBtn","chromium-SCB-vi-unauthorised","2026-09-30","passed","2026-09-30","","cta/generated.cta.spec.js","",""
"","3246","commodities page | tradingInstrument | alertBtn","chromium-SCB-zh-hans-unauthorised","2026-09-30","passed","2026-09-30","","cta/generated.cta.spec.js","",""
"","7233","commodities page | tradingInstrument | alertBtn","chromium-SCB-vi-unregistered","2026-09-30","passed","2026-09-30","","cta/generated.cta.spec.js","",""
"","6906","markets page | tradingInstrument | viewDetailedChartBtn","chromium-FCA-en-unauthorised","2026-09-30","passed","2026-09-30","","cta/generated.cta.spec.js","",""
"","7896","markets page | tradingInstrument | buyBtn","chromium-SCB-fr-unauthorised","2026-09-30","passed","2026-09-30","","cta/generated.cta.spec.js","",""
"","7715","interestRates page | tradingInstrument | buyBtn","chromium-SCB-de-unauthorised","2026-09-30","passed","2026-09-30","","cta/generated.cta.spec.js","",""
"","7912","cryptocurrencies page | tradingInstrument | buyBtn","chromium-SCB-ar-unauthorised","2026-09-30","passed","2026-09-30","","cta/generated.cta.spec.js","",""
"","6739","forex page | tradingInstrument | alertBtn","chromium-CMA-ar-unauthorised","2026-09-30","passed","2026-09-30","","cta/generated.cta.spec.js","",""
"","6461","cryptocurrencies page | heroBanner | signupBtn","chromium-CMA-ar-unauthorised","2026-09-30","passed","2026-09-30","","cta/generated.cta.spec.js","",""
"","6916","commodities page | tradingInstrument | viewDetailedChartBtn","chromium-FCA-en-unregistered","2026-09-30","passed","2026-09-30","","cta/generated.cta.spec.js","",""
"","8101","interestRates page | tradingInstrument | addToFavouriteBtn","chromium-CySEC-de-at-unregistered","2026-09-30","passed","2026-09-30","","cta/generated.cta.spec.js","",""
"","7846","markets page | tradingInstrument | shortPositionGoToPlatformBtn","chromium-CySEC-ro-ro-unauthorised","2026-09-30","passed","2026-09-30","","cta/generated.cta.spec.js","",""
"","7411","shares page | tradingInstrument | readyToJoinSignUpBtn","chromium-SCB-mn-unauthorised","2026-09-30","passed","2026-09-30","","cta/generated.cta.spec.js","",""
"","5639","shares page | tradingInstrument | tradedBtn","chromium-SCB-zh-hans-unauthorised","2026-09-30","passed","2026-09-30","","cta/generated.cta.spec.js","",""
"","7742","bonds page | tradingInstrument | addToFavouriteBtn","chromium-SCB-ru-unauthorised","2026-09-30","passed","2026-09-30","","cta/generated.cta.spec.js","",""
"","7491","cryptocurrencies page | tradingInstrument | sellBtn","chromium-SCB-en-unregistered","2026-09-30","passed","2026-09-30","","cta/generated.cta.spec.js","",""
"","7458","shares page | tradingInstrument | sellBtn","chromium-SCB-vi-unregistered","2026-09-30","passed","2026-09-30","","cta/generated.cta.spec.js","",""
"","7792","indices page | tradingInstrument | longPositionGoToPlatformBtn","chromium-SCB-de-unauthorised","2026-09-30","passed","2026-09-30","","cta/generated.cta.spec.js","",""
"","7609","markets page | tradingInstrument | alertBtn","chromium-SCB-fr-unauthorised","2026-09-30","passed","2026-09-30","","cta/generated.cta.spec.js","",""
"","7477","shares page | tradingInstrument | longPositionGoToPlatformBtn","chromium-SCB-ru-unregistered","2026-09-30","passed","2026-09-30","","cta/generated.cta.spec.js","",""
"","7208","shares page | tradingInstrument | sellBtn","chromium-FCA-en-unregistered","2026-09-30","passed","2026-09-30","","cta/generated.cta.spec.js","",""
"","7062","bonds page | tradingInstrument | addToFavouriteBtn","chromium-CMA-ar-unregistered","2026-09-30","passed","2026-09-30","","cta/generated.cta.spec.js","",""
"","7191","forex page | heroBanner | signupBtn","chromium-CySEC-nl-nl-unauthorised","2026-09-30","passed","2026-09-30","","cta/generated.cta.spec.js","",""
"","7523","shares page | tradingInstrument | buyBtn","chromium-CySEC-hu-hu-unregistered","2026-09-30","passed","2026-09-30","","cta/generated.cta.spec.js","",""
"","7148","commodities page | tradingInstrument | alertBtn","chromium-CySEC-hu-hu-unregistered","2026-09-30","passed","2026-09-30","","cta/generated.cta.spec.js","",""
"","45","marketAnalysis page | mostTradedMarketsBlock | tradedBtn","chromium-SCB-vi-unregistered","2026-09-30","skipped","2026-09-30","","cta/generated.cta.spec.js","",""
"","7912","commodities page | tradingInstrument | addToFavouriteBtn","chromium-CySEC-de-de-unregistered","2026-09-30","passed","2026-09-30","","cta/generated.cta.spec.js","",""
"","9232","markets page | tradingInstrument | readyToJoinSignUpBtn","chromium-CySEC-de-de-unauthorised","2026-09-30","passed","2026-09-30","","cta/generated.cta.spec.js","",""
"","6867","shares page | tradingInstrument | addToFavouriteBtn","chromium-FCA-en-unregistered","2026-09-30","passed","2026-09-30","","cta/generated.cta.spec.js","",""
"","6967","indices page | tradingInstrument | shortPositionGoToPlatformBtn","chromium-CMA-ar-unauthorised","2026-09-30","passed","2026-09-30","","cta/generated.cta.spec.js","",""
"","7647","interestRates page | tradingInstrument | addToFavouriteBtn","chromium-CySEC-nl-nl-unregistered","2026-09-30","passed","2026-09-30","","cta/generated.cta.spec.js","",""
"","9942","indices page | tradingInstrument | tradedBtn","chromium-CySEC-el-gr-unauthorised","2026-09-30","passed","2026-09-30","","cta/generated.cta.spec.js","",""
"","6772","bonds page | tradingInstrument | shortPositionGoToPlatformBtn","chromium-CMA-en-unauthorised","2026-09-30","passed","2026-09-30","","cta/generated.cta.spec.js","",""
"","7862","shares page | tradingInstrument | buyBtn","chromium-CySEC-en-eu-unauthorised","2026-09-30","passed","2026-09-30","","cta/generated.cta.spec.js","",""
"","7580","shares page | tradingInstrument | readyToJoinSignUpBtn","chromium-SCB-es-unauthorised","2026-09-30","passed","2026-09-30","","cta/generated.cta.spec.js","",""
"","6604","marketAnalysis page | readyToJoinBlock | signupBtn","chromium-SCB-ru-unregistered","2026-09-30","passed","2026-09-30","","cta/generated.cta.spec.js","",""
"","7439","forex page | tradingInstrument | alertBtn","chromium-CySEC-pl-pl-unauthorised","2026-09-30","passed","2026-09-30","","cta/generated.cta.spec.js","",""
"","7623","cryptocurrencies page | tradingInstrument | sellBtn","chromium-SCB-ru-unregistered","2026-09-30","passed","2026-09-30","","cta/generated.cta.spec.js","",""
"","7240","shares page | tradingInstrument | addToFavouriteBtn","chromium-CySEC-ro-ro-unregistered","2026-09-30","passed","2026-09-30","","cta/generated.cta.spec.js","",""
"","7565","bonds page | tradingInstrument | addToFavouriteBtn","chromium-CySEC-el-gr-unauthorised","2026-09-30","passed","2026-09-30","","cta/generated.cta.spec.js","",""
"","12121","indices page | tradingInstrument | tradedBtn","chromium-SCB-fr-unregistered","2026-09-30","failed","2026-09-30","","cta/generated.cta.spec.js","",""
"","9394","forex page | tradingInstrument | tradedBtn","chromium-SCB-de-unregistered","2026-09-30","passed","2026-09-30","","cta/generated.cta.spec.js","",""
"","7105","interestRates page | tradingInstrument | readyToJoinSignUpBtn","chromium-CySEC-pl-pl-unregistered","2026-09-30","passed","2026-09-30","","cta/generated.cta.spec.js","",""
"","7062","bonds page | tradingInstrument | readyToJoinSignUpBtn","chromium-SCB-ru-unregistered","2026-09-30","passed","2026-09-30","","cta/generated.cta.spec.js","",""
"","7769","cryptocurrencies page | tradingInstrument | buyBtn","chromium-CySEC-pl-pl-unauthorised","2026-09-30","passed","2026-09-30","","cta/generated.cta.spec.js","",""
"","7335","markets page | tradingInstrument | alertBtn","chromium-SCB-ar-unregistered","2026-09-30","passed","2026-09-30","","cta/generated.cta.spec.js","",""
"","6957","shares page | heroBanner | signupBtn","chromium-CySEC-de-de-unauthorised","2026-09-30","passed","2026-09-30","","cta/generated.cta.spec.js","",""
"","6955","cryptocurrencies page | tradingInstrument | viewDetailedChartBtn","chromium-CMA-ar-unauthorised","2026-09-30","passed","2026-09-30","","cta/generated.cta.spec.js","",""
"","8799","markets page | tradingInstrument | addToFavouriteBtn","chromium-CySEC-de-de-unregistered","2026-09-30","passed","2026-09-30","","cta/generated.cta.spec.js","",""
"","7572","cryptocurrencies page | tradingInstrument | viewDetailedChartBtn","chromium-SCB-de-unauthorised","2026-09-30","passed","2026-09-30","","cta/generated.cta.spec.js","",""
"","7078","bonds page | tradingInstrument | readyToJoinSignUpBtn","chromium-CySEC-hu-hu-unregistered","2026-09-30","passed","2026-09-30","","cta/generated.cta.spec.js","",""
"","7478","bonds page | tradingInstrument | alertBtn","chromium-SCB-de-unauthorised","2026-09-30","passed","2026-09-30","","cta/generated.cta.spec.js","",""
"","7580","indices page | tradingInstrument | addToFavouriteBtn","chromium-CySEC-en-eu-unauthorised","2026-09-30","passed","2026-09-30","","cta/generated.cta.spec.js","",""
"","8075","shares page | tradingInstrument | addToFavouriteBtn","chromium-CySEC-en-eu-unregistered","2026-09-30","passed","2026-09-30","","cta/generated.cta.spec.js","",""
"","7538","bonds page | tradingInstrument | sellBtn","chromium-CySEC-el-gr-unregistered","2026-09-30","passed","2026-09-30","","cta/generated.cta.spec.js","",""
"","6789","interestRates page | tradingInstrument | addToFavouriteBtn","chromium-CMA-en-unauthorised","2026-09-30","passed","2026-09-30","","cta/generated.cta.spec.js","",""
"","7284","markets page | heroBanner | signupBtn","chromium-CySEC-it-it-unauthorised","2026-09-30","passed","2026-09-30","","cta/generated.cta.spec.js","",""
"","7331","bonds page | tradingInstrument | addToFavouriteBtn","chromium-ASIC-en-unregistered","2026-09-30","passed","2026-09-30","","cta/generated.cta.spec.js","",""
"","7133","commodities page | tradingInstrument | viewDetailedChartBtn","chromium-SCB-ru-unregistered","2026-09-30","passed","2026-09-30","","cta/generated.cta.spec.js","",""
"","7783","forex page | tradingInstrument | sellBtn","chromium-CySEC-de-at-unauthorised","2026-09-30","passed","2026-09-30","","cta/generated.cta.spec.js","",""
"","7456","interestRates page | tradingInstrument | shortPositionGoToPlatformBtn","chromium-SCB-zh-hant-unauthorised","2026-09-30","passed","2026-09-30","","cta/generated.cta.spec.js","",""
"","7149","commodities page | tradingInstrument | alertBtn","chromium-CySEC-ro-ro-unregistered","2026-09-30","passed","2026-09-30","","cta/generated.cta.spec.js","",""
"","7570","shares page | tradingInstrument | buyBtn","chromium-CySEC-pl-pl-unregistered","2026-09-30","passed","2026-09-30","","cta/generated.cta.spec.js","",""
"","8168","commodities page | tradingInstrument | viewDetailedChartBtn","chromium-CySEC-nl-nl-unauthorised","2026-09-30","passed","2026-09-30","","cta/generated.cta.spec.js","",""
"","47","financeNews page | mostTradedMarketsBlock | tradedBtn","chromium-SCB-ru-unauthorised","2026-09-30","skipped","2026-09-30","","cta/generated.cta.spec.js","",""
"","3246","cryptocurrencies page | tradingInstrument | buyBtn","chromium-SCB-zh-hans-unregistered","2026-09-30","passed","2026-09-30","","cta/generated.cta.spec.js","",""
"","7367","shares page | tradingInstrument | buyBtn","chromium-SCB-ru-unregistered","2026-09-30","passed","2026-09-30","","cta/generated.cta.spec.js","",""
"","7716","markets page | tradingInstrument | readyToJoinSignUpBtn","chromium-CySEC-ro-ro-unauthorised","2026-09-30","passed","2026-09-30","","cta/generated.cta.spec.js","",""
"","7380","cryptocurrencies page | tradingInstrument | longPositionGoToPlatformBtn","chromium-CySEC-en-eu-unregistered","2026-09-30","passed","2026-09-30","","cta/generated.cta.spec.js","",""
"","7454","shares page | tradingInstrument | longPositionGoToPlatformBtn","chromium-CySEC-de-at-unregistered","2026-09-30","passed","2026-09-30","","cta/generated.cta.spec.js","",""
"","7487","cryptocurrencies page | heroBanner | signupBtn","chromium-CySEC-hu-hu-unregistered","2026-09-30","passed","2026-09-30","","cta/generated.cta.spec.js","",""
"","7220","commodities page | tradingInstrument | readyToJoinSignUpBtn","chromium-SCB-zh-hant-unregistered","2026-09-30","passed","2026-09-30","","cta/generated.cta.spec.js","",""
"","7805","bonds page | tradingInstrument | sellBtn","chromium-CySEC-it-it-unauthorised","2026-09-30","passed","2026-09-30","","cta/generated.cta.spec.js","",""
"","7328","bonds page | tradingInstrument | sellBtn","chromium-FCA-en-unauthorised","2026-09-30","passed","2026-09-30","","cta/generated.cta.spec.js","",""
"","7540","commodities page | tradingInstrument | buyBtn","chromium-CySEC-fr-fr-unregistered","2026-09-30","passed","2026-09-30","","cta/generated.cta.spec.js","",""
"","8489","bonds page | tradingInstrument | addToFavouriteBtn","chromium-CySEC-nl-nl-unauthorised","2026-09-30","passed","2026-09-30","","cta/generated.cta.spec.js","",""
"","7967","cryptocurrencies page | tradingInstrument | readyToJoinSignUpBtn","chromium-SCB-es-unauthorised","2026-09-30","passed","2026-09-30","","cta/generated.cta.spec.js","",""
"","7414","bonds page | tradingInstrument | sellBtn","chromium-CySEC-en-eu-unregistered","2026-09-30","passed","2026-09-30","","cta/generated.cta.spec.js","",""
"","7827","indices page | tradingInstrument | addToFavouriteBtn","chromium-SCB-ru-unregistered","2026-09-30","passed","2026-09-30","","cta/generated.cta.spec.js","",""
"","7712","bonds page | tradingInstrument | sellBtn","chromium-CySEC-hu-hu-unauthorised","2026-09-30","passed","2026-09-30","","cta/generated.cta.spec.js","",""
"","7361","indices page | tradingInstrument | shortPositionGoToPlatformBtn","chromium-CySEC-de-de-unregistered","2026-09-30","passed","2026-09-30","","cta/generated.cta.spec.js","",""
"","9313","interestRates page | tradingInstrument | tradedBtn","chromium-SCB-es-unauthorised","2026-09-30","passed","2026-09-30","","cta/generated.cta.spec.js","",""
"","7311","bonds page | tradingInstrument | readyToJoinSignUpBtn","chromium-SCB-zh-hant-unauthorised","2026-09-30","passed","2026-09-30","","cta/generated.cta.spec.js","",""
"","7406","forex page | tradingInstrument | alertBtn","chromium-CySEC-el-gr-unauthorised","2026-09-30","passed","2026-09-30","","cta/generated.cta.spec.js","",""
"","9187","shares page | tradingInstrument | tradedBtn","chromium-CySEC-en-eu-unregistered","2026-09-30","passed","2026-09-30","","cta/generated.cta.spec.js","",""
"","7682","interestRates page | tradingInstrument | longPositionGoToPlatformBtn","chromium-CySEC-en-eu-unauthorised","2026-09-30","passed","2026-09-30","","cta/generated.cta.spec.js","",""
"","9275","cryptocurrencies page | tradingInstrument | tradedBtn","chromium-CySEC-de-de-unregistered","2026-09-30","passed","2026-09-30","","cta/generated.cta.spec.js","",""
"","7765","shares page | tradingInstrument | sellBtn","chromium-SCB-ru-unauthorised","2026-09-30","passed","2026-09-30","","cta/generated.cta.spec.js","",""
"","7894","markets page | tradingInstrument | sellBtn","chromium-CySEC-fr-fr-unregistered","2026-09-30","passed","2026-09-30","","cta/generated.cta.spec.js","",""
"","7426","bonds page | tradingInstrument | alertBtn","chromium-CySEC-hu-hu-unauthorised","2026-09-30","passed","2026-09-30","","cta/generated.cta.spec.js","",""
"","7693","shares page | tradingInstrument | addToFavouriteBtn","chromium-CySEC-pl-pl-unauthorised","2026-09-30","passed","2026-09-30","","cta/generated.cta.spec.js","",""
"","7863","commodities page | tradingInstrument | alertBtn","chromium-CySEC-ro-ro-unauthorised","2026-09-30","passed","2026-09-30","","cta/generated.cta.spec.js","",""
"","7531","indices page | tradingInstrument | buyBtn","chromium-CySEC-el-gr-unregistered","2026-09-30","passed","2026-09-30","","cta/generated.cta.spec.js","",""
"","7542","shares page | tradingInstrument | viewDetailedChartBtn","chromium-CySEC-fr-fr-unauthorised","2026-09-30","passed","2026-09-30","","cta/generated.cta.spec.js","",""
"","6911","indices page | tradingInstrument | viewDetailedChartBtn","chromium-CMA-en-unauthorised","2026-09-30","passed","2026-09-30","","cta/generated.cta.spec.js","",""
"","6881","cryptocurrencies page | tradingInstrument | addToFavouriteBtn","chromium-CMA-ar-unauthorised","2026-09-30","passed","2026-09-30","","cta/generated.cta.spec.js","",""
"","8688","forex page | tradingInstrument | tradedBtn","chromium-CMA-en-unregistered","2026-09-30","passed","2026-09-30","","cta/generated.cta.spec.js","",""
"","9117","cryptocurrencies page | tradingInstrument | sellBtn","chromium-CySEC-fr-fr-unauthorised","2026-09-30","passed","2026-09-30","","cta/generated.cta.spec.js","",""
"","6760","forex page | tradingInstrument | addToFavouriteBtn","chromium-CMA-ar-unauthorised","2026-09-30","passed","2026-09-30","","cta/generated.cta.spec.js","",""
"","7476","interestRates page | tradingInstrument | shortPositionGoToPlatformBtn","chromium-SCB-mn-unauthorised","2026-09-30","passed","2026-09-30","","cta/generated.cta.spec.js","",""
"","7942","markets page | tradingInstrument | alertBtn","chromium-CySEC-nl-nl-unauthorised","2026-09-30","passed","2026-09-30","","cta/generated.cta.spec.js","",""
"","6978","indices page | heroBanner | signupBtn","chromium-CySEC-ro-ro-unauthorised","2026-09-30","passed","2026-09-30","","cta/generated.cta.spec.js","",""
"","7392","shares page | heroBanner | signupBtn","chromium-CySEC-fr-fr-unregistered","2026-09-30","passed","2026-09-30","","cta/generated.cta.spec.js","",""
"","7493","commodities page | tradingInstrument | readyToJoinSignUpBtn","chromium-SCB-ar-unregistered","2026-09-30","passed","2026-09-30","","cta/generated.cta.spec.js","",""
"","9576","markets page | tradingInstrument | tradedBtn","chromium-SCB-es-unauthorised","2026-09-30","passed","2026-09-30","","cta/generated.cta.spec.js","",""
"","7689","interestRates page | tradingInstrument | longPositionGoToPlatformBtn","chromium-SCB-ru-unauthorised","2026-09-30","passed","2026-09-30","","cta/generated.cta.spec.js","",""
"","7673","interestRates page | tradingInstrument | shortPositionGoToPlatformBtn","chromium-CySEC-de-de-unauthorised","2026-09-30","passed","2026-09-30","","cta/generated.cta.spec.js","",""
"","7616","cryptocurrencies page | heroBanner | signupBtn","chromium-CySEC-pl-pl-unregistered","2026-09-30","passed","2026-09-30","","cta/generated.cta.spec.js","",""
"","7620","forex page | tradingInstrument | longPositionGoToPlatformBtn","chromium-CySEC-fr-fr-unregistered","2026-09-30","passed","2026-09-30","","cta/generated.cta.spec.js","",""
"","7803","forex page | tradingInstrument | buyBtn","chromium-CySEC-hu-hu-unauthorised","2026-09-30","passed","2026-09-30","","cta/generated.cta.spec.js","",""
"","7523","commodities page | tradingInstrument | addToFavouriteBtn","chromium-CySEC-el-gr-unauthorised","2026-09-30","passed","2026-09-30","","cta/generated.cta.spec.js","",""
"","5741","cryptocurrencies page | tradingInstrument | tradedBtn","chromium-SCB-zh-hans-unauthorised","2026-09-30","passed","2026-09-30","","cta/generated.cta.spec.js","",""
"","7372","commodities page | tradingInstrument | viewDetailedChartBtn","chromium-SCB-es-unauthorised","2026-09-30","passed","2026-09-30","","cta/generated.cta.spec.js","",""
"","7020","indices page | heroBanner | signupBtn","chromium-CySEC-el-gr-unauthorised","2026-09-30","passed","2026-09-30","","cta/generated.cta.spec.js","",""
"","7096","shares page | heroBanner | signupBtn","chromium-SCB-es-unregistered","2026-09-30","passed","2026-09-30","","cta/generated.cta.spec.js","",""
"","7169","forex page | tradingInstrument | readyToJoinSignUpBtn","chromium-CySEC-de-de-unregistered","2026-09-30","passed","2026-09-30","","cta/generated.cta.spec.js","",""
"","7886","markets page | tradingInstrument | addToFavouriteBtn","chromium-CySEC-it-it-unauthorised","2026-09-30","passed","2026-09-30","","cta/generated.cta.spec.js","",""
"","7172","marketPricing page | readyToJoinBlock | signupBtn","chromium-CySEC-en-eu-unauthorised","2026-09-30","passed","2026-09-30","","cta/generated.cta.spec.js","",""
"","7133","shares page | tradingInstrument | buyBtn","chromium-FCA-en-unauthorised","2026-09-30","passed","2026-09-30","","cta/generated.cta.spec.js","",""
"","7653","indices page | tradingInstrument | readyToJoinSignUpBtn","chromium-SCB-ar-unauthorised","2026-09-30","passed","2026-09-30","","cta/generated.cta.spec.js","",""
"","7302","commodities page | tradingInstrument | viewDetailedChartBtn","chromium-ASIC-en-unregistered","2026-09-30","passed","2026-09-30","","cta/generated.cta.spec.js","",""
"","7590","shares page | tradingInstrument | shortPositionGoToPlatformBtn","chromium-SCB-vi-unauthorised","2026-09-30","passed","2026-09-30","","cta/generated.cta.spec.js","",""
"","7107","bonds page | heroBanner | signupBtn","chromium-SCB-zh-hant-unauthorised","2026-09-30","passed","2026-09-30","","cta/generated.cta.spec.js","",""
"","7389","commodities page | tradingInstrument | shortPositionGoToPlatformBtn","chromium-SCB-fr-unregistered","2026-09-30","passed","2026-09-30","","cta/generated.cta.spec.js","",""
"","9147","forex page | tradingInstrument | tradedBtn","chromium-CySEC-pl-pl-unregistered","2026-09-30","passed","2026-09-30","","cta/generated.cta.spec.js","",""
"","7487","interestRates page | tradingInstrument | viewDetailedChartBtn","chromium-SCB-vi-unauthorised","2026-09-30","passed","2026-09-30","","cta/generated.cta.spec.js","",""
"","6365","shares page | heroBanner | signupBtn","chromium-CMA-en-unregistered","2026-09-30","passed","2026-09-30","","cta/generated.cta.spec.js","",""
"","7526","markets page | tradingInstrument | sellBtn","chromium-SCB-zh-hant-unregistered","2026-09-30","passed","2026-09-30","","cta/generated.cta.spec.js","",""
"","9550","cryptocurrencies page | tradingInstrument | tradedBtn","chromium-CySEC-ro-ro-unregistered","2026-09-30","passed","2026-09-30","","cta/generated.cta.spec.js","",""
"","7296","markets page | tradingInstrument | viewDetailedChartBtn","chromium-SCB-ru-unregistered","2026-09-30","passed","2026-09-30","","cta/generated.cta.spec.js","",""
"","7428","cryptocurrencies page | tradingInstrument | shortPositionGoToPlatformBtn","chromium-SCB-zh-hant-unregistered","2026-09-30","passed","2026-09-30","","cta/generated.cta.spec.js","",""
"","7667","forex page | tradingInstrument | sellBtn","chromium-ASIC-en-unauthorised","2026-09-30","passed","2026-09-30","","cta/generated.cta.spec.js","",""
"","7444","cryptocurrencies page | tradingInstrument | longPositionGoToPlatformBtn","chromium-CySEC-de-de-unregistered","2026-09-30","passed","2026-09-30","","cta/generated.cta.spec.js","",""
"","7556","indices page | tradingInstrument | shortPositionGoToPlatformBtn","chromium-SCB-de-unregistered","2026-09-30","passed","2026-09-30","","cta/generated.cta.spec.js","",""
"","8524","bonds page | tradingInstrument | longPositionGoToPlatformBtn","chromium-CySEC-nl-nl-unauthorised","2026-09-30","passed","2026-09-30","","cta/generated.cta.spec.js","",""
"","7269","bonds page | tradingInstrument | viewDetailedChartBtn","chromium-SCB-ru-unauthorised","2026-09-30","passed","2026-09-30","","cta/generated.cta.spec.js","",""
"","7193","indices page | tradingInstrument | readyToJoinSignUpBtn","chromium-CySEC-nl-nl-unregistered","2026-09-30","passed","2026-09-30","","cta/generated.cta.spec.js","",""
"","7388","markets page | tradingInstrument | alertBtn","chromium-ASIC-en-unregistered","2026-09-30","passed","2026-09-30","","cta/generated.cta.spec.js","",""
"","7282","shares page | tradingInstrument | buyBtn","chromium-CMA-en-unauthorised","2026-09-30","passed","2026-09-30","","cta/generated.cta.spec.js","",""
"","4947","bonds page | tradingInstrument | sellBtn","chromium-SCB-zh-hans-unauthorised","2026-09-30","passed","2026-09-30","","cta/generated.cta.spec.js","",""
"","7191","shares page | heroBanner | signupBtn","chromium-SCB-ru-unregistered","2026-09-30","passed","2026-09-30","","cta/generated.cta.spec.js","",""
"","6977","forex page | tradingInstrument | shortPositionGoToPlatformBtn","chromium-CMA-ar-unregistered","2026-09-30","passed","2026-09-30","","cta/generated.cta.spec.js","",""
"","7618","bonds page | tradingInstrument | addToFavouriteBtn","chromium-CySEC-ro-ro-unauthorised","2026-09-30","passed","2026-09-30","","cta/generated.cta.spec.js","",""
"","7325","shares page | heroBanner | signupBtn","chromium-CySEC-pl-pl-unregistered","2026-09-30","passed","2026-09-30","","cta/generated.cta.spec.js","",""
"","7215","cryptocurrencies page | tradingInstrument | shortPositionGoToPlatformBtn","chromium-CMA-ar-unauthorised","2026-09-30","passed","2026-09-30","","cta/generated.cta.spec.js","",""
"","7680","cryptocurrencies page | tradingInstrument | shortPositionGoToPlatformBtn","chromium-CySEC-pl-pl-unauthorised","2026-09-30","passed","2026-09-30","","cta/generated.cta.spec.js","",""
"","9751","shares page | tradingInstrument | tradedBtn","chromium-SCB-es-unauthorised","2026-09-30","passed","2026-09-30","","cta/generated.cta.spec.js","",""
"","9472","indices page | tradingInstrument | tradedBtn","chromium-ASIC-en-unregistered","2026-09-30","passed","2026-09-30","","cta/generated.cta.spec.js","",""
"","7683","commodities page | tradingInstrument | readyToJoinSignUpBtn","chromium-SCB-es-unauthorised","2026-09-30","passed","2026-09-30","","cta/generated.cta.spec.js","",""
"","7074","interestRates page | heroBanner | signupBtn","chromium-CySEC-de-de-unregistered","2026-09-30","passed","2026-09-30","","cta/generated.cta.spec.js","",""
"","9291","shares page | tradingInstrument | tradedBtn","chromium-SCB-en-unauthorised","2026-09-30","passed","2026-09-30","","cta/generated.cta.spec.js","",""
"","9671","cryptocurrencies page | tradingInstrument | tradedBtn","chromium-SCB-es-unauthorised","2026-09-30","passed","2026-09-30","","cta/generated.cta.spec.js","",""
"","7602","cryptocurrencies page | tradingInstrument | shortPositionGoToPlatformBtn","chromium-SCB-fr-unauthorised","2026-09-30","passed","2026-09-30","","cta/generated.cta.spec.js","",""
"","7323","shares page | tradingInstrument | alertBtn","chromium-SCB-es-unregistered","2026-09-30","passed","2026-09-30","","cta/generated.cta.spec.js","",""
"","9382","interestRates page | tradingInstrument | tradedBtn","chromium-SCB-mn-unregistered","2026-09-30","passed","2026-09-30","","cta/generated.cta.spec.js","",""
"","7444","indices page | tradingInstrument | sellBtn","chromium-CySEC-ro-ro-unregistered","2026-09-30","passed","2026-09-30","","cta/generated.cta.spec.js","",""
"","9488","indices page | tradingInstrument | tradedBtn","chromium-CySEC-de-de-unregistered","2026-09-30","passed","2026-09-30","","cta/generated.cta.spec.js","",""
"","7396","indices page | tradingInstrument | addToFavouriteBtn","chromium-CySEC-en-eu-unregistered","2026-09-30","passed","2026-09-30","","cta/generated.cta.spec.js","",""
"","7586","commodities page | tradingInstrument | viewDetailedChartBtn","chromium-CySEC-hu-hu-unauthorised","2026-09-30","passed","2026-09-30","","cta/generated.cta.spec.js","",""
"","7864","indices page | tradingInstrument | shortPositionGoToPlatformBtn","chromium-CySEC-nl-nl-unauthorised","2026-09-30","passed","2026-09-30","","cta/generated.cta.spec.js","",""
"","8114","markets page | tradingInstrument | sellBtn","chromium-CySEC-hu-hu-unauthorised","2026-09-30","passed","2026-09-30","","cta/generated.cta.spec.js","",""
"","6921","forex page | tradingInstrument | longPositionGoToPlatformBtn","chromium-CMA-ar-unauthorised","2026-09-30","passed","2026-09-30","","cta/generated.cta.spec.js","",""
"","7561","indices page | tradingInstrument | readyToJoinSignUpBtn","chromium-CySEC-ro-ro-unauthorised","2026-09-30","passed","2026-09-30","","cta/generated.cta.spec.js","",""
"","3322","markets page | tradingInstrument | sellBtn","chromium-SCB-zh-hans-unregistered","2026-09-30","passed","2026-09-30","","cta/generated.cta.spec.js","",""
"","8227","cryptocurrencies page | tradingInstrument | readyToJoinSignUpBtn","chromium-CySEC-pl-pl-unauthorised","2026-09-30","passed","2026-09-30","","cta/generated.cta.spec.js","",""
"","3191","commodities page | tradingInstrument | viewDetailedChartBtn","chromium-SCB-zh-hans-unauthorised","2026-09-30","passed","2026-09-30","","cta/generated.cta.spec.js","",""
"","7706","forex page | tradingInstrument | longPositionGoToPlatformBtn","chromium-SCB-es-unauthorised","2026-09-30","passed","2026-09-30","","cta/generated.cta.spec.js","",""
"","7450","bonds page | tradingInstrument | readyToJoinSignUpBtn","chromium-CySEC-pl-pl-unauthorised","2026-09-30","passed","2026-09-30","","cta/generated.cta.spec.js","",""
"","7311","markets page | tradingInstrument | readyToJoinSignUpBtn","chromium-CySEC-it-it-unregistered","2026-09-30","passed","2026-09-30","","cta/generated.cta.spec.js","",""
"","6983","cryptocurrencies page | heroBanner | signupBtn","chromium-SCB-de-unauthorised","2026-09-30","passed","2026-09-30","","cta/generated.cta.spec.js","",""
"","6608","indices page | heroBanner | signupBtn","chromium-CMA-en-unregistered","2026-09-30","passed","2026-09-30","","cta/generated.cta.spec.js","",""
"","4794","commodities page | tradingInstrument | addToFavouriteBtn","chromium-SCB-zh-hans-unregistered","2026-09-30","passed","2026-09-30","","cta/generated.cta.spec.js","",""
"","8455","markets page | heroBanner | signupBtn","chromium-CySEC-fr-fr-unauthorised","2026-09-30","passed","2026-09-30","","cta/generated.cta.spec.js","",""
"","7872","indices page | tradingInstrument | sellBtn","chromium-SCB-mn-unauthorised","2026-09-30","passed","2026-09-30","","cta/generated.cta.spec.js","",""
"","7395","cryptocurrencies page | tradingInstrument | longPositionGoToPlatformBtn","chromium-SCB-es-unregistered","2026-09-30","passed","2026-09-30","","cta/generated.cta.spec.js","",""
"","7397","markets page | tradingInstrument | longPositionGoToPlatformBtn","chromium-CySEC-nl-nl-unregistered","2026-09-30","passed","2026-09-30","","cta/generated.cta.spec.js","",""
"","7519","cryptocurrencies page | tradingInstrument | longPositionGoToPlatformBtn","chromium-ASIC-en-unregistered","2026-09-30","passed","2026-09-30","","cta/generated.cta.spec.js","",""
"","7617","markets page | tradingInstrument | addToFavouriteBtn","chromium-CySEC-hu-hu-unregistered","2026-09-30","passed","2026-09-30","","cta/generated.cta.spec.js","",""
"","7671","bonds page | tradingInstrument | buyBtn","chromium-CySEC-en-eu-unauthorised","2026-09-30","passed","2026-09-30","","cta/generated.cta.spec.js","",""
"","3205","indices page | tradingInstrument | shortPositionGoToPlatformBtn","chromium-SCB-zh-hans-unregistered","2026-09-30","passed","2026-09-30","","cta/generated.cta.spec.js","",""
"","7790","cryptocurrencies page | tradingInstrument | buyBtn","chromium-CySEC-en-eu-unauthorised","2026-09-30","passed","2026-09-30","","cta/generated.cta.spec.js","",""
"","7618","forex page | tradingInstrument | viewDetailedChartBtn","chromium-SCB-de-unregistered","2026-09-30","passed","2026-09-30","","cta/generated.cta.spec.js","",""
"","7705","interestRates page | tradingInstrument | shortPositionGoToPlatformBtn","chromium-CySEC-nl-nl-unauthorised","2026-09-30","passed","2026-09-30","","cta/generated.cta.spec.js","",""
"","7253","forex page | tradingInstrument | viewDetailedChartBtn","chromium-CySEC-el-gr-unregistered","2026-09-30","passed","2026-09-30","","cta/generated.cta.spec.js","",""
"","7171","cryptocurrencies page | tradingInstrument | alertBtn","chromium-ASIC-en-unauthorised","2026-09-30","passed","2026-09-30","","cta/generated.cta.spec.js","",""
"","7164","interestRates page | heroBanner | signupBtn","chromium-SCB-zh-hant-unauthorised","2026-09-30","passed","2026-09-30","","cta/generated.cta.spec.js","",""
"","6932","bonds page | tradingInstrument | longPositionGoToPlatformBtn","chromium-CMA-en-unregistered","2026-09-30","passed","2026-09-30","","cta/generated.cta.spec.js","",""
"","7271","interestRates page | tradingInstrument | alertBtn","chromium-SCB-de-unregistered","2026-09-30","passed","2026-09-30","","cta/generated.cta.spec.js","",""
"","4965","cryptocurrencies page | tradingInstrument | sellBtn","chromium-SCB-zh-hans-unauthorised","2026-09-30","passed","2026-09-30","","cta/generated.cta.spec.js","",""
"","7196","commodities page | tradingInstrument | readyToJoinSignUpBtn","chromium-CySEC-ro-ro-unregistered","2026-09-30","passed","2026-09-30","","cta/generated.cta.spec.js","",""
"","7566","forex page | tradingInstrument | shortPositionGoToPlatformBtn","chromium-SCB-vi-unauthorised","2026-09-30","passed","2026-09-30","","cta/generated.cta.spec.js","",""
"","7428","shares page | tradingInstrument | alertBtn","chromium-SCB-zh-hant-unregistered","2026-09-30","passed","2026-09-30","","cta/generated.cta.spec.js","",""
"","9326","shares page | tradingInstrument | tradedBtn","chromium-SCB-de-unregistered","2026-09-30","passed","2026-09-30","","cta/generated.cta.spec.js","",""
"","5991","indices page | heroBanner | signupBtn","chromium-FCA-en-unauthorised","2026-09-30","passed","2026-09-30","","cta/generated.cta.spec.js","",""
"","6917","forex page | tradingInstrument | alertBtn","chromium-CMA-ar-unregistered","2026-09-30","passed","2026-09-30","","cta/generated.cta.spec.js","",""
"","8145","forex page | tradingInstrument | buyBtn","chromium-CySEC-fr-fr-unauthorised","2026-09-30","passed","2026-09-30","","cta/generated.cta.spec.js","",""
"","6996","forex page | heroBanner | signupBtn","chromium-ASIC-en-unregistered","2026-09-30","passed","2026-09-30","","cta/generated.cta.spec.js","",""
"","7373","shares page | heroBanner | signupBtn","chromium-CySEC-it-it-unauthorised","2026-09-30","passed","2026-09-30","","cta/generated.cta.spec.js","",""
"","7592","interestRates page | heroBanner | signupBtn","chromium-SCB-mn-unregistered","2026-09-30","passed","2026-09-30","","cta/generated.cta.spec.js","",""
"","7239","cryptocurrencies page | tradingInstrument | buyBtn","chromium-CMA-ar-unregistered","2026-09-30","passed","2026-09-30","","cta/generated.cta.spec.js","",""
"","7494","markets page | tradingInstrument | shortPositionGoToPlatformBtn","chromium-SCB-en-unauthorised","2026-09-30","passed","2026-09-30","","cta/generated.cta.spec.js","",""
"","7236","commodities page | tradingInstrument | viewDetailedChartBtn","chromium-ASIC-en-unauthorised","2026-09-30","passed","2026-09-30","","cta/generated.cta.spec.js","",""
"","7300","forex page | tradingInstrument | sellBtn","chromium-SCB-en-unauthorised","2026-09-30","passed","2026-09-30","","cta/generated.cta.spec.js","",""
"","8096","markets page | tradingInstrument | shortPositionGoToPlatformBtn","chromium-CySEC-nl-nl-unauthorised","2026-09-30","passed","2026-09-30","","cta/generated.cta.spec.js","",""
"","7938","forex page | tradingInstrument | longPositionGoToPlatformBtn","chromium-CySEC-fr-fr-unauthorised","2026-09-30","passed","2026-09-30","","cta/generated.cta.spec.js","",""
"","7004","commodities page | tradingInstrument | shortPositionGoToPlatformBtn","chromium-FCA-en-unauthorised","2026-09-30","passed","2026-09-30","","cta/generated.cta.spec.js","",""
"","6961","commodities page | heroBanner | signupBtn","chromium-SCB-fr-unauthorised","2026-09-30","passed","2026-09-30","","cta/generated.cta.spec.js","",""
"","7507","shares page | tradingInstrument | readyToJoinSignUpBtn","chromium-SCB-zh-hant-unauthorised","2026-09-30","passed","2026-09-30","","cta/generated.cta.spec.js","",""
"","9618","interestRates page | tradingInstrument | tradedBtn","chromium-CySEC-hu-hu-unauthorised","2026-09-30","passed","2026-09-30","","cta/generated.cta.spec.js","",""
"","4938","shares page | tradingInstrument | sellBtn","chromium-SCB-zh-hans-unauthorised","2026-09-30","passed","2026-09-30","","cta/generated.cta.spec.js","",""
"","7357","cryptocurrencies page | tradingInstrument | alertBtn","chromium-CySEC-de-at-unregistered","2026-09-30","passed","2026-09-30","","cta/generated.cta.spec.js","",""
"","8089","forex page | tradingInstrument | shortPositionGoToPlatformBtn","chromium-CySEC-ro-ro-unauthorised","2026-09-30","passed","2026-09-30","","cta/generated.cta.spec.js","",""
"","7802","commodities page | tradingInstrument | longPositionGoToPlatformBtn","chromium-SCB-de-unauthorised","2026-09-30","passed","2026-09-30","","cta/generated.cta.spec.js","",""
"","7365","forex page | tradingInstrument | shortPositionGoToPlatformBtn","chromium-SCB-mn-unregistered","2026-09-30","passed","2026-09-30","","cta/generated.cta.spec.js","",""
"","7628","forex page | tradingInstrument | shortPositionGoToPlatformBtn","chromium-SCB-ru-unauthorised","2026-09-30","passed","2026-09-30","","cta/generated.cta.spec.js","",""
"","6777","shares page | heroBanner | signupBtn","chromium-SCB-en-unauthorised","2026-09-30","passed","2026-09-30","","cta/generated.cta.spec.js","",""
"","9090","shares page | tradingInstrument | tradedBtn","chromium-CySEC-nl-nl-unregistered","2026-09-30","passed","2026-09-30","","cta/generated.cta.spec.js","",""
"","3547","markets page | heroBanner | signupBtn","chromium-SCB-zh-hans-unregistered","2026-09-30","passed","2026-09-30","","cta/generated.cta.spec.js","",""
"","7721","bonds page | tradingInstrument | shortPositionGoToPlatformBtn","chromium-CySEC-ro-ro-unauthorised","2026-09-30","passed","2026-09-30","","cta/generated.cta.spec.js","",""
"","7458","bonds page | tradingInstrument | alertBtn","chromium-SCB-ar-unauthorised","2026-09-30","passed","2026-09-30","","cta/generated.cta.spec.js","",""
"","6763","indices page | tradingInstrument | readyToJoinSignUpBtn","chromium-CMA-en-unauthorised","2026-09-30","passed","2026-09-30","","cta/generated.cta.spec.js","",""
"","8350","bonds page | tradingInstrument | longPositionGoToPlatformBtn","chromium-SCB-vi-unauthorised","2026-09-30","passed","2026-09-30","","cta/generated.cta.spec.js","",""
"","7509","interestRates page | tradingInstrument | longPositionGoToPlatformBtn","chromium-SCB-fr-unauthorised","2026-09-30","passed","2026-09-30","","cta/generated.cta.spec.js","",""
"","7813","cryptocurrencies page | tradingInstrument | addToFavouriteBtn","chromium-CySEC-pl-pl-unregistered","2026-09-30","passed","2026-09-30","","cta/generated.cta.spec.js","",""
"","4905","shares page | tradingInstrument | addToFavouriteBtn","chromium-SCB-zh-hans-unregistered","2026-09-30","passed","2026-09-30","","cta/generated.cta.spec.js","",""
"","7967","shares page | tradingInstrument | sellBtn","chromium-CySEC-hu-hu-unregistered","2026-09-30","passed","2026-09-30","","cta/generated.cta.spec.js","",""
"","7351","shares page | tradingInstrument | shortPositionGoToPlatformBtn","chromium-CySEC-nl-nl-unregistered","2026-09-30","passed","2026-09-30","","cta/generated.cta.spec.js","",""
"","7598","indices page | tradingInstrument | sellBtn","chromium-SCB-mn-unregistered","2026-09-30","passed","2026-09-30","","cta/generated.cta.spec.js","",""
"","7373","indices page | tradingInstrument | shortPositionGoToPlatformBtn","chromium-CySEC-it-it-unregistered","2026-09-30","passed","2026-09-30","","cta/generated.cta.spec.js","",""
"","2759","commodities page | tradingInstrument | viewDetailedChartBtn","chromium-SCB-zh-hans-unregistered","2026-09-30","passed","2026-09-30","","cta/generated.cta.spec.js","",""
"","7247","indices page | tradingInstrument | readyToJoinSignUpBtn","chromium-CySEC-de-at-unregistered","2026-09-30","passed","2026-09-30","","cta/generated.cta.spec.js","",""
"","7370","cryptocurrencies page | tradingInstrument | buyBtn","chromium-ASIC-en-unauthorised","2026-09-30","passed","2026-09-30","","cta/generated.cta.spec.js","",""
"","7272","interestRates page | heroBanner | signupBtn","chromium-SCB-de-unauthorised","2026-09-30","passed","2026-09-30","","cta/generated.cta.spec.js","",""
"","3407","bonds page | heroBanner | signupBtn","chromium-SCB-zh-hans-unregistered","2026-09-30","passed","2026-09-30","","cta/generated.cta.spec.js","",""
"","8293","indices page | tradingInstrument | shortPositionGoToPlatformBtn","chromium-CySEC-it-it-unauthorised","2026-09-30","passed","2026-09-30","","cta/generated.cta.spec.js","",""
"","7250","indices page | tradingInstrument | alertBtn","chromium-SCB-en-unregistered","2026-09-30","passed","2026-09-30","","cta/generated.cta.spec.js","",""
"","7539","indices page | tradingInstrument | addToFavouriteBtn","chromium-ASIC-en-unregistered","2026-09-30","passed","2026-09-30","","cta/generated.cta.spec.js","",""
"","6981","marketAnalysis page | mostTradedMarketsBlock | tradedBtn","chromium-SCB-en-unauthorised","2026-09-30","passed","2026-09-30","","cta/generated.cta.spec.js","",""
"","8374","shares page | tradingInstrument | sellBtn","chromium-CySEC-nl-nl-unauthorised","2026-09-30","passed","2026-09-30","","cta/generated.cta.spec.js","",""
"","7438","cryptocurrencies page | tradingInstrument | shortPositionGoToPlatformBtn","chromium-SCB-ru-unregistered","2026-09-30","passed","2026-09-30","","cta/generated.cta.spec.js","",""
"","7955","forex page | tradingInstrument | shortPositionGoToPlatformBtn","chromium-CySEC-fr-fr-unauthorised","2026-09-30","passed","2026-09-30","","cta/generated.cta.spec.js","",""
"","7408","marketAnalysis page | mostTradedMarketsBlock | tradedBtn","chromium-SCB-fr-unregistered","2026-09-30","passed","2026-09-30","","cta/generated.cta.spec.js","",""
"","9439","commodities page | tradingInstrument | tradedBtn","chromium-ASIC-en-unregistered","2026-09-30","passed","2026-09-30","","cta/generated.cta.spec.js","",""
"","6936","marketAnalysis page | mostTradedMarketsBlock | tradedBtn","chromium-SCB-ar-unauthorised","2026-09-30","passed","2026-09-30","","cta/generated.cta.spec.js","",""
"","7634","markets page | tradingInstrument | longPositionGoToPlatformBtn","chromium-SCB-mn-unregistered","2026-09-30","passed","2026-09-30","","cta/generated.cta.spec.js","",""
"","7705","commodities page | tradingInstrument | readyToJoinSignUpBtn","chromium-CySEC-pl-pl-unauthorised","2026-09-30","passed","2026-09-30","","cta/generated.cta.spec.js","",""
"","7185","indices page | tradingInstrument | buyBtn","chromium-FCA-en-unauthorised","2026-09-30","passed","2026-09-30","","cta/generated.cta.spec.js","",""
"","7361","shares page | tradingInstrument | sellBtn","chromium-SCB-zh-hant-unregistered","2026-09-30","passed","2026-09-30","","cta/generated.cta.spec.js","",""
"","7568","markets page | tradingInstrument | longPositionGoToPlatformBtn","chromium-CySEC-el-gr-unauthorised","2026-09-30","passed","2026-09-30","","cta/generated.cta.spec.js","",""
"","7648","markets page | tradingInstrument | longPositionGoToPlatformBtn","chromium-SCB-es-unregistered","2026-09-30","passed","2026-09-30","","cta/generated.cta.spec.js","",""
"","7200","indices page | tradingInstrument | readyToJoinSignUpBtn","chromium-CySEC-fr-fr-unregistered","2026-09-30","passed","2026-09-30","","cta/generated.cta.spec.js","",""
"","8027","interestRates page | tradingInstrument | alertBtn","chromium-CySEC-el-gr-unauthorised","2026-09-30","passed","2026-09-30","","cta/generated.cta.spec.js","",""
"","6881","shares page | tradingInstrument | readyToJoinSignUpBtn","chromium-FCA-en-unregistered","2026-09-30","passed","2026-09-30","","cta/generated.cta.spec.js","",""
"","6975","markets page | tradingInstrument | shortPositionGoToPlatformBtn","chromium-CMA-ar-unauthorised","2026-09-30","passed","2026-09-30","","cta/generated.cta.spec.js","",""
"","9263","markets page | tradingInstrument | tradedBtn","chromium-ASIC-en-unregistered","2026-09-30","passed","2026-09-30","","cta/generated.cta.spec.js","",""
"","7533","interestRates page | tradingInstrument | viewDetailedChartBtn","chromium-SCB-zh-hant-unauthorised","2026-09-30","passed","2026-09-30","","cta/generated.cta.spec.js","",""
"","7400","indices page | tradingInstrument | longPositionGoToPlatformBtn","chromium-CySEC-it-it-unregistered","2026-09-30","passed","2026-09-30","","cta/generated.cta.spec.js","",""
"","7810","indices page | tradingInstrument | viewDetailedChartBtn","chromium-SCB-ar-unauthorised","2026-09-30","passed","2026-09-30","","cta/generated.cta.spec.js","",""
"","10612","financeNews page | mostTradedMarketsBlock | tradedBtn","chromium-SCB-en-unregistered","2026-09-30","passed","2026-09-30","","cta/generated.cta.spec.js","",""
"","7225","forex page | tradingInstrument | readyToJoinSignUpBtn","chromium-ASIC-en-unregistered","2026-09-30","passed","2026-09-30","","cta/generated.cta.spec.js","",""
"","7151","forex page | tradingInstrument | alertBtn","chromium-CySEC-ro-ro-unregistered","2026-09-30","passed","2026-09-30","","cta/generated.cta.spec.js","",""
"","7289","markets page | tradingInstrument | readyToJoinSignUpBtn","chromium-CySEC-en-eu-unregistered","2026-09-30","passed","2026-09-30","","cta/generated.cta.spec.js","",""
"","6920","bonds page | heroBanner | signupBtn","chromium-SCB-en-unregistered","2026-09-30","passed","2026-09-30","","cta/generated.cta.spec.js","",""
"","7484","indices page | tradingInstrument | addToFavouriteBtn","chromium-SCB-es-unregistered","2026-09-30","passed","2026-09-30","","cta/generated.cta.spec.js","",""
"","7122","interestRates page | heroBanner | signupBtn","chromium-CySEC-fr-fr-unauthorised","2026-09-30","passed","2026-09-30","","cta/generated.cta.spec.js","",""
"","6896","marketAnalysis page | mostTradedMarketsBlock | tradedBtn","chromium-SCB-es-unauthorised","2026-09-30","passed","2026-09-30","","cta/generated.cta.spec.js","",""
"","9727","shares page | tradingInstrument | tradedBtn","chromium-SCB-vi-unauthorised","2026-09-30","passed","2026-09-30","","cta/generated.cta.spec.js","",""
"","7738","interestRates page | heroBanner | signupBtn","chromium-CySEC-fr-fr-unregistered","2026-09-30","passed","2026-09-30","","cta/generated.cta.spec.js","",""
"","7346","interestRates page | tradingInstrument | sellBtn","chromium-SCB-fr-unregistered","2026-09-30","passed","2026-09-30","","cta/generated.cta.spec.js","",""
"","7631","forex page | tradingInstrument | addToFavouriteBtn","chromium-CySEC-en-eu-unregistered","2026-09-30","passed","2026-09-30","","cta/generated.cta.spec.js","",""
"","6912","interestRates page | tradingInstrument | shortPositionGoToPlatformBtn","chromium-CMA-ar-unauthorised","2026-09-30","passed","2026-09-30","","cta/generated.cta.spec.js","",""
"","7585","indices page | tradingInstrument | alertBtn","chromium-CySEC-ro-ro-unauthorised","2026-09-30","passed","2026-09-30","","cta/generated.cta.spec.js","",""
"","7035","bonds page | tradingInstrument | alertBtn","chromium-SCB-vi-unregistered","2026-09-30","passed","2026-09-30","","cta/generated.cta.spec.js","",""
"","7614","cryptocurrencies page | tradingInstrument | addToFavouriteBtn","chromium-SCB-ru-unregistered","2026-09-30","passed","2026-09-30","","cta/generated.cta.spec.js","",""
"","6957","interestRates page | tradingInstrument | readyToJoinSignUpBtn","chromium-CMA-ar-unauthorised","2026-09-30","passed","2026-09-30","","cta/generated.cta.spec.js","",""
"","12330","forex page | tradingInstrument | tradedBtn","chromium-SCB-ru-unregistered","2026-09-30","failed","2026-09-30","","cta/generated.cta.spec.js","",""
"","8482","bonds page | tradingInstrument | longPositionGoToPlatformBtn","chromium-SCB-fr-unauthorised","2026-09-30","passed","2026-09-30","","cta/generated.cta.spec.js","",""
"","9648","markets page | tradingInstrument | tradedBtn","chromium-CySEC-fr-fr-unauthorised","2026-09-30","passed","2026-09-30","","cta/generated.cta.spec.js","",""
"","7319","interestRates page | tradingInstrument | buyBtn","chromium-SCB-ru-unregistered","2026-09-30","passed","2026-09-30","","cta/generated.cta.spec.js","",""
"","7840","cryptocurrencies page | tradingInstrument | buyBtn","chromium-CySEC-it-it-unregistered","2026-09-30","passed","2026-09-30","","cta/generated.cta.spec.js","",""
"","7494","commodities page | tradingInstrument | readyToJoinSignUpBtn","chromium-SCB-de-unregistered","2026-09-30","passed","2026-09-30","","cta/generated.cta.spec.js","",""
"","7979","forex page | tradingInstrument | buyBtn","chromium-CySEC-en-eu-unauthorised","2026-09-30","passed","2026-09-30","","cta/generated.cta.spec.js","",""
"","7373","cryptocurrencies page | tradingInstrument | viewDetailedChartBtn","chromium-CySEC-de-at-unregistered","2026-09-30","passed","2026-09-30","","cta/generated.cta.spec.js","",""
"","7595","bonds page | tradingInstrument | longPositionGoToPlatformBtn","chromium-CySEC-hu-hu-unauthorised","2026-09-30","passed","2026-09-30","","cta/generated.cta.spec.js","",""
"","6904","bonds page | tradingInstrument | shortPositionGoToPlatformBtn","chromium-FCA-en-unregistered","2026-09-30","passed","2026-09-30","","cta/generated.cta.spec.js","",""
"","7449","cryptocurrencies page | tradingInstrument | longPositionGoToPlatformBtn","chromium-CySEC-it-it-unregistered","2026-09-30","passed","2026-09-30","","cta/generated.cta.spec.js","",""
"","6856","shares page | tradingInstrument | viewDetailedChartBtn","chromium-FCA-en-unregistered","2026-09-30","passed","2026-09-30","","cta/generated.cta.spec.js","",""
"","7198","cryptocurrencies page | tradingInstrument | readyToJoinSignUpBtn","chromium-CySEC-ro-ro-unregistered","2026-09-30","passed","2026-09-30","","cta/generated.cta.spec.js","",""
"","7501","indices page | tradingInstrument | sellBtn","chromium-CySEC-nl-nl-unregistered","2026-09-30","passed","2026-09-30","","cta/generated.cta.spec.js","",""
"","8857","shares page | tradingInstrument | alertBtn","chromium-SCB-mn-unauthorised","2026-09-30","passed","2026-09-30","","cta/generated.cta.spec.js","",""
"","8447","cryptocurrencies page | heroBanner | signupBtn","chromium-CySEC-nl-nl-unauthorised","2026-09-30","passed","2026-09-30","","cta/generated.cta.spec.js","",""
"","7203","shares page | tradingInstrument | readyToJoinSignUpBtn","chromium-SCB-fr-unregistered","2026-09-30","passed","2026-09-30","","cta/generated.cta.spec.js","",""
"","8750","markets page | tradingInstrument | alertBtn","chromium-CySEC-pl-pl-unauthorised","2026-09-30","passed","2026-09-30","","cta/generated.cta.spec.js","",""
"","9000","interestRates page | tradingInstrument | tradedBtn","chromium-SCB-zh-hant-unregistered","2026-09-30","passed","2026-09-30","","cta/generated.cta.spec.js","",""
"","7580","forex page | tradingInstrument | addToFavouriteBtn","chromium-SCB-ru-unauthorised","2026-09-30","passed","2026-09-30","","cta/generated.cta.spec.js","",""
"","3328","commodities page | tradingInstrument | longPositionGoToPlatformBtn","chromium-SCB-zh-hans-unregistered","2026-09-30","passed","2026-09-30","","cta/generated.cta.spec.js","",""
"","7454","interestRates page | tradingInstrument | buyBtn","chromium-CySEC-de-at-unregistered","2026-09-30","passed","2026-09-30","","cta/generated.cta.spec.js","",""
"","7723","interestRates page | tradingInstrument | addToFavouriteBtn","chromium-SCB-fr-unregistered","2026-09-30","passed","2026-09-30","","cta/generated.cta.spec.js","",""
"","7927","markets page | tradingInstrument | addToFavouriteBtn","chromium-CySEC-en-eu-unauthorised","2026-09-30","passed","2026-09-30","","cta/generated.cta.spec.js","",""
"","9500","shares page | tradingInstrument | tradedBtn","chromium-CySEC-nl-nl-unauthorised","2026-09-30","passed","2026-09-30","","cta/generated.cta.spec.js","",""
"","7899","interestRates page | tradingInstrument | viewDetailedChartBtn","chromium-CySEC-it-it-unauthorised","2026-09-30","passed","2026-09-30","","cta/generated.cta.spec.js","",""
"","9161","bonds page | tradingInstrument | tradedBtn","chromium-CySEC-ro-ro-unregistered","2026-09-30","passed","2026-09-30","","cta/generated.cta.spec.js","",""
"","12352","shares page | tradingInstrument | tradedBtn","chromium-SCB-ar-unauthorised","2026-09-30","failed","2026-09-30","","cta/generated.cta.spec.js","",""
"","7228","commodities page | tradingInstrument | readyToJoinSignUpBtn","chromium-CySEC-it-it-unregistered","2026-09-30","passed","2026-09-30","","cta/generated.cta.spec.js","",""
"","10024","shares page | tradingInstrument | tradedBtn","chromium-CySEC-fr-fr-unauthorised","2026-09-30","passed","2026-09-30","","cta/generated.cta.spec.js","",""
"","8214","cryptocurrencies page | tradingInstrument | readyToJoinSignUpBtn","chromium-CySEC-nl-nl-unauthorised","2026-09-30","passed","2026-09-30","","cta/generated.cta.spec.js","",""
"","6911","shares page | heroBanner | signupBtn","chromium-CySEC-el-gr-unauthorised","2026-09-30","passed","2026-09-30","","cta/generated.cta.spec.js","",""
"","7093","bonds page | tradingInstrument | alertBtn","chromium-SCB-es-unregistered","2026-09-30","passed","2026-09-30","","cta/generated.cta.spec.js","",""
"","7327","forex page | tradingInstrument | viewDetailedChartBtn","chromium-SCB-en-unregistered","2026-09-30","passed","2026-09-30","","cta/generated.cta.spec.js","",""
"","7388","bonds page | tradingInstrument | alertBtn","chromium-CySEC-el-gr-unregistered","2026-09-30","passed","2026-09-30","","cta/generated.cta.spec.js","",""
"","8009","markets page | tradingInstrument | longPositionGoToPlatformBtn","chromium-CySEC-it-it-unauthorised","2026-09-30","passed","2026-09-30","","cta/generated.cta.spec.js","",""
"","7147","forex page | tradingInstrument | readyToJoinSignUpBtn","chromium-CySEC-pl-pl-unregistered","2026-09-30","passed","2026-09-30","","cta/generated.cta.spec.js","",""
"","7111","interestRates page | tradingInstrument | viewDetailedChartBtn","chromium-CySEC-de-at-unauthorised","2026-09-30","passed","2026-09-30","","cta/generated.cta.spec.js","",""
"","7388","indices page | tradingInstrument | longPositionGoToPlatformBtn","chromium-CySEC-de-de-unregistered","2026-09-30","passed","2026-09-30","","cta/generated.cta.spec.js","",""
"","7932","markets page | tradingInstrument | shortPositionGoToPlatformBtn","chromium-CySEC-it-it-unauthorised","2026-09-30","passed","2026-09-30","","cta/generated.cta.spec.js","",""
"","7214","marketAnalysis page | mostTradedMarketsBlock | tradedBtn","chromium-SCB-ar-unregistered","2026-09-30","passed","2026-09-30","","cta/generated.cta.spec.js","",""
"","7304","bonds page | tradingInstrument | sellBtn","chromium-CySEC-pl-pl-unregistered","2026-09-30","passed","2026-09-30","","cta/generated.cta.spec.js","",""
"","7417","forex page | heroBanner | signupBtn","chromium-CySEC-it-it-unregistered","2026-09-30","passed","2026-09-30","","cta/generated.cta.spec.js","",""
"","9570","forex page | tradingInstrument | tradedBtn","chromium-SCB-mn-unauthorised","2026-09-30","passed","2026-09-30","","cta/generated.cta.spec.js","",""
"","9246","forex page | tradingInstrument | tradedBtn","chromium-CySEC-hu-hu-unregistered","2026-09-30","passed","2026-09-30","","cta/generated.cta.spec.js","",""
"","7507","indices page | tradingInstrument | readyToJoinSignUpBtn","chromium-SCB-zh-hant-unauthorised","2026-09-30","passed","2026-09-30","","cta/generated.cta.spec.js","",""
"","6998","commodities page | tradingInstrument | longPositionGoToPlatformBtn","chromium-FCA-en-unauthorised","2026-09-30","passed","2026-09-30","","cta/generated.cta.spec.js","",""
"","7808","shares page | tradingInstrument | sellBtn","chromium-ASIC-en-unregistered","2026-09-30","passed","2026-09-30","","cta/generated.cta.spec.js","",""
"","7164","indices page | tradingInstrument | viewDetailedChartBtn","chromium-ASIC-en-unauthorised","2026-09-30","passed","2026-09-30","","cta/generated.cta.spec.js","",""
"","6650","interestRates page | tradingInstrument | viewDetailedChartBtn","chromium-CMA-en-unauthorised","2026-09-30","passed","2026-09-30","","cta/generated.cta.spec.js","",""
"","7496","indices page | tradingInstrument | alertBtn","chromium-CySEC-fr-fr-unauthorised","2026-09-30","passed","2026-09-30","","cta/generated.cta.spec.js","",""
"","7443","commodities page | tradingInstrument | longPositionGoToPlatformBtn","chromium-CySEC-nl-nl-unregistered","2026-09-30","passed","2026-09-30","","cta/generated.cta.spec.js","",""
"","9354","indices page | tradingInstrument | tradedBtn","chromium-SCB-en-unregistered","2026-09-30","passed","2026-09-30","","cta/generated.cta.spec.js","",""
"","7368","indices page | tradingInstrument | addToFavouriteBtn","chromium-CySEC-de-at-unauthorised","2026-09-30","passed","2026-09-30","","cta/generated.cta.spec.js","",""
"","7604","markets page | tradingInstrument | sellBtn","chromium-SCB-zh-hant-unauthorised","2026-09-30","passed","2026-09-30","","cta/generated.cta.spec.js","",""
"","7250","forex page | tradingInstrument | viewDetailedChartBtn","chromium-CySEC-hu-hu-unregistered","2026-09-30","passed","2026-09-30","","cta/generated.cta.spec.js","",""
"","7480","indices page | tradingInstrument | longPositionGoToPlatformBtn","chromium-CySEC-de-at-unauthorised","2026-09-30","passed","2026-09-30","","cta/generated.cta.spec.js","",""
"","6844","indices page | tradingInstrument | alertBtn","chromium-CMA-en-unregistered","2026-09-30","passed","2026-09-30","","cta/generated.cta.spec.js","",""
"","7173","forex page | tradingInstrument | viewDetailedChartBtn","chromium-CySEC-de-de-unregistered","2026-09-30","passed","2026-09-30","","cta/generated.cta.spec.js","",""
"","13005","forex page | tradingInstrument | tradedBtn","chromium-SCB-ar-unauthorised","2026-09-30","failed","2026-09-30","","cta/generated.cta.spec.js","",""
"","7865","forex page | tradingInstrument | addToFavouriteBtn","chromium-CySEC-pl-pl-unauthorised","2026-09-30","passed","2026-09-30","","cta/generated.cta.spec.js","",""
"","6906","marketPricing page | readyToJoinBlock | signupBtn","chromium-CySEC-it-it-unregistered","2026-09-30","passed","2026-09-30","","cta/generated.cta.spec.js","",""
"","9029","interestRates page | tradingInstrument | longPositionGoToPlatformBtn","chromium-SCB-ar-unauthorised","2026-09-30","passed","2026-09-30","","cta/generated.cta.spec.js","",""
"","7748","commodities page | tradingInstrument | readyToJoinSignUpBtn","chromium-CySEC-el-gr-unauthorised","2026-09-30","passed","2026-09-30","","cta/generated.cta.spec.js","",""
"","7169","interestRates page | heroBanner | signupBtn","chromium-SCB-ar-unregistered","2026-09-30","passed","2026-09-30","","cta/generated.cta.spec.js","",""
"","7915","commodities page | tradingInstrument | longPositionGoToPlatformBtn","chromium-CySEC-pl-pl-unauthorised","2026-09-30","passed","2026-09-30","","cta/generated.cta.spec.js","",""
"","7284","interestRates page | tradingInstrument | shortPositionGoToPlatformBtn","chromium-CySEC-it-it-unregistered","2026-09-30","passed","2026-09-30","","cta/generated.cta.spec.js","",""
"","7384","markets page | tradingInstrument | viewDetailedChartBtn","chromium-SCB-vi-unauthorised","2026-09-30","passed","2026-09-30","","cta/generated.cta.spec.js","",""
"","7314","indices page | tradingInstrument | longPositionGoToPlatformBtn","chromium-CMA-en-unregistered","2026-09-30","passed","2026-09-30","","cta/generated.cta.spec.js","",""
"","4753","bonds page | tradingInstrument | addToFavouriteBtn","chromium-SCB-zh-hans-unregistered","2026-09-30","passed","2026-09-30","","cta/generated.cta.spec.js","",""
"","7173","cryptocurrencies page | tradingInstrument | alertBtn","chromium-CySEC-it-it-unregistered","2026-09-30","passed","2026-09-30","","cta/generated.cta.spec.js","",""
"","7160","cryptocurrencies page | tradingInstrument | alertBtn","chromium-CySEC-ro-ro-unregistered","2026-09-30","passed","2026-09-30","","cta/generated.cta.spec.js","",""
"","7387","commodities page | tradingInstrument | longPositionGoToPlatformBtn","chromium-ASIC-en-unauthorised","2026-09-30","passed","2026-09-30","","cta/generated.cta.spec.js","",""
"","7151","commodities page | heroBanner | signupBtn","chromium-CySEC-it-it-unauthorised","2026-09-30","passed","2026-09-30","","cta/generated.cta.spec.js","",""
"","7212","bonds page | tradingInstrument | sellBtn","chromium-SCB-mn-unregistered","2026-09-30","passed","2026-09-30","","cta/generated.cta.spec.js","",""
"","7158","bonds page | tradingInstrument | alertBtn","chromium-ASIC-en-unauthorised","2026-09-30","passed","2026-09-30","","cta/generated.cta.spec.js","",""
"","6897","bonds page | heroBanner | signupBtn","chromium-SCB-mn-unauthorised","2026-09-30","passed","2026-09-30","","cta/generated.cta.spec.js","",""
"","9377","forex page | tradingInstrument | tradedBtn","chromium-SCB-mn-unregistered","2026-09-30","passed","2026-09-30","","cta/generated.cta.spec.js","",""
"","7200","commodities page | tradingInstrument | alertBtn","chromium-CySEC-de-at-unauthorised","2026-09-30","passed","2026-09-30","","cta/generated.cta.spec.js","",""
"","6813","interestRates page | tradingInstrument | longPositionGoToPlatformBtn","chromium-FCA-en-unregistered","2026-09-30","passed","2026-09-30","","cta/generated.cta.spec.js","",""
"","7754","commodities page | tradingInstrument | sellBtn","chromium-CySEC-el-gr-unauthorised","2026-09-30","passed","2026-09-30","","cta/generated.cta.spec.js","",""
"","8055","markets page | tradingInstrument | buyBtn","chromium-CySEC-pl-pl-unauthorised","2026-09-30","passed","2026-09-30","","cta/generated.cta.spec.js","",""
"","7354","forex page | tradingInstrument | readyToJoinSignUpBtn","chromium-CySEC-de-at-unregistered","2026-09-30","passed","2026-09-30","","cta/generated.cta.spec.js","",""
"","3352","bonds page | tradingInstrument | longPositionGoToPlatformBtn","chromium-SCB-zh-hans-unregistered","2026-09-30","passed","2026-09-30","","cta/generated.cta.spec.js","",""
"","9272","forex page | tradingInstrument | tradedBtn","chromium-CySEC-de-at-unregistered","2026-09-30","passed","2026-09-30","","cta/generated.cta.spec.js","",""
"","7698","interestRates page | tradingInstrument | readyToJoinSignUpBtn","chromium-SCB-mn-unregistered","2026-09-30","passed","2026-09-30","","cta/generated.cta.spec.js","",""
"","7626","interestRates page | tradingInstrument | sellBtn","chromium-SCB-mn-unauthorised","2026-09-30","passed","2026-09-30","","cta/generated.cta.spec.js","",""
"","7383","indices page | tradingInstrument | buyBtn","chromium-SCB-es-unregistered","2026-09-30","passed","2026-09-30","","cta/generated.cta.spec.js","",""
"","7450","indices page | tradingInstrument | longPositionGoToPlatformBtn","chromium-SCB-ru-unregistered","2026-09-30","passed","2026-09-30","","cta/generated.cta.spec.js","",""
"","7409","cryptocurrencies page | tradingInstrument | longPositionGoToPlatformBtn","chromium-CySEC-pl-pl-unregistered","2026-09-30","passed","2026-09-30","","cta/generated.cta.spec.js","",""
"","7127","markets page | heroBanner | signupBtn","chromium-CySEC-de-de-unauthorised","2026-09-30","passed","2026-09-30","","cta/generated.cta.spec.js","",""
"","6777","commodities page | tradingInstrument | viewDetailedChartBtn","chromium-CMA-ar-unregistered","2026-09-30","passed","2026-09-30","","cta/generated.cta.spec.js","",""
"","7617","commodities page | tradingInstrument | readyToJoinSignUpBtn","chromium-CySEC-en-eu-unauthorised","2026-09-30","passed","2026-09-30","","cta/generated.cta.spec.js","",""
"","7698","forex page | tradingInstrument | longPositionGoToPlatformBtn","chromium-CySEC-pl-pl-unauthorised","2026-09-30","passed","2026-09-30","","cta/generated.cta.spec.js","",""
"","7514","shares page | tradingInstrument | sellBtn","chromium-SCB-mn-unauthorised","2026-09-30","passed","2026-09-30","","cta/generated.cta.spec.js","",""
"","6781","bonds page | tradingInstrument | viewDetailedChartBtn","chromium-CMA-ar-unregistered","2026-09-30","passed","2026-09-30","","cta/generated.cta.spec.js","",""
"","7101","interestRates page | tradingInstrument | alertBtn","chromium-CySEC-pl-pl-unregistered","2026-09-30","passed","2026-09-30","","cta/generated.cta.spec.js","",""
"","7780","commodities page | tradingInstrument | shortPositionGoToPlatformBtn","chromium-CySEC-it-it-unauthorised","2026-09-30","passed","2026-09-30","","cta/generated.cta.spec.js","",""
"","7737","bonds page | tradingInstrument | buyBtn","chromium-CySEC-en-eu-unregistered","2026-09-30","passed","2026-09-30","","cta/generated.cta.spec.js","",""
"","7750","markets page | tradingInstrument | sellBtn","chromium-SCB-es-unauthorised","2026-09-30","passed","2026-09-30","","cta/generated.cta.spec.js","",""
"","9596","markets page | tradingInstrument | tradedBtn","chromium-CySEC-hu-hu-unregistered","2026-09-30","passed","2026-09-30","","cta/generated.cta.spec.js","",""
"","7205","shares page | tradingInstrument | alertBtn","chromium-SCB-ru-unregistered","2026-09-30","passed","2026-09-30","","cta/generated.cta.spec.js","",""
"","9469","commodities page | tradingInstrument | tradedBtn","chromium-SCB-vi-unauthorised","2026-09-30","passed","2026-09-30","","cta/generated.cta.spec.js","",""
"","7352","bonds page | tradingInstrument | buyBtn","chromium-SCB-ru-unregistered","2026-09-30","passed","2026-09-30","","cta/generated.cta.spec.js","",""
"","7298","indices page | tradingInstrument | longPositionGoToPlatformBtn","chromium-CySEC-de-at-unregistered","2026-09-30","passed","2026-09-30","","cta/generated.cta.spec.js","",""
"","9287","commodities page | tradingInstrument | tradedBtn","chromium-SCB-mn-unregistered","2026-09-30","passed","2026-09-30","","cta/generated.cta.spec.js","",""
"","6837","bonds page | tradingInstrument | longPositionGoToPlatformBtn","chromium-FCA-en-unregistered","2026-09-30","passed","2026-09-30","","cta/generated.cta.spec.js","",""
"","8085","cryptocurrencies page | tradingInstrument | viewDetailedChartBtn","chromium-CySEC-el-gr-unauthorised","2026-09-30","passed","2026-09-30","","cta/generated.cta.spec.js","",""
"","7029","shares page | tradingInstrument | addToFavouriteBtn","chromium-CMA-en-unauthorised","2026-09-30","passed","2026-09-30","","cta/generated.cta.spec.js","",""
"","7422","commodities page | tradingInstrument | shortPositionGoToPlatformBtn","chromium-CySEC-el-gr-unregistered","2026-09-30","passed","2026-09-30","","cta/generated.cta.spec.js","",""
"","6547","marketAnalysis page | mostTradedMarketsBlock | tradedBtn","chromium-CMA-en-unregistered","2026-09-30","passed","2026-09-30","","cta/generated.cta.spec.js","",""
"","7309","indices page | tradingInstrument | shortPositionGoToPlatformBtn","chromium-CySEC-nl-nl-unregistered","2026-09-30","passed","2026-09-30","","cta/generated.cta.spec.js","",""
"","2897","indices page | heroBanner | signupBtn","chromium-SCB-zh-hans-unregistered","2026-09-30","passed","2026-09-30","","cta/generated.cta.spec.js","",""
"","7037","markets page | tradingInstrument | addToFavouriteBtn","chromium-CMA-en-unregistered","2026-09-30","passed","2026-09-30","","cta/generated.cta.spec.js","",""
"","7386","marketAnalysis page | mostTradedMarketsBlock | tradedBtn","chromium-SCB-fr-unauthorised","2026-09-30","passed","2026-09-30","","cta/generated.cta.spec.js","",""
"","7213","forex page | tradingInstrument | readyToJoinSignUpBtn","chromium-CySEC-de-at-unauthorised","2026-09-30","passed","2026-09-30","","cta/generated.cta.spec.js","",""
"","7684","commodities page | tradingInstrument | addToFavouriteBtn","chromium-FCA-en-unregistered","2026-09-30","passed","2026-09-30","","cta/generated.cta.spec.js","",""
"","7822","markets page | tradingInstrument | sellBtn","chromium-CySEC-en-eu-unregistered","2026-09-30","passed","2026-09-30","","cta/generated.cta.spec.js","",""
"","7220","commodities page | tradingInstrument | longPositionGoToPlatformBtn","chromium-FCA-en-unregistered","2026-09-30","passed","2026-09-30","","cta/generated.cta.spec.js","",""
"","9450","shares page | tradingInstrument | tradedBtn","chromium-SCB-en-unregistered","2026-09-30","passed","2026-09-30","","cta/generated.cta.spec.js","",""
"","11727","forex page | tradingInstrument | tradedBtn","chromium-CMA-ar-unauthorised","2026-09-30","failed","2026-09-30","","cta/generated.cta.spec.js","",""
"","7692","bonds page | tradingInstrument | longPositionGoToPlatformBtn","chromium-CySEC-it-it-unauthorised","2026-09-30","passed","2026-09-30","","cta/generated.cta.spec.js","",""
"","7164","cryptocurrencies page | heroBanner | signupBtn","chromium-SCB-es-unregistered","2026-09-30","passed","2026-09-30","","cta/generated.cta.spec.js","",""
"","7202","interestRates page | tradingInstrument | sellBtn","chromium-CySEC-hu-hu-unregistered","2026-09-30","passed","2026-09-30","","cta/generated.cta.spec.js","",""
"","7579","indices page | tradingInstrument | viewDetailedChartBtn","chromium-ASIC-en-unregistered","2026-09-30","passed","2026-09-30","","cta/generated.cta.spec.js","",""
"","7232","shares page | tradingInstrument | viewDetailedChartBtn","chromium-CySEC-en-eu-unregistered","2026-09-30","passed","2026-09-30","","cta/generated.cta.spec.js","",""
"","8659","indices page | tradingInstrument | addToFavouriteBtn","chromium-CySEC-fr-fr-unauthorised","2026-09-30","passed","2026-09-30","","cta/generated.cta.spec.js","",""
"","7170","markets page | heroBanner | signupBtn","chromium-SCB-mn-unregistered","2026-09-30","passed","2026-09-30","","cta/generated.cta.spec.js","",""
"","7321","cryptocurrencies page | tradingInstrument | buyBtn","chromium-SCB-vi-unregistered","2026-09-30","passed","2026-09-30","","cta/generated.cta.spec.js","",""
"","7171","interestRates page | tradingInstrument | longPositionGoToPlatformBtn","chromium-CySEC-nl-nl-unregistered","2026-09-30","passed","2026-09-30","","cta/generated.cta.spec.js","",""
"","7213","forex page | tradingInstrument | alertBtn","chromium-SCB-en-unregistered","2026-09-30","passed","2026-09-30","","cta/generated.cta.spec.js","",""
"","3079","shares page | tradingInstrument | readyToJoinSignUpBtn","chromium-SCB-zh-hans-unregistered","2026-09-30","passed","2026-09-30","","cta/generated.cta.spec.js","",""
"","9280","cryptocurrencies page | tradingInstrument | viewDetailedChartBtn","chromium-CySEC-de-de-unauthorised","2026-09-30","passed","2026-09-30","","cta/generated.cta.spec.js","",""
"","8720","shares page | tradingInstrument | tradedBtn","chromium-CMA-en-unauthorised","2026-09-30","passed","2026-09-30","","cta/generated.cta.spec.js","",""
"","6785","interestRates page | tradingInstrument | shortPositionGoToPlatformBtn","chromium-FCA-en-unauthorised","2026-09-30","passed","2026-09-30","","cta/generated.cta.spec.js","",""
"","7480","markets page | tradingInstrument | buyBtn","chromium-SCB-zh-hant-unregistered","2026-09-30","passed","2026-09-30","","cta/generated.cta.spec.js","",""
"","9107","bonds page | tradingInstrument | tradedBtn","chromium-CySEC-en-eu-unregistered","2026-09-30","passed","2026-09-30","","cta/generated.cta.spec.js","",""
"","7798","markets page | tradingInstrument | addToFavouriteBtn","chromium-CySEC-hu-hu-unauthorised","2026-09-30","passed","2026-09-30","","cta/generated.cta.spec.js","",""
"","7523","shares page | tradingInstrument | shortPositionGoToPlatformBtn","chromium-ASIC-en-unregistered","2026-09-30","passed","2026-09-30","","cta/generated.cta.spec.js","",""
"","7763","interestRates page | tradingInstrument | buyBtn","chromium-SCB-mn-unauthorised","2026-09-30","passed","2026-09-30","","cta/generated.cta.spec.js","",""
"","7640","interestRates page | tradingInstrument | addToFavouriteBtn","chromium-CySEC-el-gr-unauthorised","2026-09-30","passed","2026-09-30","","cta/generated.cta.spec.js","",""
"","7347","bonds page | tradingInstrument | shortPositionGoToPlatformBtn","chromium-SCB-ru-unregistered","2026-09-30","passed","2026-09-30","","cta/generated.cta.spec.js","",""
"","7740","shares page | tradingInstrument | shortPositionGoToPlatformBtn","chromium-CySEC-pl-pl-unauthorised","2026-09-30","passed","2026-09-30","","cta/generated.cta.spec.js","",""
"","7463","forex page | tradingInstrument | longPositionGoToPlatformBtn","chromium-ASIC-en-unauthorised","2026-09-30","passed","2026-09-30","","cta/generated.cta.spec.js","",""
"","8806","commodities page | tradingInstrument | sellBtn","chromium-CySEC-de-de-unauthorised","2026-09-30","passed","2026-09-30","","cta/generated.cta.spec.js","",""
"","6782","commodities page | heroBanner | signupBtn","chromium-CySEC-el-gr-unregistered","2026-09-30","passed","2026-09-30","","cta/generated.cta.spec.js","",""
"","8514","indices page | tradingInstrument | viewDetailedChartBtn","chromium-CySEC-el-gr-unauthorised","2026-09-30","passed","2026-09-30","","cta/generated.cta.spec.js","",""
"","9011","commodities page | tradingInstrument | alertBtn","chromium-CySEC-fr-fr-unauthorised","2026-09-30","passed","2026-09-30","","cta/generated.cta.spec.js","",""
"","7350","markets page | tradingInstrument | viewDetailedChartBtn","chromium-SCB-en-unregistered","2026-09-30","passed","2026-09-30","","cta/generated.cta.spec.js","",""
"","11703","bonds page | tradingInstrument | tradedBtn","chromium-CMA-ar-unregistered","2026-09-30","failed","2026-09-30","","cta/generated.cta.spec.js","",""
"","6147","interestRates page | heroBanner | signupBtn","chromium-CMA-en-unauthorised","2026-09-30","passed","2026-09-30","","cta/generated.cta.spec.js","",""
"","7351","forex page | tradingInstrument | buyBtn","chromium-SCB-es-unregistered","2026-09-30","passed","2026-09-30","","cta/generated.cta.spec.js","",""
"","3044","indices page | tradingInstrument | alertBtn","chromium-SCB-zh-hans-unregistered","2026-09-30","passed","2026-09-30","","cta/generated.cta.spec.js","",""
"","7102","bonds page | tradingInstrument | readyToJoinSignUpBtn","chromium-SCB-fr-unregistered","2026-09-30","passed","2026-09-30","","cta/generated.cta.spec.js","",""
"","8703","interestRates page | tradingInstrument | sellBtn","chromium-SCB-de-unauthorised","2026-09-30","passed","2026-09-30","","cta/generated.cta.spec.js","",""
"","7244","commodities page | heroBanner | signupBtn","chromium-CySEC-nl-nl-unauthorised","2026-09-30","passed","2026-09-30","","cta/generated.cta.spec.js","",""
"","9284","shares page | tradingInstrument | tradedBtn","chromium-CySEC-it-it-unregistered","2026-09-30","passed","2026-09-30","","cta/generated.cta.spec.js","",""
"","7143","interestRates page | tradingInstrument | readyToJoinSignUpBtn","chromium-ASIC-en-unauthorised","2026-09-30","passed","2026-09-30","","cta/generated.cta.spec.js","",""
"","7146","indices page | tradingInstrument | viewDetailedChartBtn","chromium-CySEC-hu-hu-unregistered","2026-09-30","passed","2026-09-30","","cta/generated.cta.spec.js","",""
"","8761","markets page | tradingInstrument | sellBtn","chromium-CySEC-ro-ro-unauthorised","2026-09-30","passed","2026-09-30","","cta/generated.cta.spec.js","",""
"","8168","bonds page | tradingInstrument | longPositionGoToPlatformBtn","chromium-SCB-de-unauthorised","2026-09-30","passed","2026-09-30","","cta/generated.cta.spec.js","",""
"","9067","bonds page | tradingInstrument | alertBtn","chromium-CySEC-fr-fr-unauthorised","2026-09-30","passed","2026-09-30","","cta/generated.cta.spec.js","",""
"","5051","indices page | tradingInstrument | addToFavouriteBtn","chromium-SCB-zh-hans-unauthorised","2026-09-30","passed","2026-09-30","","cta/generated.cta.spec.js","",""
"","7865","shares page | tradingInstrument | longPositionGoToPlatformBtn","chromium-CySEC-en-eu-unauthorised","2026-09-30","passed","2026-09-30","","cta/generated.cta.spec.js","",""
"","7650","indices page | tradingInstrument | alertBtn","chromium-SCB-fr-unregistered","2026-09-30","passed","2026-09-30","","cta/generated.cta.spec.js","",""
"","7568","shares page | tradingInstrument | buyBtn","chromium-CySEC-nl-nl-unregistered","2026-09-30","passed","2026-09-30","","cta/generated.cta.spec.js","",""
"","7316","cryptocurrencies page | tradingInstrument | longPositionGoToPlatformBtn","chromium-SCB-vi-unregistered","2026-09-30","passed","2026-09-30","","cta/generated.cta.spec.js","",""
"","6759","markets page | tradingInstrument | alertBtn","chromium-FCA-en-unregistered","2026-09-30","passed","2026-09-30","","cta/generated.cta.spec.js","",""
"","3000","bonds page | tradingInstrument | viewDetailedChartBtn","chromium-SCB-zh-hans-unregistered","2026-09-30","passed","2026-09-30","","cta/generated.cta.spec.js","",""
"","7290","forex page | heroBanner | signupBtn","chromium-SCB-ar-unregistered","2026-09-30","passed","2026-09-30","","cta/generated.cta.spec.js","",""
"","7642","cryptocurrencies page | tradingInstrument | alertBtn","chromium-SCB-ar-unauthorised","2026-09-30","passed","2026-09-30","","cta/generated.cta.spec.js","",""
"","7367","forex page | tradingInstrument | viewDetailedChartBtn","chromium-CySEC-el-gr-unauthorised","2026-09-30","passed","2026-09-30","","cta/generated.cta.spec.js","",""
"","7551","forex page | tradingInstrument | alertBtn","chromium-CySEC-fr-fr-unauthorised","2026-09-30","passed","2026-09-30","","cta/generated.cta.spec.js","",""
"","8688","cryptocurrencies page | tradingInstrument | shortPositionGoToPlatformBtn","chromium-CySEC-fr-fr-unauthorised","2026-09-30","passed","2026-09-30","","cta/generated.cta.spec.js","",""
"","7144","interestRates page | tradingInstrument | readyToJoinSignUpBtn","chromium-CySEC-el-gr-unregistered","2026-09-30","passed","2026-09-30","","cta/generated.cta.spec.js","",""
"","9645","interestRates page | tradingInstrument | tradedBtn","chromium-CySEC-de-de-unauthorised","2026-09-30","passed","2026-09-30","","cta/generated.cta.spec.js","",""
"","7451","forex page | tradingInstrument | longPositionGoToPlatformBtn","chromium-SCB-zh-hant-unregistered","2026-09-30","passed","2026-09-30","","cta/generated.cta.spec.js","",""
"","8382","commodities page | tradingInstrument | viewDetailedChartBtn","chromium-CySEC-it-it-unauthorised","2026-09-30","passed","2026-09-30","","cta/generated.cta.spec.js","",""
"","7253","bonds page | tradingInstrument | longPositionGoToPlatformBtn","chromium-SCB-en-unauthorised","2026-09-30","passed","2026-09-30","","cta/generated.cta.spec.js","",""
"","9248","commodities page | tradingInstrument | tradedBtn","chromium-SCB-en-unauthorised","2026-09-30","passed","2026-09-30","","cta/generated.cta.spec.js","",""
"","7540","markets page | tradingInstrument | longPositionGoToPlatformBtn","chromium-SCB-de-unregistered","2026-09-30","passed","2026-09-30","","cta/generated.cta.spec.js","",""
"","7708","cryptocurrencies page | tradingInstrument | shortPositionGoToPlatformBtn","chromium-CySEC-hu-hu-unauthorised","2026-09-30","passed","2026-09-30","","cta/generated.cta.spec.js","",""
"","7482","forex page | tradingInstrument | buyBtn","chromium-SCB-zh-hant-unregistered","2026-09-30","passed","2026-09-30","","cta/generated.cta.spec.js","",""
"","7199","shares page | tradingInstrument | alertBtn","chromium-SCB-fr-unregistered","2026-09-30","passed","2026-09-30","","cta/generated.cta.spec.js","",""
"","8534","interestRates page | tradingInstrument | buyBtn","chromium-CySEC-en-eu-unauthorised","2026-09-30","passed","2026-09-30","","cta/generated.cta.spec.js","",""
"","7516","bonds page | tradingInstrument | shortPositionGoToPlatformBtn","chromium-SCB-fr-unauthorised","2026-09-30","passed","2026-09-30","","cta/generated.cta.spec.js","",""
"","7604","commodities page | tradingInstrument | readyToJoinSignUpBtn","chromium-SCB-mn-unauthorised","2026-09-30","passed","2026-09-30","","cta/generated.cta.spec.js","",""
"","5142","markets page | tradingInstrument | longPositionGoToPlatformBtn","chromium-SCB-zh-hans-unauthorised","2026-09-30","passed","2026-09-30","","cta/generated.cta.spec.js","",""
"","7394","shares page | tradingInstrument | addToFavouriteBtn","chromium-CySEC-it-it-unregistered","2026-09-30","passed","2026-09-30","","cta/generated.cta.spec.js","",""
"","7906","indices page | tradingInstrument | sellBtn","chromium-CySEC-fr-fr-unauthorised","2026-09-30","passed","2026-09-30","","cta/generated.cta.spec.js","",""
"","7704","forex page | tradingInstrument | readyToJoinSignUpBtn","chromium-CySEC-fr-fr-unauthorised","2026-09-30","passed","2026-09-30","","cta/generated.cta.spec.js","",""
"","8988","commodities page | tradingInstrument | buyBtn","chromium-CySEC-ro-ro-unauthorised","2026-09-30","passed","2026-09-30","","cta/generated.cta.spec.js","",""
"","7080","shares page | heroBanner | signupBtn","chromium-SCB-ar-unregistered","2026-09-30","passed","2026-09-30","","cta/generated.cta.spec.js","",""
"","8346","forex page | tradingInstrument | longPositionGoToPlatformBtn","chromium-CySEC-nl-nl-unauthorised","2026-09-30","passed","2026-09-30","","cta/generated.cta.spec.js","",""
"","6964","commodities page | heroBanner | signupBtn","chromium-SCB-ru-unauthorised","2026-09-30","passed","2026-09-30","","cta/generated.cta.spec.js","",""
"","7225","markets page | tradingInstrument | readyToJoinSignUpBtn","chromium-SCB-es-unregistered","2026-09-30","passed","2026-09-30","","cta/generated.cta.spec.js","",""
"","9161","interestRates page | tradingInstrument | tradedBtn","chromium-SCB-de-unregistered","2026-09-30","passed","2026-09-30","","cta/generated.cta.spec.js","",""
"","7234","shares page | tradingInstrument | readyToJoinSignUpBtn","chromium-SCB-ru-unregistered","2026-09-30","passed","2026-09-30","","cta/generated.cta.spec.js","",""
"","7015","cryptocurrencies page | heroBanner | signupBtn","chromium-CySEC-pl-pl-unauthorised","2026-09-30","passed","2026-09-30","","cta/generated.cta.spec.js","",""
"","7196","indices page | tradingInstrument | addToFavouriteBtn","chromium-ASIC-en-unauthorised","2026-09-30","passed","2026-09-30","","cta/generated.cta.spec.js","",""
"","7619","indices page | tradingInstrument | shortPositionGoToPlatformBtn","chromium-SCB-fr-unauthorised","2026-09-30","passed","2026-09-30","","cta/generated.cta.spec.js","",""
"","7448","interestRates page | tradingInstrument | addToFavouriteBtn","chromium-SCB-fr-unauthorised","2026-09-30","passed","2026-09-30","","cta/generated.cta.spec.js","",""
"","6910","forex page | tradingInstrument | viewDetailedChartBtn","chromium-CMA-en-unregistered","2026-09-30","passed","2026-09-30","","cta/generated.cta.spec.js","",""
"","6922","markets page | tradingInstrument | readyToJoinSignUpBtn","chromium-CMA-ar-unregistered","2026-09-30","passed","2026-09-30","","cta/generated.cta.spec.js","",""
"","7256","markets page | heroBanner | signupBtn","chromium-ASIC-en-unregistered","2026-09-30","passed","2026-09-30","","cta/generated.cta.spec.js","",""
"","7908","bonds page | tradingInstrument | alertBtn","chromium-SCB-vi-unauthorised","2026-09-30","passed","2026-09-30","","cta/generated.cta.spec.js","",""
"","7877","interestRates page | tradingInstrument | buyBtn","chromium-CySEC-fr-fr-unauthorised","2026-09-30","passed","2026-09-30","","cta/generated.cta.spec.js","",""
"","7261","bonds page | tradingInstrument | shortPositionGoToPlatformBtn","chromium-CySEC-nl-nl-unregistered","2026-09-30","passed","2026-09-30","","cta/generated.cta.spec.js","",""
"","7599","commodities page | tradingInstrument | shortPositionGoToPlatformBtn","chromium-SCB-es-unauthorised","2026-09-30","passed","2026-09-30","","cta/generated.cta.spec.js","",""
"","7708","indices page | tradingInstrument | addToFavouriteBtn","chromium-CySEC-it-it-unregistered","2026-09-30","passed","2026-09-30","","cta/generated.cta.spec.js","",""
"","6973","indices page | heroBanner | signupBtn","chromium-SCB-zh-hant-unauthorised","2026-09-30","passed","2026-09-30","","cta/generated.cta.spec.js","",""
"","7176","cryptocurrencies page | tradingInstrument | viewDetailedChartBtn","chromium-CySEC-de-at-unauthorised","2026-09-30","passed","2026-09-30","","cta/generated.cta.spec.js","",""
"","12657","cryptocurrencies page | tradingInstrument | tradedBtn","chromium-SCB-zh-hant-unauthorised","2026-09-30","failed","2026-09-30","","cta/generated.cta.spec.js","",""
"","9273","cryptocurrencies page | tradingInstrument | tradedBtn","chromium-CySEC-de-at-unregistered","2026-09-30","passed","2026-09-30","","cta/generated.cta.spec.js","",""
"","8673","shares page | tradingInstrument | tradedBtn","chromium-CMA-ar-unregistered","2026-09-30","passed","2026-09-30","","cta/generated.cta.spec.js","",""
"","7761","markets page | tradingInstrument | longPositionGoToPlatformBtn","chromium-SCB-es-unauthorised","2026-09-30","passed","2026-09-30","","cta/generated.cta.spec.js","",""
"","7278","indices page | tradingInstrument | readyToJoinSignUpBtn","chromium-SCB-mn-unauthorised","2026-09-30","passed","2026-09-30","","cta/generated.cta.spec.js","",""
"","7389","shares page | tradingInstrument | buyBtn","chromium-ASIC-en-unauthorised","2026-09-30","passed","2026-09-30","","cta/generated.cta.spec.js","",""
"","7658","shares page | tradingInstrument | longPositionGoToPlatformBtn","chromium-ASIC-en-unregistered","2026-09-30","passed","2026-09-30","","cta/generated.cta.spec.js","",""
"","6793","shares page | tradingInstrument | alertBtn","chromium-CMA-ar-unauthorised","2026-09-30","passed","2026-09-30","","cta/generated.cta.spec.js","",""
"","7236","shares page | tradingInstrument | readyToJoinSignUpBtn","chromium-SCB-vi-unregistered","2026-09-30","passed","2026-09-30","","cta/generated.cta.spec.js","",""
"","7027","commodities page | heroBanner | signupBtn","chromium-SCB-de-unauthorised","2026-09-30","passed","2026-09-30","","cta/generated.cta.spec.js","",""
"","7503","markets page | tradingInstrument | buyBtn","chromium-SCB-ru-unregistered","2026-09-30","passed","2026-09-30","","cta/generated.cta.spec.js","",""
"","7811","interestRates page | tradingInstrument | sellBtn","chromium-CySEC-de-de-unregistered","2026-09-30","passed","2026-09-30","","cta/generated.cta.spec.js","",""
"","6946","indices page | heroBanner | signupBtn","chromium-SCB-de-unauthorised","2026-09-30","passed","2026-09-30","","cta/generated.cta.spec.js","",""
"","6979","forex page | tradingInstrument | shortPositionGoToPlatformBtn","chromium-FCA-en-unauthorised","2026-09-30","passed","2026-09-30","","cta/generated.cta.spec.js","",""
"","7393","commodities page | tradingInstrument | shortPositionGoToPlatformBtn","chromium-SCB-mn-unregistered","2026-09-30","passed","2026-09-30","","cta/generated.cta.spec.js","",""
"","8292","interestRates page | tradingInstrument | buyBtn","chromium-SCB-ru-unauthorised","2026-09-30","passed","2026-09-30","","cta/generated.cta.spec.js","",""
"","9876","bonds page | tradingInstrument | tradedBtn","chromium-CySEC-fr-fr-unauthorised","2026-09-30","passed","2026-09-30","","cta/generated.cta.spec.js","",""
"","7721","markets page | tradingInstrument | alertBtn","chromium-ASIC-en-unauthorised","2026-09-30","passed","2026-09-30","","cta/generated.cta.spec.js","",""
"","7471","commodities page | tradingInstrument | alertBtn","chromium-SCB-ru-unauthorised","2026-09-30","passed","2026-09-30","","cta/generated.cta.spec.js","",""
"","5317","interestRates page | tradingInstrument | tradedBtn","chromium-SCB-zh-hans-unregistered","2026-09-30","passed","2026-09-30","","cta/generated.cta.spec.js","",""
"","7518","interestRates page | tradingInstrument | addToFavouriteBtn","chromium-SCB-ar-unregistered","2026-09-30","passed","2026-09-30","","cta/generated.cta.spec.js","",""
"","6932","indices page | tradingInstrument | longPositionGoToPlatformBtn","chromium-CMA-en-unauthorised","2026-09-30","passed","2026-09-30","","cta/generated.cta.spec.js","",""
"","7492","shares page | tradingInstrument | shortPositionGoToPlatformBtn","chromium-ASIC-en-unauthorised","2026-09-30","passed","2026-09-30","","cta/generated.cta.spec.js","",""
"","7886","cryptocurrencies page | tradingInstrument | readyToJoinSignUpBtn","chromium-CySEC-it-it-unauthorised","2026-09-30","passed","2026-09-30","","cta/generated.cta.spec.js","",""
"","7158","cryptocurrencies page | heroBanner | signupBtn","chromium-CySEC-el-gr-unauthorised","2026-09-30","passed","2026-09-30","","cta/generated.cta.spec.js","",""
"","7002","forex page | tradingInstrument | sellBtn","chromium-FCA-en-unauthorised","2026-09-30","passed","2026-09-30","","cta/generated.cta.spec.js","",""
"","7649","interestRates page | tradingInstrument | longPositionGoToPlatformBtn","chromium-SCB-en-unauthorised","2026-09-30","passed","2026-09-30","","cta/generated.cta.spec.js","",""
"","5076","interestRates page | tradingInstrument | longPositionGoToPlatformBtn","chromium-SCB-zh-hans-unauthorised","2026-09-30","passed","2026-09-30","","cta/generated.cta.spec.js","",""
"","8860","indices page | tradingInstrument | addToFavouriteBtn","chromium-CySEC-pl-pl-unauthorised","2026-09-30","passed","2026-09-30","","cta/generated.cta.spec.js","",""
"","9697","cryptocurrencies page | tradingInstrument | buyBtn","chromium-SCB-vi-unauthorised","2026-09-30","passed","2026-09-30","","cta/generated.cta.spec.js","",""
"","8376","markets page | tradingInstrument | addToFavouriteBtn","chromium-SCB-en-unregistered","2026-09-30","passed","2026-09-30","","cta/generated.cta.spec.js","",""
"","8660","indices page | tradingInstrument | longPositionGoToPlatformBtn","chromium-CySEC-hu-hu-unauthorised","2026-09-30","passed","2026-09-30","","cta/generated.cta.spec.js","",""
"","6704","interestRates page | tradingInstrument | viewDetailedChartBtn","chromium-FCA-en-unregistered","2026-09-30","passed","2026-09-30","","cta/generated.cta.spec.js","",""
"","7563","shares page | tradingInstrument | shortPositionGoToPlatformBtn","chromium-SCB-fr-unregistered","2026-09-30","passed","2026-09-30","","cta/generated.cta.spec.js","",""
"","7291","forex page | tradingInstrument | shortPositionGoToPlatformBtn","chromium-CySEC-fr-fr-unregistered","2026-09-30","passed","2026-09-30","","cta/generated.cta.spec.js","",""
"","7339","shares page | tradingInstrument | viewDetailedChartBtn","chromium-CySEC-pl-pl-unregistered","2026-09-30","passed","2026-09-30","","cta/generated.cta.spec.js","",""
"","6280","markets page | heroBanner | signupBtn","chromium-CMA-en-unauthorised","2026-09-30","passed","2026-09-30","","cta/generated.cta.spec.js","",""
"","9306","commodities page | tradingInstrument | tradedBtn","chromium-CySEC-it-it-unregistered","2026-09-30","passed","2026-09-30","","cta/generated.cta.spec.js","",""
"","7348","interestRates page | tradingInstrument | longPositionGoToPlatformBtn","chromium-SCB-de-unregistered","2026-09-30","passed","2026-09-30","","cta/generated.cta.spec.js","",""
"","7690","indices page | tradingInstrument | buyBtn","chromium-SCB-ar-unauthorised","2026-09-30","passed","2026-09-30","","cta/generated.cta.spec.js","",""
"","8198","commodities page | tradingInstrument | sellBtn","chromium-CySEC-it-it-unauthorised","2026-09-30","passed","2026-09-30","","cta/generated.cta.spec.js","",""
"","7196","cryptocurrencies page | heroBanner | signupBtn","chromium-CySEC-el-gr-unregistered","2026-09-30","passed","2026-09-30","","cta/generated.cta.spec.js","",""
"","7551","indices page | tradingInstrument | readyToJoinSignUpBtn","chromium-SCB-fr-unauthorised","2026-09-30","passed","2026-09-30","","cta/generated.cta.spec.js","",""
"","7503","interestRates page | tradingInstrument | addToFavouriteBtn","chromium-SCB-vi-unauthorised","2026-09-30","passed","2026-09-30","","cta/generated.cta.spec.js","",""
"","7862","indices page | tradingInstrument | buyBtn","chromium-CySEC-el-gr-unauthorised","2026-09-30","passed","2026-09-30","","cta/generated.cta.spec.js","",""
"","7946","forex page | tradingInstrument | shortPositionGoToPlatformBtn","chromium-SCB-ar-unauthorised","2026-09-30","passed","2026-09-30","","cta/generated.cta.spec.js","",""
"","7584","indices page | tradingInstrument | sellBtn","chromium-CySEC-de-at-unregistered","2026-09-30","passed","2026-09-30","","cta/generated.cta.spec.js","",""
"","7206","shares page | tradingInstrument | buyBtn","chromium-CMA-en-unregistered","2026-09-30","passed","2026-09-30","","cta/generated.cta.spec.js","",""
"","7379","forex page | tradingInstrument | shortPositionGoToPlatformBtn","chromium-CySEC-pl-pl-unregistered","2026-09-30","passed","2026-09-30","","cta/generated.cta.spec.js","",""
"","7846","shares page | tradingInstrument | shortPositionGoToPlatformBtn","chromium-CySEC-fr-fr-unauthorised","2026-09-30","passed","2026-09-30","","cta/generated.cta.spec.js","",""
"","7923","bonds page | tradingInstrument | buyBtn","chromium-CySEC-it-it-unauthorised","2026-09-30","passed","2026-09-30","","cta/generated.cta.spec.js","",""
"","9193","bonds page | tradingInstrument | alertBtn","chromium-SCB-es-unauthorised","2026-09-30","passed","2026-09-30","","cta/generated.cta.spec.js","",""
"","7580","bonds page | tradingInstrument | sellBtn","chromium-CySEC-nl-nl-unregistered","2026-09-30","passed","2026-09-30","","cta/generated.cta.spec.js","",""
"","7307","forex page | heroBanner | signupBtn","chromium-CySEC-pl-pl-unregistered","2026-09-30","passed","2026-09-30","","cta/generated.cta.spec.js","",""
"","7232","bonds page | tradingInstrument | viewDetailedChartBtn","chromium-SCB-en-unregistered","2026-09-30","passed","2026-09-30","","cta/generated.cta.spec.js","",""
"","7313","bonds page | tradingInstrument | sellBtn","chromium-SCB-ar-unregistered","2026-09-30","passed","2026-09-30","","cta/generated.cta.spec.js","",""
"","7522","commodities page | tradingInstrument | buyBtn","chromium-SCB-zh-hant-unregistered","2026-09-30","passed","2026-09-30","","cta/generated.cta.spec.js","",""
"","7760","markets page | tradingInstrument | sellBtn","chromium-SCB-vi-unauthorised","2026-09-30","passed","2026-09-30","","cta/generated.cta.spec.js","",""
"","7030","interestRates page | tradingInstrument | longPositionGoToPlatformBtn","chromium-CMA-ar-unregistered","2026-09-30","passed","2026-09-30","","cta/generated.cta.spec.js","",""
"","7044","markets page | tradingInstrument | shortPositionGoToPlatformBtn","chromium-CMA-ar-unregistered","2026-09-30","passed","2026-09-30","","cta/generated.cta.spec.js","",""
"","7665","bonds page | tradingInstrument | buyBtn","chromium-CySEC-hu-hu-unauthorised","2026-09-30","passed","2026-09-30","","cta/generated.cta.spec.js","",""
"","6898","interestRates page | heroBanner | signupBtn","chromium-CySEC-el-gr-unauthorised","2026-09-30","passed","2026-09-30","","cta/generated.cta.spec.js","",""
"","7205","markets page | tradingInstrument | alertBtn","chromium-CySEC-en-eu-unregistered","2026-09-30","passed","2026-09-30","","cta/generated.cta.spec.js","",""
"","9989","bonds page | tradingInstrument | tradedBtn","chromium-CySEC-el-gr-unauthorised","2026-09-30","passed","2026-09-30","","cta/generated.cta.spec.js","",""
"","7508","forex page | tradingInstrument | shortPositionGoToPlatformBtn","chromium-CySEC-de-at-unauthorised","2026-09-30","passed","2026-09-30","","cta/generated.cta.spec.js","",""
"","7429","commodities page | tradingInstrument | longPositionGoToPlatformBtn","chromium-CySEC-fr-fr-unregistered","2026-09-30","passed","2026-09-30","","cta/generated.cta.spec.js","",""
"","6360","markets page | heroBanner | signupBtn","chromium-CMA-ar-unauthorised","2026-09-30","passed","2026-09-30","","cta/generated.cta.spec.js","",""
"","7433","interestRates page | tradingInstrument | longPositionGoToPlatformBtn","chromium-CySEC-el-gr-unregistered","2026-09-30","passed","2026-09-30","","cta/generated.cta.spec.js","",""
"","7477","commodities page | heroBanner | signupBtn","chromium-SCB-vi-unregistered","2026-09-30","passed","2026-09-30","","cta/generated.cta.spec.js","",""
"","7517","interestRates page | tradingInstrument | buyBtn","chromium-ASIC-en-unregistered","2026-09-30","passed","2026-09-30","","cta/generated.cta.spec.js","",""
"","7560","cryptocurrencies page | tradingInstrument | readyToJoinSignUpBtn","chromium-CySEC-fr-fr-unauthorised","2026-09-30","passed","2026-09-30","","cta/generated.cta.spec.js","",""
"","9313","shares page | tradingInstrument | tradedBtn","chromium-CySEC-el-gr-unauthorised","2026-09-30","passed","2026-09-30","","cta/generated.cta.spec.js","",""
"","7262","commodities page | tradingInstrument | viewDetailedChartBtn","chromium-SCB-vi-unregistered","2026-09-30","passed","2026-09-30","","cta/generated.cta.spec.js","",""
"","9209","shares page | tradingInstrument | tradedBtn","chromium-CySEC-el-gr-unregistered","2026-09-30","passed","2026-09-30","","cta/generated.cta.spec.js","",""
"","7827","commodities page | tradingInstrument | shortPositionGoToPlatformBtn","chromium-SCB-zh-hant-unauthorised","2026-09-30","passed","2026-09-30","","cta/generated.cta.spec.js","",""
"","7398","indices page | tradingInstrument | shortPositionGoToPlatformBtn","chromium-SCB-vi-unregistered","2026-09-30","passed","2026-09-30","","cta/generated.cta.spec.js","",""
"","7307","cryptocurrencies page | heroBanner | signupBtn","chromium-SCB-ar-unregistered","2026-09-30","passed","2026-09-30","","cta/generated.cta.spec.js","",""
"","3063","markets page | tradingInstrument | alertBtn","chromium-SCB-zh-hans-unregistered","2026-09-30","passed","2026-09-30","","cta/generated.cta.spec.js","",""
"","47","marketAnalysis page | mostTradedMarketsBlock | tradedBtn","chromium-SCB-vi-unauthorised","2026-09-30","skipped","2026-09-30","","cta/generated.cta.spec.js","",""
"","7584","cryptocurrencies page | tradingInstrument | addToFavouriteBtn","chromium-CySEC-en-eu-unregistered","2026-09-30","passed","2026-09-30","","cta/generated.cta.spec.js","",""
"","7151","markets page | tradingInstrument | readyToJoinSignUpBtn","chromium-SCB-vi-unregistered","2026-09-30","passed","2026-09-30","","cta/generated.cta.spec.js","",""
"","7633","cryptocurrencies page | tradingInstrument | shortPositionGoToPlatformBtn","chromium-SCB-de-unregistered","2026-09-30","passed","2026-09-30","","cta/generated.cta.spec.js","",""
"","7838","shares page | tradingInstrument | addToFavouriteBtn","chromium-CySEC-de-de-unauthorised","2026-09-30","passed","2026-09-30","","cta/generated.cta.spec.js","",""
"","8008","cryptocurrencies page | tradingInstrument | longPositionGoToPlatformBtn","chromium-SCB-fr-unauthorised","2026-09-30","passed","2026-09-30","","cta/generated.cta.spec.js","",""
"","8173","commodities page | tradingInstrument | buyBtn","chromium-CySEC-en-eu-unauthorised","2026-09-30","passed","2026-09-30","","cta/generated.cta.spec.js","",""
"","9793","cryptocurrencies page | tradingInstrument | tradedBtn","chromium-CySEC-de-de-unauthorised","2026-09-30","passed","2026-09-30","","cta/generated.cta.spec.js","",""
"","6920","commodities page | tradingInstrument | longPositionGoToPlatformBtn","chromium-CMA-en-unregistered","2026-09-30","passed","2026-09-30","","cta/generated.cta.spec.js","",""
"","9574","markets page | tradingInstrument | tradedBtn","chromium-CySEC-it-it-unauthorised","2026-09-30","passed","2026-09-30","","cta/generated.cta.spec.js","",""
"","7465","interestRates page | tradingInstrument | longPositionGoToPlatformBtn","chromium-ASIC-en-unauthorised","2026-09-30","passed","2026-09-30","","cta/generated.cta.spec.js","",""
"","7402","bonds page | tradingInstrument | buyBtn","chromium-CySEC-de-de-unregistered","2026-09-30","passed","2026-09-30","","cta/generated.cta.spec.js","",""
"","7417","forex page | tradingInstrument | longPositionGoToPlatformBtn","chromium-CySEC-hu-hu-unregistered","2026-09-30","passed","2026-09-30","","cta/generated.cta.spec.js","",""
"","7664","bonds page | tradingInstrument | addToFavouriteBtn","chromium-SCB-zh-hant-unauthorised","2026-09-30","passed","2026-09-30","","cta/generated.cta.spec.js","",""
"","6770","marketPricing page | readyToJoinBlock | signupBtn","chromium-CySEC-ro-ro-unauthorised","2026-09-30","passed","2026-09-30","","cta/generated.cta.spec.js","",""
"","7345","shares page | tradingInstrument | sellBtn","chromium-SCB-ru-unregistered","2026-09-30","passed","2026-09-30","","cta/generated.cta.spec.js","",""
"","7143","indices page | tradingInstrument | viewDetailedChartBtn","chromium-CySEC-pl-pl-unregistered","2026-09-30","passed","2026-09-30","","cta/generated.cta.spec.js","",""
"","7056","interestRates page | tradingInstrument | readyToJoinSignUpBtn","chromium-SCB-en-unregistered","2026-09-30","passed","2026-09-30","","cta/generated.cta.spec.js","",""
"","7580","forex page | tradingInstrument | shortPositionGoToPlatformBtn","chromium-ASIC-en-unauthorised","2026-09-30","passed","2026-09-30","","cta/generated.cta.spec.js","",""
"","9067","interestRates page | tradingInstrument | readyToJoinSignUpBtn","chromium-CySEC-hu-hu-unauthorised","2026-09-30","passed","2026-09-30","","cta/generated.cta.spec.js","",""
"","7528","markets page | heroBanner | signupBtn","chromium-CySEC-en-eu-unregistered","2026-09-30","passed","2026-09-30","","cta/generated.cta.spec.js","",""
"","7172","forex page | tradingInstrument | readyToJoinSignUpBtn","chromium-CySEC-hu-hu-unregistered","2026-09-30","passed","2026-09-30","","cta/generated.cta.spec.js","",""
"","7682","bonds page | tradingInstrument | viewDetailedChartBtn","chromium-SCB-fr-unauthorised","2026-09-30","passed","2026-09-30","","cta/generated.cta.spec.js","",""
"","6788","markets page | tradingInstrument | alertBtn","chromium-CMA-ar-unauthorised","2026-09-30","passed","2026-09-30","","cta/generated.cta.spec.js","",""
"","7614","cryptocurrencies page | tradingInstrument | viewDetailedChartBtn","chromium-ASIC-en-unregistered","2026-09-30","passed","2026-09-30","","cta/generated.cta.spec.js","",""
"","7436","commodities page | tradingInstrument | buyBtn","chromium-SCB-en-unregistered","2026-09-30","passed","2026-09-30","","cta/generated.cta.spec.js","",""
"","7042","bonds page | tradingInstrument | readyToJoinSignUpBtn","chromium-CySEC-en-eu-unregistered","2026-09-30","passed","2026-09-30","","cta/generated.cta.spec.js","",""
"","7202","interestRates page | tradingInstrument | shortPositionGoToPlatformBtn","chromium-SCB-mn-unregistered","2026-09-30","passed","2026-09-30","","cta/generated.cta.spec.js","",""
"","7606","interestRates page | tradingInstrument | viewDetailedChartBtn","chromium-CySEC-el-gr-unauthorised","2026-09-30","passed","2026-09-30","","cta/generated.cta.spec.js","",""
"","8866","indices page | tradingInstrument | addToFavouriteBtn","chromium-CySEC-hu-hu-unregistered","2026-09-30","passed","2026-09-30","","cta/generated.cta.spec.js","",""
"","7785","indices page | tradingInstrument | buyBtn","chromium-CySEC-fr-fr-unauthorised","2026-09-30","passed","2026-09-30","","cta/generated.cta.spec.js","",""
"","7798","forex page | tradingInstrument | sellBtn","chromium-CySEC-ro-ro-unauthorised","2026-09-30","passed","2026-09-30","","cta/generated.cta.spec.js","",""
"","7092","interestRates page | tradingInstrument | viewDetailedChartBtn","chromium-CySEC-de-at-unregistered","2026-09-30","passed","2026-09-30","","cta/generated.cta.spec.js","",""
"","7612","bonds page | tradingInstrument | buyBtn","chromium-ASIC-en-unauthorised","2026-09-30","passed","2026-09-30","","cta/generated.cta.spec.js","",""
"","9237","forex page | tradingInstrument | tradedBtn","chromium-ASIC-en-unauthorised","2026-09-30","passed","2026-09-30","","cta/generated.cta.spec.js","",""
"","6953","interestRates page | tradingInstrument | readyToJoinSignUpBtn","chromium-CMA-ar-unregistered","2026-09-30","passed","2026-09-30","","cta/generated.cta.spec.js","",""
"","8904","bonds page | tradingInstrument | longPositionGoToPlatformBtn","chromium-SCB-es-unauthorised","2026-09-30","passed","2026-09-30","","cta/generated.cta.spec.js","",""
"","7366","bonds page | tradingInstrument | buyBtn","chromium-CySEC-ro-ro-unregistered","2026-09-30","passed","2026-09-30","","cta/generated.cta.spec.js","",""
"","7042","bonds page | heroBanner | signupBtn","chromium-SCB-ru-unregistered","2026-09-30","passed","2026-09-30","","cta/generated.cta.spec.js","",""
"","7489","shares page | tradingInstrument | alertBtn","chromium-CySEC-el-gr-unauthorised","2026-09-30","passed","2026-09-30","","cta/generated.cta.spec.js","",""
"","6948","forex page | tradingInstrument | sellBtn","chromium-CMA-ar-unauthorised","2026-09-30","passed","2026-09-30","","cta/generated.cta.spec.js","",""
"","6607","forex page | heroBanner | signupBtn","chromium-FCA-en-unregistered","2026-09-30","passed","2026-09-30","","cta/generated.cta.spec.js","",""
"","7585","indices page | tradingInstrument | buyBtn","chromium-CySEC-de-at-unregistered","2026-09-30","passed","2026-09-30","","cta/generated.cta.spec.js","",""
"","6971","commodities page | tradingInstrument | shortPositionGoToPlatformBtn","chromium-CMA-en-unregistered","2026-09-30","passed","2026-09-30","","cta/generated.cta.spec.js","",""
"","8028","interestRates page | tradingInstrument | sellBtn","chromium-CySEC-it-it-unauthorised","2026-09-30","passed","2026-09-30","","cta/generated.cta.spec.js","",""
"","7750","forex page | tradingInstrument | buyBtn","chromium-CySEC-el-gr-unregistered","2026-09-30","passed","2026-09-30","","cta/generated.cta.spec.js","",""
"","7387","indices page | tradingInstrument | viewDetailedChartBtn","chromium-SCB-zh-hant-unauthorised","2026-09-30","passed","2026-09-30","","cta/generated.cta.spec.js","",""
"","7131","commodities page | tradingInstrument | readyToJoinSignUpBtn","chromium-CySEC-hu-hu-unregistered","2026-09-30","passed","2026-09-30","","cta/generated.cta.spec.js","",""
"","7003","interestRates page | tradingInstrument | shortPositionGoToPlatformBtn","chromium-CMA-ar-unregistered","2026-09-30","passed","2026-09-30","","cta/generated.cta.spec.js","",""
"","7655","bonds page | tradingInstrument | shortPositionGoToPlatformBtn","chromium-SCB-vi-unauthorised","2026-09-30","passed","2026-09-30","","cta/generated.cta.spec.js","",""
"","7478","shares page | tradingInstrument | sellBtn","chromium-SCB-en-unregistered","2026-09-30","passed","2026-09-30","","cta/generated.cta.spec.js","",""
"","7870","commodities page | tradingInstrument | shortPositionGoToPlatformBtn","chromium-SCB-de-unauthorised","2026-09-30","passed","2026-09-30","","cta/generated.cta.spec.js","",""
